# Boro (B) - saggio alla fiamma, USB2000 S/N USB2G16606
# registrazione: fb2_usb2000_spettrogramma_20260921_163915,
# selezione: media delle 12 righe piu intense in 510-555 nm (su 20),
# integrazione: 200 ms · rumore: 0.26 conteggi,
# fondo strumentale sottratto; punte di 1-2 pixel rimosse,
# contributo C2 della fiamma tra 591 e 651,584 nm rimosso in prova; coda della banda a 579 nm raccordata al fondo entro 600 nm e fondo ricostruito senza deriva da un tratto vicino privo di segnali,
# cancellato Na a 589 nm +-5 nm (c'era un picco da 4 conteggi),
wavelength_nm,intensity_counts
176.507,0.32867
176.894,0.01533
177.28,-0.05883
177.667,0.04783
178.054,0.29700
178.44,0.22450
178.827,-0.26050
179.213,0.01867
179.599,0.20783
179.986,-0.05883
180.372,-0.25633
180.758,0.02200
181.144,0.12617
181.53,-0.14217
181.917,-0.13467
182.303,-0.21467
182.689,0.31283
183.075,0.13283
183.461,-0.26383
183.847,0.06783
184.232,0.06033
184.618,-0.07717
185.004,-0.01300
185.39,0.36450
185.776,0.11450
186.161,0.19200
186.547,-0.05467
186.933,0.12783
187.318,-0.04383
187.704,-0.02467
188.089,0.30117
188.475,-0.05300
188.86,0.25200
189.245,0.25117
189.631,0.40533
190.016,0.39283
190.401,0.28033
190.787,0.26867
191.172,0.09783
191.557,-0.29300
191.942,0.19367
192.327,-0.24133
192.712,-0.53550
193.097,-0.03800
193.482,0.00783
193.867,-0.32633
194.252,-0.33800
194.637,-0.39217
195.022,-0.50467
195.406,-0.37217
195.791,-0.24383
196.176,0.17033
196.56,0.29450
196.945,0.22783
197.33,0.10617
197.714,-0.15633
198.099,-0.45050
198.483,-0.29133
198.868,-0.15967
199.252,-0.42883
199.636,-0.26300
200.02,0.19950
200.405,0.05533
200.789,0.04533
201.173,0.02617
201.557,-0.09800
201.941,-0.10633
202.325,-0.10717
202.709,-0.50967
203.093,-0.33467
203.477,-0.47633
203.861,-0.91300
204.245,-0.80717
204.629,-0.25883
205.013,0.09783
205.397,0.25783
205.78,0.73200
206.164,0.28533
206.548,0.04367
206.931,-0.01717
207.315,0.14867
207.698,0.03283
208.082,0.03700
208.465,-0.07550
208.848,-0.02133
209.232,0.03950
209.615,0.06033
209.998,0.32783
210.382,0.15700
210.765,0.16700
211.148,0.21200
211.531,0.24867
211.914,0.72683
212.297,0.42367
212.68,0.41867
213.063,-0.22883
213.446,-0.42133
213.829,0.19533
214.212,0.31950
214.595,0.42033
214.977,0.26783
215.36,0.20700
215.743,-0.25883
216.125,-0.28217
216.508,0.07117
216.891,0.09450
217.273,0.41617
217.656,0.27200
218.038,0.15950
218.42,-0.20717
218.803,0.01617
219.185,0.18117
219.567,1.12325
219.95,0.66617
220.332,0.85967
220.714,0.61067
221.096,0.51867
221.478,0.50200
221.86,0.20117
222.242,0.41450
222.624,0.04783
223.006,-0.03467
223.388,0.23033
223.77,-0.06633
224.152,0.23950
224.534,0.11450
224.915,0.14450
225.297,0.32033
225.679,0.26283
226.06,-0.23050
226.442,0.00867
226.823,-0.08217
227.205,0.44533
227.587,0.41117
227.968,0.39783
228.349,0.06367
228.731,0.14867
229.112,0.46283
229.493,-0.12217
229.874,0.05533
230.256,0.01283
230.637,-0.17133
231.018,0.35783
231.399,-0.11133
231.78,0.12783
232.161,0.26450
232.542,0.39450
232.923,0.19283
233.304,0.04283
233.685,0.06200
234.065,0.42033
234.446,0.12033
234.827,-0.01717
235.207,0.24950
235.588,0.15783
235.969,0.80783
236.349,0.63533
236.73,0.51617
237.11,0.32033
237.491,0.39117
237.871,0.21950
238.251,-0.10633
238.632,-0.22967
239.012,0.17700
239.392,-0.05633
239.772,0.01867
240.153,-0.02300
240.533,-0.18883
240.913,-0.20133
241.293,-0.40133
241.673,-0.09133
242.053,0.24700
242.433,-0.40217
242.813,-0.70050
243.192,-0.52717
243.572,0.13283
243.952,1.01475
244.332,0.96067
244.711,0.45283
245.091,0.37700
245.471,0.17867
245.85,-0.00217
246.23,0.03283
246.609,-0.32383
246.989,-0.24383
247.368,-0.19300
247.747,-0.41717
248.127,-0.31717
248.506,1.21567
248.885,1.22817
249.264,0.73700
249.644,0.05450
250.023,-0.59050
250.402,-0.46717
250.781,-0.41800
251.16,0.17367
251.539,0.03450
251.918,0.00867
252.297,0.09867
252.675,-0.03633
253.054,-0.11967
253.433,-0.00217
253.812,0.09033
254.19,-0.48050
254.569,-0.45883
254.948,-0.32217
255.326,-0.10550
255.705,0.08867
256.083,0.19533
256.462,0.35283
256.84,0.47783
257.219,0.56117
257.597,0.10617
257.975,0.14033
258.353,-0.60550
258.731,0.03867
259.11,0.08700
259.488,-0.34633
259.866,-0.20967
260.244,0.72842
260.622,0.64333
261,0.25283
261.378,0.17200
261.756,0.09450
262.134,0.57717
262.511,0.76417
262.889,-0.27300
263.267,-0.07025
263.645,0.86558
264.022,0.74667
264.4,0.28617
264.777,0.12367
265.155,0.13867
265.532,0.46867
265.91,0.48950
266.287,0.49533
266.665,0.53867
267.042,0.54117
267.419,0.36617
267.796,0.60700
268.174,0.44033
268.551,0.54117
268.928,0.45200
269.305,0.56117
269.682,0.42200
270.059,0.55200
270.436,0.39450
270.813,-0.18467
271.19,0.14867
271.567,0.03200
271.943,0.54533
272.32,0.07450
272.697,0.16200
273.074,0.61783
273.45,0.34450
273.827,-0.12133
274.204,0.58283
274.58,0.35367
274.957,0.31533
275.333,0.81033
275.709,0.36783
276.086,0.27033
276.462,0.02117
276.838,0.04033
277.214,0.18367
277.591,0.46617
277.967,0.50283
278.343,-0.11383
278.719,0.15700
279.095,0.05783
279.471,0.49117
279.847,0.31200
280.223,-0.13467
280.599,-0.00717
280.975,0.39950
281.351,-0.07967
281.726,0.02450
282.102,-0.08383
282.478,-0.04050
282.853,0.00950
283.229,-0.06217
283.604,0.37033
283.98,0.29450
284.355,0.34867
284.731,-0.46467
285.106,-0.00133
285.482,0.11117
285.857,-0.17800
286.232,0.03283
286.607,0.61617
286.983,0.58533
287.358,0.19533
287.733,0.39950
288.108,0.58700
288.483,0.21033
288.858,0.21533
289.233,0.59950
289.608,0.70617
289.983,0.78117
290.358,0.59950
290.732,0.39450
291.107,0.22867
291.482,-0.43217
291.856,0.72567
292.231,0.62850
292.606,0.41033
292.98,0.36867
293.355,0.18367
293.729,0.04033
294.104,0.38867
294.478,0.44450
294.852,-0.14633
295.227,0.12033
295.601,0.04033
295.975,0.00700
296.349,0.30700
296.723,0.38283
297.098,0.80467
297.472,0.91233
297.846,0.52200
298.219,1.03450
298.594,0.26450
298.967,0.18033
299.341,0.25783
299.715,0.20283
300.089,0.71117
300.463,0.64533
300.836,0.83200
301.21,0.26117
301.584,0.27867
301.957,-0.16550
302.331,-0.08883
302.704,0.34783
303.077,0.54033
303.451,0.27283
303.824,-0.04383
304.198,-0.01383
304.571,0.51867
304.944,0.40367
305.317,0.46950
305.691,0.63033
306.064,0.67867
306.437,1.15200
306.81,1.30367
307.183,1.16117
307.556,0.68200
307.929,0.27783
308.302,0.62867
308.674,0.76033
309.047,0.77783
309.42,0.44450
309.793,0.67867
310.165,0.54367
310.538,0.42867
310.911,0.55367
311.283,0.23867
311.656,0.36700
312.028,0.58450
312.401,0.53283
312.773,0.56200
313.145,0.83700
313.518,0.72033
313.89,0.42867
314.262,0.66117
314.634,1.19950
315.006,1.06200
315.378,1.21617
315.751,0.79950
316.123,0.53200
316.495,0.68617
316.866,0.29450
317.238,0.43283
317.61,0.71200
317.982,0.65700
318.354,1.12033
318.726,0.54117
319.097,0.58283
319.469,0.94867
319.841,0.62617
320.212,0.44450
320.584,0.53033
320.955,0.33283
321.327,0.81950
321.698,0.84950
322.069,0.47033
322.441,0.09117
322.812,0.05700
323.183,0.21950
323.555,0.09367
323.926,0.65700
324.297,0.65783
324.668,0.27867
325.039,0.30283
325.41,0.33617
325.781,1.39667
326.152,0.81617
326.523,0.92508
326.894,1.03817
327.264,1.14867
327.635,0.83950
328.006,0.82783
328.376,1.16283
328.747,1.03950
329.118,0.65700
329.488,0.81533
329.859,0.74450
330.229,0.53117
330.599,0.76950
330.97,0.76617
331.34,0.74867
331.711,0.95367
332.081,0.93617
332.451,0.84033
332.821,0.95450
333.191,1.64317
333.562,1.06167
333.932,1.41117
334.301,0.78700
334.671,0.77033
335.041,0.75367
335.411,0.86533
335.781,0.99617
336.151,0.78450
336.521,0.84950
336.89,0.66617
337.26,0.61867
337.63,0.53117
337.999,0.41033
338.369,0.72283
338.738,0.93367
339.108,0.84450
339.477,1.03033
339.847,0.93617
340.216,1.13283
340.586,0.88117
340.955,0.56700
341.324,0.86200
341.693,1.16367
342.062,1.22367
342.431,0.90700
342.8,0.59950
343.17,0.93700
343.538,1.13617
343.907,1.37200
344.276,0.60783
344.645,0.55950
345.014,0.63700
345.383,0.94283
345.752,0.88700
346.12,0.71367
346.489,1.35950
346.858,1.35367
347.226,1.00867
347.595,0.99450
347.963,1.13700
348.332,1.14117
348.7,0.93200
349.068,0.95200
349.437,0.78117
349.805,0.80783
350.173,0.89450
350.541,0.75450
350.909,0.89867
351.278,0.72783
351.646,0.67367
352.014,1.16617
352.382,1.38283
352.75,1.51200
353.118,1.31867
353.485,1.05617
353.853,1.13200
354.221,1.13533
354.589,0.89450
354.957,0.54117
355.324,1.17867
355.692,1.22450
356.059,1.05533
356.427,1.25200
356.794,1.04867
357.162,1.53617
357.529,1.54117
357.897,1.14867
358.264,0.82617
358.631,1.14617
358.998,0.80033
359.366,0.70700
359.733,0.70200
360.1,1.01950
360.467,0.97283
360.834,1.14450
361.201,1.51200
361.568,1.31617
361.935,1.15617
362.302,0.99533
362.669,1.26867
363.035,1.05700
363.402,1.00783
363.769,1.07200
364.135,1.05783
364.502,1.24783
364.869,1.31117
365.235,1.24367
365.602,1.04367
365.968,1.07033
366.335,1.39533
366.701,1.47283
367.067,1.44200
367.434,1.50700
367.8,1.23283
368.166,1.23117
368.532,1.53700
368.898,1.36200
369.264,1.27367
369.63,0.98617
369.996,1.20783
370.362,1.09867
370.728,1.22617
371.094,1.09117
371.46,1.12033
371.826,0.97367
372.192,1.27867
372.557,1.10200
372.923,1.17033
373.288,1.16783
373.654,1.95783
374.02,1.87117
374.385,1.54783
374.751,1.48783
375.116,1.40783
375.481,1.20533
375.847,1.30783
376.212,1.74867
376.577,1.80200
376.942,1.73117
377.308,1.52200
377.673,1.26950
378.038,1.34283
378.403,1.48950
378.768,1.30783
379.133,1.34117
379.498,1.55367
379.863,1.59117
380.227,1.74117
380.592,1.49033
380.957,2.01200
381.322,2.10450
381.686,1.75283
382.051,1.91950
382.415,1.77367
382.78,2.14117
383.144,1.99867
383.509,1.74450
383.873,1.69367
384.238,2.14867
384.602,1.89450
384.966,1.24117
385.33,1.33283
385.695,1.22450
386.059,1.42033
386.423,1.60950
386.787,1.71367
387.151,0.86200
387.515,1.29950
387.879,1.37283
388.243,1.26117
388.607,1.39950
388.971,1.59033
389.334,1.76533
389.698,1.92283
390.062,1.82700
390.425,1.24450
390.789,1.26283
391.153,1.56700
391.516,1.33117
391.88,1.68450
392.243,1.93283
392.606,1.80367
392.97,2.07283
393.333,2.17200
393.697,2.19950
394.06,2.19950
394.423,2.46950
394.786,2.43200
395.149,2.18283
395.512,1.79783
395.875,2.12867
396.238,2.19033
396.601,2.31700
396.964,2.16700
397.327,2.39533
397.69,2.34533
398.053,2.08617
398.415,2.11950
398.778,2.26200
399.14,2.45950
399.503,2.28950
399.866,1.97367
400.228,2.31867
400.591,2.14450
400.953,2.43950
401.315,2.59117
401.678,2.98700
402.04,2.48533
402.402,2.50783
402.765,2.98533
403.127,2.51367
403.489,2.48617
403.851,2.38033
404.213,2.40450
404.575,2.51200
404.937,2.35950
405.299,2.51950
405.661,3.18450
406.023,3.26283
406.385,2.88867
406.746,2.46117
407.108,2.24700
407.47,2.59533
407.831,2.86700
408.193,2.51450
408.554,3.09783
408.916,2.95283
409.277,2.80450
409.639,2.63283
410,2.53117
410.361,2.74533
410.723,2.46533
411.084,2.81450
411.445,2.84533
411.806,2.92033
412.168,2.83950
412.529,2.70783
412.89,3.51617
413.251,3.01033
413.612,3.05283
413.973,2.82817
414.333,2.95367
414.694,3.10367
415.055,3.16867
415.416,3.09117
415.776,3.22450
416.137,3.18283
416.498,3.23700
416.858,3.32033
417.219,3.34033
417.579,3.15450
417.94,3.05200
418.3,3.24867
418.66,3.34950
419.021,2.94533
419.381,2.63200
419.741,2.74867
420.101,3.09783
420.462,3.62367
420.822,3.54450
421.182,2.79450
421.542,2.79033
421.902,3.33117
422.262,3.64367
422.622,3.29783
422.981,2.66042
423.341,2.40450
423.701,2.71617
424.061,2.67283
424.42,2.72783
424.78,2.95367
425.14,2.86617
425.499,2.72033
425.859,2.63283
426.218,2.77283
426.577,2.78867
426.937,2.62033
427.296,2.68450
427.656,3.08033
428.015,2.63417
428.374,3.31350
428.733,2.88617
429.092,2.54200
429.451,3.09950
429.81,3.19783
430.169,3.19867
430.528,3.04117
430.887,3.39950
431.246,3.54033
431.605,3.68450
431.964,3.62867
432.322,3.47283
432.681,3.25200
433.04,3.43700
433.398,3.60783
433.757,4.01117
434.115,3.93117
434.474,3.77200
434.832,3.59033
435.191,3.76992
435.549,3.15075
435.908,3.74533
436.266,3.49367
436.624,4.17533
436.982,3.73200
437.34,4.12867
437.698,3.63450
438.056,3.97200
438.414,3.75283
438.772,3.98617
439.13,4.23950
439.488,3.81200
439.846,3.82450
440.204,3.39033
440.562,3.64617
440.919,3.55367
441.277,3.79117
441.635,3.23867
441.992,2.87783
442.35,3.39783
442.707,4.25367
443.065,3.93700
443.422,3.88200
443.779,3.75783
444.137,3.85783
444.494,3.56283
444.851,3.13617
445.209,3.69033
445.566,4.49117
445.923,4.19117
446.28,4.12033
446.637,4.32617
446.994,4.88200
447.351,5.28700
447.708,5.47783
448.065,5.41617
448.421,5.62367
448.778,5.77367
449.135,5.90950
449.492,5.89450
449.848,5.93533
450.205,5.86867
450.561,6.25450
450.918,6.36533
451.274,6.28950
451.631,6.50367
451.987,6.72783
452.344,6.58033
452.7,6.27367
453.056,6.25700
453.412,6.58700
453.768,6.43700
454.125,6.01783
454.481,5.91283
454.837,6.11783
455.193,5.43450
455.549,5.11033
455.904,4.66533
456.26,4.88533
456.616,5.24783
456.972,4.94533
457.328,3.94867
457.683,4.24533
458.039,4.21617
458.395,4.14950
458.75,4.02033
459.106,4.22950
459.461,4.59117
459.817,3.88450
460.172,3.88033
460.527,4.01783
460.883,3.66617
461.238,3.73450
461.593,4.05117
461.948,4.29033
462.303,4.53617
462.659,4.04867
463.014,4.42033
463.369,4.87617
463.724,4.97367
464.079,5.30367
464.433,5.79367
464.788,6.13533
465.143,6.67450
465.498,7.36450
465.852,7.86033
466.207,8.44783
466.562,9.39950
466.916,10.70950
467.271,11.56200
467.625,12.22617
467.98,12.91033
468.334,13.66617
468.688,14.63117
469.043,14.87450
469.397,16.29617
469.751,16.91533
470.106,18.28533
470.46,18.56200
470.814,19.03367
471.168,18.98700
471.522,19.32867
471.876,19.03700
472.23,18.79450
472.584,18.42033
472.937,18.63950
473.291,17.37200
473.645,17.23950
473.999,16.37283
474.352,15.77450
474.706,15.79450
475.06,15.25700
475.413,15.23033
475.767,15.05783
476.12,12.97033
476.473,12.72117
476.827,12.56783
477.18,12.13783
477.533,11.25283
477.887,10.73117
478.24,10.63533
478.593,10.17783
478.946,10.56283
479.299,10.12783
479.652,9.64033
480.005,9.53283
480.358,9.44283
480.711,9.16700
481.064,9.29617
481.416,9.10450
481.769,9.25117
482.122,8.90283
482.474,9.22700
482.827,9.16783
483.18,9.47950
483.532,9.62450
483.885,10.34783
484.237,10.43367
484.589,10.87783
484.942,11.03200
485.294,12.54950
485.647,13.44533
485.999,13.70200
486.351,14.79533
486.703,16.60617
487.055,17.59533
487.407,19.29033
487.759,21.03617
488.111,24.35200
488.463,25.84117
488.815,27.88950
489.167,30.36117
489.519,33.94950
489.87,36.74950
490.222,37.64867
490.574,40.19450
490.925,40.28617
491.277,41.47033
491.628,41.10742
491.98,41.38367
492.331,42.60617
492.683,43.12700
493.034,43.90783
493.385,43.90200
493.737,44.84617
494.088,44.83283
494.439,44.01033
494.79,44.37367
495.141,43.31200
495.492,43.19533
495.843,40.37367
496.194,39.89950
496.545,37.37450
496.896,36.30700
497.247,35.25700
497.598,34.21617
497.948,31.98950
498.299,30.82867
498.65,28.72617
499,26.93783
499.351,27.28283
499.702,25.89950
500.052,24.74117
500.402,23.54950
500.753,22.89950
501.103,22.11950
501.454,21.24950
501.804,20.48867
502.154,19.93867
502.504,19.63450
502.854,19.30283
503.204,15.91200
503.554,16.46533
503.904,16.50283
504.254,17.45700
504.604,17.28617
504.954,17.32117
505.304,18.19367
505.654,18.08033
506.003,17.97200
506.353,19.21783
506.703,19.99700
507.052,20.29117
507.402,21.25283
507.751,21.39033
508.101,23.01450
508.45,24.88450
508.8,26.19867
509.149,26.48867
509.498,29.34700
509.848,32.95617
510.197,33.84367
510.546,37.04867
510.895,41.23033
511.244,42.44367
511.593,46.86492
511.942,47.44450
512.291,49.16450
512.64,62.01450
512.989,69.25783
513.338,69.73408
513.687,79.27700
514.035,79.08783
514.384,79.91117
514.732,94.91367
515.081,101.99033
515.43,108.65200
515.778,112.88200
516.127,117.51283
516.475,120.55367
516.823,120.63950
517.172,122.82283
517.52,122.73700
517.868,122.58033
518.216,120.31450
518.565,118.82283
518.913,115.19533
519.261,110.16533
519.609,106.47950
519.957,102.01117
520.305,96.32033
520.653,93.69117
521,90.75783
521.348,86.17533
521.696,84.22283
522.044,80.87867
522.391,75.21617
522.739,71.67617
523.087,67.72783
523.434,63.53283
523.782,62.08700
524.129,52.25950
524.476,50.73450
524.824,47.18283
525.171,43.84783
525.518,41.89867
525.865,38.12783
526.213,34.56533
526.56,27.00367
526.907,23.03492
527.254,26.25200
527.601,26.39867
527.948,25.69033
528.295,24.19283
528.642,24.20117
528.989,21.92283
529.335,22.19450
529.682,21.62867
530.029,21.25783
530.375,21.49117
530.722,20.75783
531.069,20.06617
531.415,19.99533
531.761,19.61950
532.108,19.26117
532.454,19.64867
532.801,20.08533
533.147,21.13283
533.493,21.08700
533.839,21.84950
534.186,21.72033
534.532,21.60783
534.878,21.67867
535.224,22.12867
535.57,22.59450
535.916,24.35117
536.262,24.89450
536.607,25.92783
536.953,27.03117
537.299,27.71700
537.645,29.45700
537.99,30.69533
538.336,33.32450
538.682,36.63617
539.027,39.53867
539.373,41.72950
539.718,44.62033
540.063,51.30700
540.409,52.89533
540.754,56.82450
541.1,63.82867
541.445,71.27533
541.79,72.69117
542.135,82.03617
542.48,84.19200
542.825,94.20200
543.17,98.00700
543.515,102.99033
543.86,110.32867
544.205,117.99450
544.55,122.65117
544.894,129.64617
545.239,134.63283
545.584,143.12783
545.929,148.87533
546.273,156.52200
546.618,164.13283
546.962,164.50783
547.307,164.52700
547.651,163.26200
547.995,156.95783
548.34,150.63700
548.684,140.07450
549.028,131.34867
549.373,99.39033
549.717,98.99617
550.061,98.68450
550.405,88.71158
550.749,88.74117
551.093,80.04533
551.437,76.04533
551.781,69.78367
552.125,64.00367
552.468,58.47783
552.812,55.25533
553.156,52.78200
553.5,47.77783
553.843,44.41950
554.187,41.03533
554.53,38.94117
554.874,37.90283
555.217,37.12450
555.561,34.18783
555.904,33.22783
556.247,31.79033
556.591,30.38617
556.934,30.18617
557.277,28.90783
557.62,28.10367
557.963,28.33533
558.306,27.67450
558.649,26.27033
558.992,25.33450
559.335,24.16867
559.678,22.96533
560.021,23.98033
560.364,23.70867
560.706,23.47533
561.049,22.71117
561.391,22.69200
561.734,21.96783
562.077,22.28617
562.419,21.79283
562.762,21.64533
563.104,21.31867
563.446,21.75700
563.789,21.35450
564.131,21.46450
564.473,20.78617
564.816,20.20700
565.158,20.74533
565.5,20.43533
565.842,19.83033
566.184,19.55450
566.526,20.01617
566.868,19.76783
567.21,18.80950
567.551,18.55867
567.893,18.87700
568.235,19.26283
568.577,18.65867
568.918,18.78617
569.26,18.81533
569.601,18.91117
569.943,20.12700
570.284,19.64367
570.626,20.75200
570.967,19.66117
571.308,20.29033
571.65,20.17200
571.991,20.77450
572.332,20.17242
572.673,18.07825
573.014,21.47700
573.356,23.87700
573.697,25.01450
574.038,27.05450
574.379,29.58117
574.719,33.63533
575.06,36.26533
575.401,39.97200
575.742,45.61200
576.082,49.44533
576.423,51.77450
576.764,55.38783
577.104,57.05033
577.445,59.69033
577.785,61.37700
578.126,62.15533
578.466,63.13367
578.807,62.70700
579.147,62.81033
579.487,61.69617
579.827,61.60617
580.167,61.13450
580.508,60.45867
580.848,60.26200
581.188,57.31200
581.528,56.91117
581.868,52.30700
582.207,50.20950
582.547,51.02033
582.887,50.96200
583.227,50.34617
583.567,49.84367
583.906,48.10283
584.246,45.76824
584.585,43.70663
584.925,42.60787
585.264,40.63043
585.604,39.20864
585.943,38.17953
586.283,37.16231
586.622,35.81363
586.961,34.13487
587.3,32.73433
587.64,31.64088
587.979,30.55353
588.318,28.69298
588.657,27.97376
588.996,26.45523
589.335,25.32974
589.674,24.12192
590.013,22.92392
590.351,21.85384
590.69,20.75900
591.029,19.45850
591.367,19.38396
591.706,19.17193
592.045,18.83043
592.383,18.38413
592.722,17.83811
593.06,17.16768
593.399,16.38495
593.737,15.54112
594.075,14.68133
594.413,13.72508
594.752,12.67013
595.09,11.59440
595.428,10.65309
595.766,9.72344
596.104,8.54481
596.442,7.38563
596.78,6.32019
597.118,5.36906
597.456,4.71528
597.794,3.64651
598.131,3.09543
598.469,2.58044
598.807,2.47084
599.144,2.21054
599.482,1.87231
599.819,1.68712
600.157,1.53573
600.494,1.54621
600.832,1.45428
601.169,1.16132
601.506,1.10596
601.844,1.48367
602.181,1.54336
602.518,1.19284
602.855,1.10181
603.192,1.30802
603.529,1.32995
603.866,1.33158
604.203,1.23571
604.54,1.43082
604.877,1.18441
605.214,0.93581
605.551,1.02673
605.887,0.98020
606.224,0.90241
606.561,1.22310
606.897,1.34340
607.234,1.23636
607.57,1.32094
607.907,1.41626
608.243,1.03643
608.58,1.24224
608.916,1.09852
609.252,0.96839
609.588,1.07611
609.924,1.21461
610.26,0.84048
610.597,1.16868
610.933,1.43453
611.269,0.96009
611.605,1.06991
611.941,0.91858
612.276,0.72217
612.612,0.47165
612.948,1.04996
613.284,1.42750
613.619,1.48091
613.955,1.45469
614.29,1.29085
614.626,1.80827
614.962,1.70249
615.297,2.03930
615.632,1.51939
615.968,1.07494
616.303,1.36359
616.638,1.88669
616.973,1.69958
617.309,1.58035
617.644,2.03751
617.979,2.31921
618.314,2.22592
618.649,2.04925
618.984,1.91869
619.319,1.91570
619.653,2.05436
619.988,2.14666
620.323,1.83283
620.658,1.57901
620.992,1.67647
621.327,1.93417
621.662,2.00004
621.996,1.80888
622.331,1.57544
622.665,1.82259
622.999,2.04050
623.334,1.89001
623.668,2.04520
624.002,2.22558
624.336,1.79210
624.671,1.71784
625.005,1.69593
625.339,2.00908
625.673,1.89446
626.007,1.56736
626.341,1.21539
626.675,1.48920
627.008,1.73558
627.342,1.88543
627.676,1.78108
628.01,1.59641
628.343,1.23824
628.677,1.25072
629.01,1.30347
629.344,1.62455
629.677,1.49408
630.011,1.24288
630.344,1.01676
630.678,1.12733
631.011,1.30524
631.344,1.31093
631.677,1.15934
632.01,1.17099
632.343,1.03776
632.677,1.13381
633.01,1.32605
633.342,1.10710
633.675,1.06238
634.008,1.12902
634.341,0.94676
634.674,0.86019
635.007,1.15650
635.339,1.14542
635.672,1.04638
636.005,0.94586
636.337,1.01044
636.67,0.97287
637.002,1.02018
637.334,1.35123
637.667,1.97150
637.999,1.33399
638.331,1.02465
638.664,1.24659
638.996,0.76944
639.328,1.37373
639.66,1.25567
639.992,1.10886
640.324,0.85344
640.656,0.87567
640.988,0.77006
641.32,0.78259
641.652,1.08572
641.983,1.20122
642.315,1.31532
642.647,1.19131
642.978,0.96833
643.31,1.34905
643.641,1.82007
643.973,1.37595
644.304,1.15782
644.636,1.30371
644.967,1.21704
645.298,0.96959
645.63,0.87283
645.961,0.83013
646.292,1.22835
646.623,1.70972
646.954,1.39777
647.285,0.82602
647.616,1.02728
647.947,1.50976
648.278,1.28768
648.609,1.14145
648.94,1.21336
649.27,1.12418
649.601,0.91713
649.932,1.24838
650.262,1.60650
650.593,1.78994
650.923,1.58252
651.254,1.35794
651.584,1.08635
651.915,1.61200
652.245,2.40283
652.575,1.51583
652.905,1.15233
653.236,1.39867
653.566,1.72033
653.896,1.98950
654.226,1.65367
654.556,1.79033
654.886,1.76117
655.216,2.22200
655.546,1.97783
655.875,1.97783
656.205,1.89533
656.535,2.33700
656.865,2.47033
657.194,2.08200
657.524,1.94117
657.853,1.84867
658.183,1.85367
658.512,2.17200
658.842,1.71117
659.171,1.97283
659.5,2.02867
659.83,2.43867
660.159,2.51033
660.488,2.40283
660.817,2.33700
661.146,2.19200
661.475,2.19700
661.804,2.11700
662.133,1.80150
662.462,1.66817
662.791,2.06533
663.12,2.21033
663.448,1.82200
663.777,1.61200
664.106,1.88200
664.434,1.84367
664.763,1.98200
665.091,1.64117
665.42,2.01617
665.748,1.84533
666.077,1.46700
666.405,1.39783
666.733,1.66950
667.062,1.22617
667.39,1.52533
667.718,1.83033
668.046,1.76450
668.374,1.61200
668.702,1.84533
669.03,1.83117
669.358,1.23867
669.686,1.83450
670.014,1.34033
670.341,1.35033
670.669,1.47617
670.997,1.60117
671.324,1.08867
671.652,1.59117
671.98,1.79117
672.307,1.21033
672.634,1.39367
672.962,1.20367
673.289,1.00117
673.616,0.74533
673.944,1.31200
674.271,1.68200
674.598,1.72783
674.925,1.71533
675.252,1.44533
675.579,2.05783
675.906,1.82033
676.233,2.33033
676.56,1.83950
676.887,1.22475
677.214,1.32450
677.54,2.06950
677.867,1.97367
678.194,1.57200
678.52,1.97450
678.847,2.46617
679.173,2.38283
679.5,2.25783
679.826,2.00450
680.153,1.99783
680.479,1.97867
680.805,2.23700
681.131,2.16867
681.458,1.66783
681.784,1.57450
682.11,1.76783
682.436,2.03450
682.762,1.98617
683.088,1.72633
683.414,1.49783
683.74,1.88117
684.065,2.03117
684.391,1.79950
684.717,2.01783
685.042,2.17450
685.368,1.66117
685.694,1.62450
686.019,1.59367
686.345,1.90367
686.67,1.77617
686.995,1.45033
687.321,1.05783
687.646,1.31617
687.971,1.55367
688.296,1.72867
688.622,1.61950
688.947,1.49450
689.272,1.02700
689.597,1.06617
689.922,0.95117
690.247,1.42867
690.572,1.30367
690.896,1.14033
691.221,0.71367
691.546,0.81783
691.87,0.90533
692.195,1.17250
692.52,0.83283
692.844,0.87867
693.169,0.83533
693.493,0.60783
693.817,0.94450
694.142,1.00617
694.466,0.59450
694.79,0.75367
695.115,0.75367
695.439,0.47783
695.763,0.45950
696.087,0.84617
696.411,0.69617
696.735,0.60200
697.059,0.49117
697.383,0.57617
697.707,0.50867
698.03,0.55783
698.354,0.89533
698.678,1.50533
699.001,0.83283
699.325,0.51300
699.648,0.75717
699.972,0.19333
700.295,0.84900
700.619,0.72358
700.942,0.60117
701.265,0.27783
701.589,0.32033
701.912,0.21117
702.235,0.08700
702.558,0.45700
702.881,0.52700
703.204,0.70367
703.527,0.65450
703.85,0.38033
704.173,0.22700
704.496,1.31900
704.819,0.94500
705.141,0.42617
705.464,0.51033
705.787,0.68700
706.109,0.36617
706.432,0.16783
706.754,0.12783
707.077,0.06950
707.399,0.68217
707.722,1.06817
708.044,0.45700
708.366,-0.09217
708.688,0.33200
709.011,0.80283
709.333,0.41033
709.655,0.30617
709.977,0.39283
710.299,0.27283
710.621,0.05283
710.943,0.39950
711.264,0.73783
711.586,0.91367
711.908,0.70200
712.23,0.47867
712.551,0.18783
712.873,0.06533
713.194,0.23700
713.516,0.44867
713.837,0.58700
714.159,0.51200
714.48,0.31617
714.802,0.04950
715.123,0.02533
715.444,0.37700
715.765,0.61650
716.086,0.89450
716.407,0.65367
716.728,0.93283
717.049,0.88283
717.37,0.53700
717.691,0.30283
718.012,0.42033
718.333,0.71700
718.654,1.24950
718.974,1.02700
719.295,0.89700
719.615,0.33200
719.936,0.14533
720.257,0.39950
720.577,0.56033
720.898,0.13533
721.218,0.20867
721.538,0.57033
721.858,0.67450
722.179,0.58950
722.499,0.62617
722.819,0.48617
723.139,0.38450
723.459,0.46617
723.779,0.31117
724.099,0.66950
724.419,1.04367
724.739,0.71450
725.058,0.56867
725.378,0.47450
725.698,0.76533
726.018,0.88533
726.337,0.35200
726.657,1.02367
726.976,0.83283
727.296,0.68700
727.615,0.31950
727.934,0.61950
728.254,0.74117
728.573,0.71033
728.892,0.45283
729.212,0.54867
729.531,0.95200
729.85,0.63700
730.169,0.76950
730.488,0.66367
730.807,0.41033
731.125,0.82700
731.444,0.77367
731.763,0.70867
732.082,0.57617
732.401,1.09700
732.719,1.28283
733.038,0.89533
733.356,0.94950
733.675,0.66533
733.993,0.34867
734.312,0.03700
734.63,0.38867
734.948,0.71267
735.267,0.49283
735.585,0.59950
735.903,0.31867
736.221,0.26117
736.539,0.63033
736.857,0.36617
737.175,0.29367
737.493,0.30200
737.811,0.28533
738.129,0.27867
738.447,0.32367
738.764,0.59950
739.082,0.80367
739.4,0.62200
739.717,0.35367
740.035,0.11117
740.352,0.14700
740.67,0.27283
740.987,0.63617
741.305,0.24867
741.622,0.41617
741.939,0.47367
742.256,0.24450
742.574,0.39117
742.891,-0.03050
743.208,0.23783
743.525,0.27450
743.842,0.13200
744.159,0.34700
744.476,0.69117
744.792,0.72867
745.109,0.56533
745.426,0.55783
745.743,0.25450
746.059,-0.06217
746.376,0.20783
746.692,0.49283
747.009,0.67367
747.325,0.12783
747.642,0.57783
747.958,0.61700
748.274,0.38117
748.591,0.09200
748.907,0.09367
749.223,0.77067
749.539,0.70033
749.855,0.42367
750.171,0.03033
750.487,0.12283
750.803,0.21200
751.119,0.13617
751.435,-0.45550
751.75,0.26533
752.066,0.49950
752.382,0.83700
752.697,0.64867
753.013,0.03700
753.328,0.50700
753.644,0.52450
753.959,0.15783
754.275,0.10700
754.59,-0.14717
754.905,-0.14800
755.221,-0.01883
755.536,0.33200
755.851,0.33950
756.166,0.55283
756.481,0.65617
756.796,0.64367
757.111,0.53450
757.426,0.09867
757.741,0.26617
758.056,0.17700
758.37,0.07367
758.685,-0.14300
759,-0.05467
759.314,0.05700
759.629,0.23867
759.943,0.24867
760.258,0.13617
760.572,0.13700
760.887,0.32450
761.201,0.17700
761.515,0.04200
761.83,0.36783
762.144,0.28200
762.458,0.31450
762.772,0.23117
763.086,0.06533
763.4,0.16700
763.714,0.28867
764.028,-0.21967
764.342,0.08200
764.655,0.06033
764.969,0.19533
765.283,0.43617
765.596,0.82867
765.91,0.72533
766.224,0.27033
766.537,0.23450
766.851,0.07783
767.164,0.32617
767.477,0.19533
767.791,0.88117
768.104,0.34117
768.417,0.32867
768.73,0.29033
769.043,0.58950
769.356,0.68367
769.669,0.87367
769.982,0.34033
770.295,0.07783
770.608,0.06200
770.921,0.16033
771.234,0.55783
771.547,0.25700
771.859,0.24033
772.172,0.80450
772.484,1.37367
772.797,0.72533
773.109,0.89450
773.422,0.53700
773.734,0.47867
774.047,0.16117
774.359,0.20700
774.671,-0.34217
774.983,-0.18800
775.295,-0.04217
775.607,-0.10467
775.919,0.36450
776.231,0.74450
776.543,0.46117
776.855,0.38283
777.167,0.06117
777.479,-0.34217
777.791,-0.01383
778.102,0.21117
778.414,0.20117
778.726,0.05783
779.037,0.37200
779.349,0.13450
779.66,0.46283
779.972,1.32800
780.283,1.17000
780.594,0.29700
780.906,0.36700
781.217,0.43033
781.528,0.35700
781.839,0.18700
782.15,-0.21217
782.461,-0.20633
782.772,-0.48883
783.083,-0.55133
783.394,-0.30467
783.705,-0.08633
784.016,-0.17133
784.326,-0.24717
784.637,0.26200
784.948,-0.01800
785.258,0.11200
785.569,0.45700
785.879,0.61117
786.19,0.59367
786.5,0.14617
786.81,-0.09717
787.121,-0.12133
787.431,0.16367
787.741,-0.39217
788.051,-0.08883
788.361,0.34117
788.671,0.26117
788.981,0.60783
789.291,0.48450
789.601,0.55533
789.911,0.29867
790.221,0.54367
790.531,0.55950
790.84,0.51950
791.15,0.67283
791.46,0.85867
791.769,0.24117
792.079,-0.22967
792.388,0.28033
792.698,0.19950
793.007,0.08700
793.316,-0.07883
793.625,-0.41133
793.935,-0.36383
794.244,0.02617
794.553,-0.17300
794.862,-0.06050
795.171,0.33867
795.48,0.28200
795.789,0.09033
796.098,0.20200
796.407,0.32783
796.716,-0.23133
797.024,-0.07217
797.333,-0.00550
797.641,-0.30133
797.95,0.11617
798.259,0.04367
798.567,0.08783
798.875,0.22367
799.184,0.04783
799.492,0.10117
799.801,0.31367
800.109,0.12117
800.417,-0.12133
800.725,0.06367
801.033,0.12450
801.341,0.07617
801.649,0.72800
801.957,0.38033
802.265,0.50200
802.573,0.26950
802.881,-0.00133
803.188,0.13450
803.496,-0.17300
803.804,0.11033
804.111,0.22450
804.419,0.20283
804.726,0.29117
805.034,0.81533
805.341,0.81250
805.649,0.14033
805.956,0.09950
806.263,-0.68883
806.57,-0.40633
806.878,-0.35133
807.185,0.39033
807.492,0.46533
807.799,0.37283
808.106,0.52033
808.413,0.59783
808.719,0.15617
809.026,0.31617
809.333,-0.16300
809.64,-0.05467
809.946,-0.34800
810.253,0.10783
810.559,0.23533
810.866,0.16617
811.173,-0.18800
811.479,-0.26467
811.785,0.38617
812.092,0.39033
812.398,0.31283
812.704,-0.08800
813.01,0.08283
813.316,0.39533
813.622,0.48283
813.928,-0.05133
814.235,0.06783
814.54,0.25700
814.846,0.53533
815.152,0.66950
815.458,0.91200
815.764,0.58533
816.069,0.32450
816.375,0.33950
816.681,-0.03883
816.986,0.01617
817.292,0.13700
817.597,0.02450
817.902,0.33617
818.208,0.41783
818.513,0.41617
818.818,0.43700
819.123,0.11033
819.428,-0.00967
819.734,-0.21800
820.039,0.02450
820.343,-0.38967
820.649,-0.47133
820.953,-0.08383
821.258,-0.17633
821.563,-0.34383
821.868,-0.21967
822.172,-0.40717
822.477,-0.18967
822.782,-0.15467
823.086,0.20950
823.391,0.59700
823.695,0.37783
824,0.08200
824.304,0.15367
824.608,-0.01300
824.912,0.19700
825.217,-0.23550
825.521,0.05783
825.825,0.32033
826.129,0.30617
826.433,0.70117
826.737,0.51783
827.041,0.09117
827.345,0.34533
827.648,0.60483
827.952,0.78400
828.256,0.29117
828.559,-0.06300
828.863,0.07283
829.167,0.30200
829.47,0.20367
829.774,0.13533
830.077,0.03700
830.38,0.67000
830.684,0.65850
830.987,0.56617
831.29,0.47117
831.593,0.70367
831.896,0.57783
832.199,0.26950
832.502,-0.07383
832.805,-0.51300
833.108,0.09533
833.411,0.06867
833.714,0.25700
834.017,0.54867
834.319,0.14617
834.622,-0.53217
834.925,-0.08467
835.227,0.68533
835.53,0.62367
835.832,0.12283
836.135,0.38283
836.437,0.60700
836.739,0.73117
837.042,0.55283
837.344,0.57783
837.646,0.13783
837.948,-0.05717
838.25,0.08700
838.552,0.49033
838.854,0.29033
839.156,0.11283
839.458,0.35700
839.76,0.47950
840.061,-0.01383
840.363,-0.04383
840.665,-0.03800
840.966,0.20617
841.268,0.01367
841.569,0.15367
841.871,0.05950
842.172,0.05700
842.474,0.17617
842.775,-0.20967
843.076,-0.38883
843.377,-0.36300
843.679,0.03617
843.98,0.39117
844.281,-0.03217
844.582,-0.10050
844.883,-0.04383
845.184,-0.05300
845.485,0.19617
845.785,0.35617
846.086,-0.07550
846.387,-0.04717
846.687,-0.08800
846.988,0.19117
847.289,0.11117
847.589,0.15533
847.89,0.84300
848.19,0.90283
848.49,0.64283
848.791,0.13950
849.091,0.00367
849.391,0.13117
849.691,0.36950
849.991,0.26283
850.292,0.35950
850.591,0.08700
850.891,0.29533
851.191,-0.16800
851.491,-0.12300
851.791,0.02867
852.091,0.01617
852.39,0.17367
852.69,0.32867
852.99,0.94267
853.289,0.36700
853.589,0.44367
853.888,0.64200
854.188,0.43700
854.487,0.66117
854.786,0.67783
855.086,0.60783
855.385,0.43033
855.684,0.28700
855.983,0.17283
856.282,-0.13467
856.581,0.14950
856.88,0.12367
857.179,0.96633
857.478,0.94933
857.777,0.83525
858.076,0.25950
858.374,0.36450
858.673,-0.06300
858.972,0.26617
859.27,0.31950
859.569,-0.13800
859.867,0.26867
860.165,0.29617
860.464,-0.11133
860.762,0.04117
861.06,0.11700
861.359,0.15783
861.657,-0.19383
861.955,-0.02717
862.253,0.54867
862.551,0.74450
862.849,0.26533
863.147,0.25617
863.445,0.07950
863.742,0.15367
864.04,-0.05050
864.338,-0.31550
864.636,-0.02800
864.933,0.20117
865.231,0.22283
865.528,-0.09633
865.826,-0.22967
866.123,-0.20300
866.42,-0.17800
866.718,-0.03467
867.015,-0.13550
867.312,-0.09300
867.609,-0.22217
867.907,-0.52550
868.204,-0.04633
868.501,0.05783
868.798,0.29450
869.095,0.29117
869.391,0.34283
869.688,0.30533
869.985,0.35200
870.282,0.21367
870.578,-0.18550
870.875,0.04700
871.171,0.30367
871.468,0.15783
871.764,0.47033
872.061,0.64033
872.357,0.95633
872.653,0.11033
872.95,0.19950
873.246,0.31533
873.542,0.25367
873.838,0.39450
874.134,0.13283
874.43,-0.08467
874.726,-0.41300
875.022,-0.17217
875.318,-0.32133
875.614,-0.01300
875.909,0.05283
876.205,-0.07967
876.501,-0.13800
876.796,-0.35550
877.092,-0.07550
