# Bario (Ba) - saggio alla fiamma, USB2000 S/N USB2G16606
# registrazione: ba3_usb2000_spettrogramma_20260921_183643
# selezione: media delle 2 righe piu intense in 548-557 nm (su 7)
# integrazione: 600 ms · rumore: 1.80 conteggi
# fondo strumentale sottratto; punte di 1-2 pixel rimosse
# cancellato Na a 589 nm +-5 nm (c'era un picco da 238 conteggi)
# cancellato K a 768 nm +-7 nm (c'era un picco da 40 conteggi)
wavelength_nm,intensity_counts
176.507,1.14700
176.894,-4.24300
177.280,-8.38300
177.667,-9.06300
178.054,-10.27300
178.440,-9.98300
178.827,-11.78300
179.213,-11.39800
179.599,-7.55300
179.986,-13.05300
180.372,-13.79800
180.758,-12.27300
181.144,-11.00300
181.530,-11.00300
181.917,-10.95800
182.303,-11.29800
182.689,-9.52800
183.075,-9.16800
183.461,-4.95800
183.847,-12.75300
184.232,-11.64800
184.618,-10.74800
185.004,-10.81800
185.390,-9.31300
185.776,-8.84800
186.161,-8.81300
186.547,-9.20300
186.933,-8.03300
187.318,-9.14800
187.704,-10.71800
188.089,-8.53800
188.475,-11.08800
188.860,-10.03300
189.245,-9.82300
189.631,-9.60300
190.016,-9.53800
190.401,-6.28800
190.787,-11.46300
191.172,-11.64800
191.557,-12.40800
191.942,-11.64800
192.327,-11.99300
192.712,-11.78300
193.097,-10.01800
193.482,-9.28300
193.867,-11.17300
194.252,-11.01800
194.637,-11.46800
195.022,-11.65300
195.406,-11.35800
195.791,-11.68300
196.176,-12.06800
196.560,-11.60800
196.945,-11.87300
197.330,-11.56300
197.714,-12.84800
198.099,-13.11800
198.483,-12.36300
198.868,-11.94300
199.252,-12.96300
199.636,-12.78300
200.020,-11.16800
200.405,-10.35300
200.789,-11.08300
201.173,-10.78800
201.557,-11.11300
201.941,-11.99800
202.325,-13.17300
202.709,-14.40800
203.093,-13.57300
203.477,-14.57300
203.861,-13.96800
204.245,-14.43800
204.629,-13.80300
205.013,-12.33300
205.397,-13.25300
205.780,-12.69800
206.164,-12.83300
206.548,-12.88300
206.931,-12.93300
207.315,-12.17300
207.698,-12.83300
208.082,-13.30300
208.465,-13.66800
208.848,-13.75300
209.232,-15.43300
209.615,-12.14800
209.998,-14.54300
210.382,-15.20800
210.765,-14.26300
211.148,-13.61800
211.531,-15.34300
211.914,-12.61300
212.297,-17.32300
212.680,-16.43300
213.063,-16.31300
213.446,-16.64300
213.829,-14.03300
214.212,-13.84300
214.595,-13.16800
214.977,-12.95300
215.360,-13.85800
215.743,-14.53300
216.125,-15.18800
216.508,-14.76300
216.891,-14.95800
217.273,-14.03300
217.656,-14.25300
218.038,-13.72300
218.420,-14.80300
218.803,-15.55300
219.185,-15.73300
219.567,-15.36800
219.950,-21.75300
220.332,-16.42800
220.714,-21.37300
221.096,-18.66300
221.478,-16.34800
221.860,-14.95300
222.242,-14.41300
222.624,-15.76300
223.006,-15.27300
223.388,-15.82300
223.770,-16.35800
224.152,-15.23300
224.534,-15.14800
224.915,-15.32300
225.297,-14.46800
225.679,-15.71300
226.060,-16.94300
226.442,-16.42800
226.823,-15.13800
227.205,-15.18300
227.587,-14.90800
227.968,-14.53300
228.349,-15.63800
228.731,-16.24300
229.112,-15.47800
229.493,-17.39300
229.874,-16.43800
230.256,-14.96300
230.637,-16.55300
231.018,-16.55300
231.399,-17.00300
231.780,-15.12300
232.161,-16.64800
232.542,-16.62300
232.923,-17.43800
233.304,-16.52300
233.685,-17.76800
234.065,-16.00300
234.446,-16.10300
234.827,-16.61800
235.207,-16.65300
235.588,-16.23300
235.969,-14.03300
236.349,-15.73300
236.730,-16.66800
237.110,-16.88300
237.491,-17.50300
237.871,-18.07300
238.251,-17.41300
238.632,-17.81800
239.012,-17.16300
239.392,-17.34800
239.772,-18.16300
240.153,-17.76300
240.533,-18.57300
240.913,-18.22300
241.293,-17.32300
241.673,-18.46300
242.053,-17.95300
242.433,-18.16300
242.813,-17.80300
243.192,-16.99800
243.572,-15.75300
243.952,-11.68300
244.332,-19.73300
244.711,-19.07300
245.091,-17.63300
245.471,-16.45300
245.850,-16.54800
246.230,-17.31800
246.609,-18.75300
246.989,-18.86300
247.368,-18.32300
247.747,-17.51800
248.127,-17.73300
248.506,-14.85800
248.885,-17.14300
249.264,-18.16800
249.644,-18.21300
250.023,-18.21800
250.402,-17.26800
250.781,-17.64300
251.160,-16.24300
251.539,-16.33800
251.918,-17.21300
252.297,-15.89300
252.675,-18.73800
253.054,-19.40300
253.433,-18.64800
253.812,-16.85800
254.190,-17.07300
254.569,-18.16800
254.948,-17.92300
255.326,-17.62300
255.705,-16.25300
256.083,-18.05300
256.462,-18.40800
256.840,-17.04300
257.219,-17.07300
257.597,-17.98300
257.975,-16.82300
258.353,-18.17300
258.731,-17.25300
259.110,-18.25300
259.488,-17.93300
259.866,-16.74300
260.244,-17.93300
260.622,-24.98800
261.000,-21.15800
261.378,-19.45300
261.756,-18.22300
262.134,-14.07300
262.511,-19.53300
262.889,-19.71300
263.267,-18.76300
263.645,-15.47800
264.022,-19.86300
264.400,-17.82300
264.777,-17.25800
265.155,-16.68800
265.532,-16.89800
265.910,-17.04800
266.287,-17.60300
266.665,-16.15300
267.042,-18.35300
267.419,-17.53300
267.796,-16.65800
268.174,-17.14300
268.551,-17.05300
268.928,-16.93300
269.305,-17.04800
269.682,-15.25300
270.059,-18.23300
270.436,-17.34300
270.813,-18.49300
271.190,-16.87300
271.567,-16.45800
271.943,-16.06800
272.320,-18.46800
272.697,-17.95300
273.074,-16.40300
273.450,-17.45800
273.827,-17.51800
274.204,-14.93300
274.580,-15.86800
274.957,-14.87300
275.333,-14.91300
275.709,-16.72300
276.086,-16.48300
276.462,-17.02800
276.838,-17.02300
277.214,-15.71300
277.591,-15.31800
277.967,-14.59300
278.343,-16.62300
278.719,-15.80800
279.095,-16.11800
279.471,-16.06800
279.847,-16.00300
280.223,-16.07300
280.599,-18.38800
280.975,-16.71800
281.351,-17.51800
281.726,-17.06800
282.102,-17.06800
282.478,-16.43800
282.853,-15.47300
283.229,-16.61300
283.604,-16.15300
283.980,-16.47300
284.355,-14.61800
284.731,-16.54800
285.106,-15.50800
285.482,-15.39300
285.857,-17.70300
286.232,-16.51800
286.607,-14.21800
286.983,-14.51300
287.358,-15.61800
287.733,-15.56800
288.108,-15.45300
288.483,-14.63300
288.858,-14.80800
289.233,-16.01800
289.608,-17.18300
289.983,-16.01300
290.358,-15.18300
290.732,-17.29300
291.107,-17.50300
291.482,-17.25300
291.856,-12.73300
292.231,-17.97300
292.606,-18.06300
292.980,-16.64800
293.355,-17.28300
293.729,-16.52800
294.104,-15.73800
294.478,-15.64300
294.852,-16.00300
295.227,-16.23300
295.601,-14.97300
295.975,-13.90800
296.349,-16.69300
296.723,-16.15300
297.098,-11.98300
297.472,-18.70300
297.846,-18.18800
298.219,-15.53800
298.594,-15.79800
298.967,-16.53800
299.341,-16.68300
299.715,-15.62300
300.089,-14.32300
300.463,-16.86800
300.836,-15.20800
301.210,-15.35800
301.584,-15.03300
301.957,-16.42300
302.331,-16.35800
302.704,-15.34800
303.077,-15.25300
303.451,-16.24800
303.824,-16.98300
304.198,-16.32300
304.571,-14.06300
304.944,-15.01800
305.317,-13.70800
305.691,-13.47300
306.064,-12.40300
306.437,-12.41300
306.810,-10.96800
307.183,-9.97300
307.556,-10.35800
307.929,-11.82300
308.302,-10.68300
308.674,-8.13300
309.047,-13.29300
309.420,-12.22300
309.793,-11.40300
310.165,-11.16300
310.538,-12.73300
310.911,-12.71800
311.283,-13.05300
311.656,-11.51300
312.028,-11.88800
312.401,-12.55300
312.773,-12.35300
313.145,-10.56800
313.518,-12.16800
313.890,-14.45300
314.262,-13.20800
314.634,-12.75300
315.006,-13.00300
315.378,-12.08300
315.751,-11.85300
316.123,-13.20800
316.495,-13.89300
316.866,-13.64300
317.238,-13.58300
317.610,-13.23300
317.982,-14.20800
318.354,-12.33300
318.726,-13.88300
319.097,-12.25300
319.469,-12.52300
319.841,-11.82300
320.212,-14.44300
320.584,-13.57300
320.955,-13.60300
321.327,-12.44300
321.698,-12.81800
322.069,-15.53300
322.441,-14.91800
322.812,-13.95800
323.183,-13.10800
323.555,-14.86300
323.926,-15.14300
324.297,-13.86800
324.668,-14.08300
325.039,-14.59300
325.410,-14.35800
325.781,-11.26300
326.152,-14.06800
326.523,-14.06800
326.894,-21.91300
327.264,-18.79800
327.635,-15.91300
328.006,-13.84300
328.376,-12.41300
328.747,-12.19800
329.118,-13.12300
329.488,-12.10800
329.859,-12.99300
330.229,-12.61300
330.599,-13.49300
330.970,-12.83300
331.340,-11.60800
331.711,-13.45300
332.081,-13.00800
332.451,-12.20800
332.821,-12.44300
333.191,-9.97300
333.562,-14.18300
333.932,-12.74300
334.301,-13.16800
334.671,-13.61800
335.041,-12.63300
335.411,-13.22300
335.781,-11.09300
336.151,-12.32300
336.521,-13.61800
336.890,-13.05300
337.260,-13.03300
337.630,-12.13300
337.999,-13.44800
338.369,-12.31300
338.738,-11.76300
339.108,-12.59300
339.477,-13.08800
339.847,-11.75800
340.216,-12.46800
340.586,-11.04800
340.955,-14.69300
341.324,-13.53300
341.693,-10.87300
342.062,-10.47300
342.431,-11.14300
342.800,-11.80300
343.170,-10.30300
343.538,-10.62300
343.907,-10.98800
344.276,-11.26800
344.645,-11.60300
345.014,-13.20300
345.383,-11.85300
345.752,-10.40300
346.120,-11.48800
346.489,-9.87300
346.858,-10.53300
347.226,-11.27800
347.595,-10.74300
347.963,-10.41800
348.332,-10.73300
348.700,-10.94300
349.068,-9.23300
349.437,-9.81300
349.805,-10.70300
350.173,-10.30800
350.541,-10.37800
350.909,-10.54300
351.278,-11.15800
351.646,-11.79300
352.014,-10.30300
352.382,-9.20300
352.750,-9.28300
353.118,-11.88300
353.485,-10.58300
353.853,-10.79300
354.221,-10.46300
354.589,-10.90800
354.957,-11.31800
355.324,-10.21800
355.692,-9.38300
356.059,-9.20300
356.427,-9.83300
356.794,-11.27300
357.162,-7.77300
357.529,-10.98300
357.897,-9.27300
358.264,-10.35300
358.631,-10.77800
358.998,-10.26300
359.366,-11.05800
359.733,-10.31300
360.100,-10.60800
360.467,-11.36300
360.834,-10.87300
361.201,-9.51800
361.568,-9.33300
361.935,-8.81300
362.302,-9.38300
362.669,-9.34800
363.035,-9.39300
363.402,-9.41800
363.769,-8.35300
364.135,-9.63300
364.502,-9.29800
364.869,-9.60800
365.235,-9.81300
365.602,-10.14800
365.968,-9.50300
366.335,-9.53300
366.701,-9.21300
367.067,-8.99300
367.434,-8.27300
367.800,-8.28300
368.166,-11.06300
368.532,-7.15300
368.898,-10.18300
369.264,-12.05800
369.630,-9.82300
369.996,-9.93300
370.362,-9.30800
370.728,-5.03800
371.094,-12.76800
371.460,-10.98300
371.826,-10.77300
372.192,-6.98300
372.557,-9.19800
372.923,-8.83300
373.288,-9.28800
373.654,-7.40300
374.020,-6.89300
374.385,-7.61300
374.751,-6.61300
375.116,-7.50300
375.481,-7.75300
375.847,-7.78300
376.212,-5.79300
376.577,-5.56300
376.942,-5.56300
377.308,-4.75300
377.673,-7.35800
378.038,-7.90300
378.403,-5.73300
378.768,-7.20300
379.133,-7.65300
379.498,-6.73300
379.863,-7.45300
380.227,-7.55300
380.592,-7.70800
380.957,-6.23300
381.322,-5.86300
381.686,-4.77300
382.051,-6.72300
382.415,-5.85800
382.780,-4.86800
383.144,-7.10800
383.509,-7.39300
383.873,-6.78300
384.238,-5.05800
384.602,-6.74300
384.966,-9.41800
385.330,-8.53300
385.695,-8.11800
386.059,-6.93300
386.423,-6.78800
386.787,-7.70300
387.151,-9.66800
387.515,-8.63300
387.879,-7.74800
388.243,-7.64300
388.607,-6.91800
388.971,-6.62300
389.334,-5.02300
389.698,-5.54800
390.062,-6.56300
390.425,-8.04300
390.789,-8.17800
391.153,-7.59300
391.516,-7.09800
391.880,-6.23800
392.243,-6.03300
392.606,-3.98300
392.970,-5.98300
393.333,-4.55800
393.697,-3.36800
394.060,-4.56800
394.423,-4.47300
394.786,-4.17300
395.149,-4.16800
395.512,-5.66300
395.875,-5.05300
396.238,-5.85800
396.601,-2.90300
396.964,-4.50300
397.327,-5.13300
397.690,-3.70300
398.053,-3.57300
398.415,-4.57300
398.778,-3.23300
399.140,-2.60300
399.503,-4.26300
399.866,-5.25800
400.228,-3.63300
400.591,-2.92300
400.953,-4.71300
401.315,-3.73300
401.678,-1.66800
402.040,-4.78300
402.402,-3.68300
402.765,-1.79800
403.127,-4.47300
403.489,-3.67300
403.851,-3.40300
404.213,-2.70300
404.575,-2.98300
404.937,-3.85800
405.299,-2.25800
405.661,-1.93800
406.023,-1.77800
406.385,-2.32300
406.746,-2.34300
407.108,-6.22800
407.470,-8.20300
407.831,-6.22800
408.193,-6.51300
408.554,-3.34800
408.916,-3.60800
409.277,-2.50800
409.639,-3.83300
410.000,-3.21300
410.361,-3.75300
410.723,-3.87300
411.084,-3.09800
411.445,-2.66800
411.806,-2.58300
412.168,-2.64800
412.529,-1.20300
412.890,1.54700
413.251,-4.51300
413.612,-3.37300
413.973,-4.51300
414.333,-6.28300
414.694,-5.38300
415.055,-2.41300
415.416,-1.40300
415.776,0.41700
416.137,-1.61800
416.498,-0.51800
416.858,-0.35300
417.219,-0.19300
417.579,1.78700
417.940,-1.39800
418.300,0.19200
418.660,-0.41800
419.021,-0.58300
419.381,-0.65800
419.741,-3.54300
420.101,-0.44800
420.462,1.37700
420.822,0.70700
421.182,-0.99300
421.542,-1.70800
421.902,1.50200
422.262,1.73700
422.622,-0.36300
422.981,-0.36300
423.341,-5.41300
423.701,-5.10300
424.061,-3.14800
424.420,-0.95800
424.780,-1.08300
425.140,-2.10300
425.499,-2.80300
425.859,-0.48300
426.218,-0.08300
426.577,-0.83800
426.937,0.49700
427.296,1.17700
427.656,0.41200
428.015,-3.43300
428.374,-6.68300
428.733,-0.07300
429.092,-3.43300
429.451,-0.60300
429.810,-1.54800
430.169,-2.04300
430.528,-2.40300
430.887,-2.30300
431.246,-1.04300
431.605,-0.72300
431.964,-1.66800
432.322,-0.71300
432.681,-1.84800
433.040,-1.85300
433.398,-0.88300
433.757,-1.92300
434.115,-1.54800
434.474,-1.02300
434.832,-0.72300
435.191,0.36700
435.549,-0.72300
435.908,-4.80300
436.266,-3.38300
436.624,-1.47800
436.982,0.39200
437.340,1.28200
437.698,-0.12300
438.056,3.37700
438.414,1.10700
438.772,2.30700
439.130,-0.39800
439.488,0.58200
439.846,2.26700
440.204,0.34200
440.562,4.12200
440.919,-0.25300
441.277,-0.26800
441.635,1.11200
441.992,0.19200
442.350,2.55200
442.707,4.84700
443.065,3.81700
443.422,4.00700
443.779,4.73200
444.137,6.59700
444.494,2.03700
444.851,0.49200
445.209,2.62700
445.566,0.53700
445.923,-0.36800
446.280,-0.21800
446.637,3.01200
446.994,3.22700
447.351,1.61700
447.708,2.44200
448.065,4.38200
448.421,3.70700
448.778,3.56700
449.135,4.21200
449.492,5.90700
449.848,4.78700
450.205,2.66700
450.561,4.20700
450.918,2.60700
451.274,0.95200
451.631,0.68200
451.987,2.47700
452.344,2.29700
452.700,2.27700
453.056,1.95700
453.412,4.93200
453.768,3.88200
454.125,4.17700
454.481,4.61700
454.837,8.87700
455.193,0.59700
455.549,-0.63300
455.904,-0.26800
456.260,2.33700
456.616,-0.26800
456.972,-0.58300
457.328,-1.85800
457.683,3.31700
458.039,2.38200
458.395,2.64700
458.750,3.98200
459.106,4.58700
459.461,5.23200
459.817,6.57700
460.172,3.26200
460.527,4.31200
460.883,4.13200
461.238,5.11200
461.593,4.39700
461.948,7.09200
462.303,5.49200
462.659,5.84200
463.014,5.94700
463.369,9.09700
463.724,7.40700
464.079,9.73200
464.433,8.33700
464.788,9.73700
465.143,6.78200
465.498,10.53700
465.852,9.81700
466.207,10.01700
466.562,10.48200
466.916,14.32700
467.271,12.16700
467.625,13.57700
467.980,14.35200
468.334,14.64700
468.688,15.01700
469.043,15.73200
469.397,20.66700
469.751,16.19200
470.106,19.36700
470.460,17.61200
470.814,20.85200
471.168,17.84700
471.522,20.04700
471.876,20.69700
472.230,21.02700
472.584,22.76700
472.937,25.28700
473.291,21.34700
473.645,23.75200
473.999,21.16700
474.352,21.84700
474.706,29.66700
475.060,25.27700
475.413,31.51200
475.767,25.27700
476.120,20.59700
476.473,31.02200
476.827,31.02200
477.180,32.16700
477.533,32.14200
477.887,32.40200
478.240,34.06700
478.593,34.06700
478.946,41.95700
479.299,39.12700
479.652,39.10700
480.005,41.06700
480.358,38.14700
480.711,38.73700
481.064,40.02200
481.416,38.82200
481.769,42.67700
482.122,45.77700
482.474,55.06700
482.827,55.91200
483.180,59.10700
483.532,64.83200
483.885,73.36700
484.237,82.00700
484.589,92.12700
484.942,99.82700
485.294,115.66700
485.647,118.44700
485.999,126.35200
486.351,128.28200
486.703,132.32700
487.055,129.41700
487.407,126.34200
487.759,120.37700
488.111,118.53700
488.463,111.29700
488.815,109.20200
489.167,100.85700
489.519,104.16700
489.870,101.84700
490.222,93.42700
490.574,95.44200
490.925,93.19200
491.277,91.33700
491.628,94.38700
491.980,80.18700
492.331,78.13700
492.683,80.18700
493.034,82.93200
493.385,81.26700
493.737,82.59200
494.088,83.56700
494.439,83.93700
494.790,87.09700
495.141,86.09700
495.492,92.04700
495.843,90.00700
496.194,101.31700
496.545,102.14700
496.896,101.87700
497.247,105.87700
497.598,110.23200
497.948,102.38700
498.299,106.16700
498.650,101.64200
499.000,100.63700
499.351,105.42700
499.702,102.08200
500.052,104.24700
500.402,107.21700
500.753,111.21700
501.103,111.55700
501.454,115.69700
501.804,115.17700
502.154,114.99200
502.504,118.51200
502.854,118.34700
503.204,120.25700
503.554,109.74700
503.904,106.35700
504.254,106.35700
504.604,102.35700
504.954,101.56700
505.304,105.06700
505.654,107.19700
506.003,102.72700
506.353,108.67700
506.703,109.37700
507.052,114.19700
507.402,126.92700
507.751,136.63700
508.101,154.20200
508.450,173.52700
508.800,179.80700
509.149,182.59700
509.498,193.96200
509.848,196.16700
510.197,196.16700
510.546,202.47700
510.895,199.16700
511.244,197.49700
511.593,197.08700
511.942,196.78200
512.291,184.01700
512.640,177.05200
512.989,178.41700
513.338,176.19700
513.687,172.81200
514.035,168.89200
514.384,137.71700
514.732,141.89700
515.081,137.89200
515.430,131.93700
515.778,121.74200
516.127,122.48700
516.475,115.10700
516.823,102.74700
517.172,101.82200
517.520,93.90200
517.868,95.65700
518.216,87.21700
518.565,88.03700
518.913,83.51700
519.261,80.25700
519.609,83.18700
519.957,85.55700
520.305,90.53200
520.653,106.63200
521.000,119.09700
521.348,129.98200
521.696,142.85700
522.044,147.46700
522.391,146.24700
522.739,149.94700
523.087,150.92700
523.434,148.25700
523.782,147.83200
524.129,127.31700
524.476,129.99200
524.824,127.98200
525.171,127.40200
525.518,126.49200
525.865,126.34700
526.213,115.12700
526.560,115.12700
526.907,98.34200
527.254,99.59700
527.601,102.48200
527.948,97.74200
528.295,95.68200
528.642,97.26200
528.989,86.66700
529.335,88.38200
529.682,87.98200
530.029,85.53200
530.375,77.93200
530.722,77.93200
531.069,71.48700
531.415,75.08200
531.761,71.94200
532.108,69.80700
532.454,67.39200
532.801,67.55200
533.147,71.99700
533.493,68.88200
533.839,78.53200
534.186,90.94700
534.532,106.56700
534.878,114.44700
535.224,124.94700
535.570,129.45700
535.916,138.56200
536.262,136.34200
536.607,139.12700
536.953,133.28700
537.299,128.13700
537.645,127.25700
537.990,120.03200
538.336,117.58200
538.682,115.30700
539.027,109.02700
539.373,106.35700
539.718,102.60200
540.063,100.22200
540.409,88.16700
540.754,86.13200
541.100,89.68200
541.445,91.10700
541.790,88.58700
542.135,83.70200
542.480,71.74200
542.825,75.19700
543.170,69.67700
543.515,63.04200
543.860,67.69700
544.205,70.37700
544.550,63.69700
544.894,66.73700
545.239,66.83200
545.584,69.64200
545.929,68.78700
546.273,69.52700
546.618,70.85700
546.962,65.31200
547.307,63.98700
547.651,65.94700
547.995,71.14700
548.340,91.28200
548.684,103.03200
549.028,122.97700
549.373,130.93200
549.717,130.93200
550.061,153.93200
550.405,153.93200
550.749,159.54700
551.093,156.24700
551.437,162.95700
551.781,166.58700
552.125,190.29700
552.468,228.29200
552.812,243.87700
553.156,243.87700
553.500,243.87700
553.843,210.32700
554.187,186.85200
554.530,166.34700
554.874,149.85700
555.217,138.62200
555.561,115.37200
555.904,108.67700
556.247,103.86700
556.591,95.39700
556.934,97.85700
557.277,88.74700
557.620,87.71200
557.963,88.20200
558.306,82.89700
558.649,82.89700
558.992,78.92700
559.335,78.92700
559.678,79.72700
560.021,83.90700
560.364,79.26200
560.706,81.93200
561.049,78.97700
561.391,81.02200
561.734,73.84700
562.077,75.09200
562.419,71.48700
562.762,71.81700
563.104,76.29200
563.446,89.36700
563.789,92.08700
564.131,113.10200
564.473,112.32700
564.816,117.82700
565.158,122.51200
565.500,128.96700
565.842,122.35700
566.184,123.08200
566.526,123.11700
566.868,117.10200
567.210,105.30700
567.551,100.71700
567.893,100.80700
568.235,94.34700
568.577,95.03700
568.918,92.97700
569.260,99.94200
569.601,105.62700
569.943,111.46200
570.284,111.08700
570.626,116.98700
570.967,105.66700
571.308,108.83200
571.650,108.83200
571.991,107.78200
572.332,105.91700
572.673,102.26700
573.014,85.15700
573.356,87.63700
573.697,86.58700
574.038,85.40700
574.379,82.16700
574.719,84.13700
575.060,78.46200
575.401,79.96200
575.742,81.61700
576.082,78.03200
576.423,75.14700
576.764,76.99200
577.104,72.51700
577.445,73.35700
577.785,70.60200
578.126,66.96700
578.466,66.94700
578.807,65.76200
579.147,63.56700
579.487,65.89200
579.827,68.96200
580.167,74.87700
580.508,79.69700
580.848,82.54700
581.188,80.21700
581.528,81.87700
581.868,80.21700
582.207,74.78700
582.547,74.26200
582.887,74.49700
583.227,73.64200
583.567,75.53700
583.906,68.85700
584.246,66.19800
584.585,65.20929
584.925,70.46361
585.264,76.82473
585.604,76.13975
585.943,78.28001
586.283,80.50305
586.622,80.33892
586.961,77.79759
587.300,77.25710
587.640,78.92836
587.979,80.64072
588.318,76.78447
588.657,81.14533
588.996,79.74944
589.335,81.18431
589.674,82.02062
590.013,82.93048
590.351,84.75876
590.690,86.40873
591.029,84.74798
591.367,87.98541
591.706,84.74336
592.045,87.10189
592.383,88.60644
592.722,87.60972
593.060,81.34101
593.399,81.74356
593.737,81.39605
594.075,78.91700
594.413,78.71200
594.752,74.03200
595.090,67.95200
595.428,69.86700
595.766,64.88200
596.104,65.27700
596.442,69.10700
596.780,62.00200
597.118,63.22700
597.456,69.71700
597.794,68.66700
598.131,70.10700
598.469,73.15200
598.807,78.11700
599.144,77.19700
599.482,71.70200
599.819,74.59200
600.157,70.36700
600.494,65.56700
600.832,67.94200
601.169,67.83700
601.506,67.72700
601.844,64.48200
602.181,64.91200
602.518,71.08200
602.855,74.59200
603.192,90.34200
603.529,110.67700
603.866,125.90700
604.203,138.92700
604.540,137.67200
604.877,150.81200
605.214,152.06200
605.551,147.86700
605.887,150.11200
606.224,140.73200
606.561,136.85700
606.897,134.08700
607.234,125.93200
607.570,125.54700
607.907,116.22700
608.243,112.21700
608.580,110.15700
608.916,110.15700
609.252,110.15700
609.588,101.58200
609.924,101.49700
610.260,101.49700
610.597,103.69700
610.933,103.64700
611.269,101.29200
611.605,98.46700
611.941,97.53200
612.276,94.59700
612.612,91.88700
612.948,95.25700
613.284,87.12700
613.619,75.34700
613.955,76.02700
614.290,66.11700
614.626,93.20200
614.962,66.11700
615.297,63.22700
615.632,63.22700
615.968,69.13200
616.303,69.36700
616.638,71.22700
616.973,73.02700
617.309,72.42700
617.644,72.42700
617.979,69.75700
618.314,69.75700
618.649,64.88700
618.984,66.38200
619.319,67.46700
619.653,60.06200
619.988,52.62700
620.323,57.58700
620.658,54.04200
620.992,55.57700
621.327,53.98700
621.662,57.03700
621.996,57.03700
622.331,100.88700
622.665,67.77700
622.999,66.36200
623.334,70.02700
623.668,74.53200
624.002,74.90200
624.336,72.69700
624.671,72.47700
625.005,74.25700
625.339,66.54700
625.673,63.51200
626.007,66.24700
626.341,62.01700
626.675,59.15200
627.008,54.59700
627.342,59.41200
627.676,57.04700
628.010,66.67700
628.343,81.06700
628.677,84.11700
629.010,96.96700
629.344,111.34700
629.677,111.34700
630.011,106.83200
630.344,114.70700
630.678,111.15200
631.011,110.93700
631.344,109.06700
631.677,108.41700
632.010,101.59700
632.343,98.13700
632.677,94.58700
633.010,88.16700
633.342,89.16700
633.675,85.47700
634.008,79.83700
634.341,81.97200
634.674,72.46700
635.007,74.87700
635.339,72.75700
635.672,71.94700
636.005,71.17700
636.337,67.45700
636.670,64.30200
637.002,60.39700
637.334,57.46700
637.667,54.22200
637.999,52.37700
638.331,53.84700
638.664,48.03200
638.996,49.23700
639.328,45.94700
639.660,46.04700
639.992,45.24700
640.324,48.19700
640.656,40.54200
640.988,41.12200
641.320,39.50200
641.652,42.68200
641.983,42.41200
642.315,42.89200
642.647,41.72700
642.978,41.85700
643.310,42.80700
643.641,44.07700
643.973,40.03200
644.304,42.03700
644.636,40.56700
644.967,39.74700
645.298,37.29700
645.630,37.06700
645.961,34.59200
646.292,34.47700
646.623,36.21700
646.954,42.48200
647.285,36.21700
647.616,52.40700
647.947,19.14200
648.278,52.40700
648.609,58.07700
648.940,65.28200
649.270,67.95700
649.601,75.45200
649.932,84.19200
650.262,87.14200
650.593,82.72700
650.923,89.51700
651.254,84.73700
651.584,77.97200
651.915,78.21700
652.245,80.62700
652.575,78.21700
652.905,67.99700
653.236,64.87700
653.566,67.99700
653.896,65.11700
654.226,66.84700
654.556,60.84200
654.886,64.42700
655.216,68.62700
655.546,66.75700
655.875,68.55700
656.205,74.54700
656.535,72.61700
656.865,74.09700
657.194,77.80700
657.524,73.59700
657.853,69.97700
658.183,71.73200
658.512,72.27700
658.842,69.34200
659.171,69.86700
659.500,63.16700
659.830,58.99700
660.159,63.25200
660.488,61.12700
660.817,61.51700
661.146,57.58700
661.475,55.12700
661.804,55.12700
662.133,57.64700
662.462,56.31700
662.791,54.02700
663.120,56.31700
663.448,58.86200
663.777,58.78200
664.106,62.77700
664.434,59.53700
664.763,61.82700
665.091,56.04700
665.420,53.28200
665.748,54.54700
666.077,51.27200
666.405,54.40200
666.733,50.47700
667.062,46.44700
667.390,45.85700
667.718,48.41200
668.046,44.63700
668.374,43.04700
668.702,45.43200
669.030,47.16700
669.358,48.37200
669.686,40.22700
670.014,40.74200
670.341,42.32200
670.669,39.34700
670.997,40.22700
671.324,39.47700
671.652,37.18200
671.980,38.79700
672.307,37.05200
672.634,34.53700
672.962,34.84700
673.289,34.71200
673.616,30.41700
673.944,29.36700
674.271,30.19200
674.598,29.52700
674.925,30.99200
675.252,29.99700
675.579,29.73200
675.906,27.99700
676.233,28.66200
676.560,29.85200
676.887,30.03200
677.214,24.03700
677.540,57.27700
677.867,57.27700
678.194,62.87700
678.520,74.28200
678.847,74.28200
679.173,76.19700
679.500,78.79700
679.826,81.43700
680.153,80.15200
680.479,78.83200
680.805,81.34700
681.131,76.25200
681.458,78.51200
681.784,77.26700
682.110,76.79700
682.436,72.11200
682.762,72.11200
683.088,59.99700
683.414,65.76700
683.740,65.76700
684.065,65.75200
684.391,65.66700
684.717,65.58200
685.042,63.63200
685.368,54.84200
685.694,60.11700
686.019,55.53700
686.345,57.28200
686.670,55.44700
686.995,51.83700
687.321,53.59700
687.646,50.16700
687.971,50.34700
688.296,53.02200
688.622,50.72700
688.947,45.83700
689.272,43.83700
689.597,48.58200
689.922,50.04700
690.247,48.58200
690.572,47.96200
690.896,42.70700
691.221,47.96200
691.546,47.91200
691.870,46.09700
692.195,47.91200
692.520,51.98200
692.844,51.98200
693.169,54.68700
693.493,55.93200
693.817,52.90700
694.142,54.95200
694.466,53.32700
694.790,55.53200
695.115,53.86700
695.439,56.78700
695.763,51.28700
696.087,55.11200
696.411,51.87700
696.735,54.70200
697.059,56.33200
697.383,56.87700
697.707,55.33700
698.030,54.86700
698.354,61.31700
698.678,60.52200
699.001,60.52200
699.325,61.12700
699.648,55.48700
699.972,56.14700
700.295,55.48700
700.619,35.06200
700.942,53.25700
701.265,59.32700
701.589,57.36700
701.912,57.44200
702.235,60.16700
702.558,59.90700
702.881,61.15200
703.204,64.03200
703.527,59.85700
703.850,64.36200
704.173,63.43700
704.496,62.80700
704.819,61.15700
705.141,61.15700
705.464,58.23700
705.787,62.09700
706.109,65.39700
706.432,63.34700
706.754,67.68700
707.077,67.09200
707.399,68.39200
707.722,68.39200
708.044,68.30700
708.366,70.39700
708.688,84.92700
709.011,90.54200
709.333,91.31700
709.655,101.85200
709.977,108.81200
710.299,113.03700
710.621,113.06700
710.943,118.71700
711.264,119.09700
711.586,116.77700
711.908,123.22200
712.230,118.56700
712.551,123.42200
712.873,125.45700
713.194,124.88200
713.516,130.42700
713.837,126.68200
714.159,127.66700
714.480,123.34700
714.802,132.49700
715.123,131.86700
715.444,131.86700
715.765,127.59700
716.086,125.86200
716.407,131.89700
716.728,134.86700
717.049,138.08200
717.370,129.98200
717.691,135.02700
718.012,131.54700
718.333,131.62200
718.654,135.83200
718.974,132.51700
719.295,135.72700
719.615,136.12700
719.936,131.33200
720.257,134.63200
720.577,135.36700
720.898,130.55200
721.218,136.13700
721.538,125.88200
721.858,133.79700
722.179,130.15200
722.499,132.59700
722.819,135.97700
723.139,138.77700
723.459,135.36700
723.779,135.60700
724.099,141.69200
724.419,143.70200
724.739,145.43700
725.058,143.33700
725.378,148.93200
725.698,149.89200
726.018,152.20200
726.337,149.40200
726.657,155.02700
726.976,156.98200
727.296,162.98200
727.615,165.75700
727.934,169.67700
728.254,173.74700
728.573,179.79200
728.892,179.79200
729.212,186.22700
729.531,196.01700
729.850,197.14700
730.169,207.45700
730.488,209.41200
730.807,217.93700
731.125,225.26700
731.444,226.10700
731.763,229.95700
732.082,239.02700
732.401,242.74700
732.719,250.08200
733.038,253.88200
733.356,261.94700
733.675,259.19200
733.993,264.37700
734.312,269.30700
734.630,268.69700
734.948,268.69700
735.267,266.81200
735.585,271.34200
735.903,273.05200
736.221,276.49200
736.539,276.23200
736.857,262.64700
737.175,265.96700
737.493,266.86700
737.811,271.03700
738.129,271.92200
738.447,269.89200
738.764,259.59700
739.082,259.63200
739.400,257.69200
739.717,257.97700
740.035,256.87700
740.352,256.61200
740.670,259.85200
740.987,262.89200
741.305,258.62700
741.622,250.48700
741.939,253.09200
742.256,233.99200
742.574,239.64200
742.891,239.64200
743.208,241.35700
743.525,247.13200
743.842,258.52700
744.159,255.36200
744.476,256.43200
744.792,245.63200
745.109,241.82700
745.426,244.24700
745.743,232.23700
746.059,224.07200
746.376,229.63200
746.692,228.59700
747.009,229.29200
747.325,230.69200
747.642,230.50700
747.958,232.32200
748.274,231.88700
748.591,231.93700
748.907,230.45200
749.223,230.30200
749.539,203.79700
749.855,207.46200
750.171,207.46200
750.487,202.90200
750.803,208.98200
751.119,208.59200
751.435,218.84200
751.750,219.39200
752.066,216.73200
752.382,221.29700
752.697,218.79700
753.013,218.79700
753.328,215.52700
753.644,214.39700
753.959,217.19700
754.275,208.40700
754.590,199.55700
754.905,200.61700
755.221,199.75200
755.536,200.97700
755.851,199.15200
756.166,198.08200
756.481,198.28700
756.796,198.56700
757.111,199.26200
757.426,193.90700
757.741,196.01700
758.056,196.93700
758.370,185.19200
758.685,178.75700
759.000,177.08200
759.314,165.12700
759.629,169.52700
759.943,169.42700
760.258,163.67700
760.572,160.19700
760.887,147.16700
761.201,148.29800
761.515,138.99429
761.830,143.58861
762.144,134.64973
762.458,124.23284
762.772,121.58134
763.086,121.77403
763.400,119.57955
763.714,115.00786
764.028,112.43766
764.342,112.07968
764.655,111.76296
764.969,105.87812
765.283,108.21053
765.596,104.78620
765.910,104.19311
766.224,103.00224
766.537,101.88477
766.851,101.68588
767.164,101.30917
767.477,97.62236
767.791,98.83373
768.104,93.56577
768.417,93.89889
768.730,93.37866
769.043,90.35667
769.356,87.28412
769.669,85.42284
769.982,84.74148
770.295,84.45365
770.608,80.66083
770.921,80.59859
771.234,79.15750
771.547,78.91134
771.859,76.77969
772.172,75.50634
772.484,72.12032
772.797,71.55204
773.109,71.69914
773.422,71.47169
773.734,64.88379
774.047,68.15845
774.359,65.67970
774.671,65.86746
774.983,68.80287
775.295,62.53200
775.607,64.74700
775.919,61.30700
776.231,65.25700
776.543,62.49200
776.855,66.33200
777.167,61.84200
777.479,59.59700
777.791,60.15700
778.102,57.54200
778.414,59.69700
778.726,59.73200
779.037,59.54700
779.349,60.26200
779.660,59.93700
779.972,59.45700
780.283,36.83200
780.594,57.96200
780.906,59.62200
781.217,57.96200
781.528,59.00700
781.839,61.26700
782.150,58.07200
782.461,61.11700
782.772,61.92700
783.083,55.92700
783.394,58.14700
783.705,63.21200
784.016,56.71700
784.326,66.09200
784.637,56.71200
784.948,59.49200
785.258,64.58200
785.569,60.45700
785.879,54.72700
786.190,56.97700
786.500,55.18700
786.810,56.97700
787.121,57.39700
787.431,62.19700
787.741,58.84700
788.051,63.69200
788.361,62.29700
788.671,62.90200
788.981,62.26700
789.291,61.36200
789.601,58.59700
789.911,59.37700
790.221,63.93700
790.531,67.09200
790.840,64.35700
791.150,62.78700
791.460,62.82200
791.769,64.71700
792.079,62.82200
792.388,59.03700
792.698,61.64700
793.007,63.54700
793.316,66.73700
793.625,66.31200
793.935,59.55700
794.244,61.92700
794.553,62.35200
794.862,63.63700
795.171,68.66200
795.480,60.35700
795.789,70.34200
796.098,59.16700
796.407,65.00700
796.716,62.50200
797.024,64.85700
797.333,64.62700
797.641,63.14200
797.950,65.53200
798.259,63.26700
798.567,65.82200
798.875,64.79200
799.184,68.51700
799.492,67.06200
799.801,70.59700
800.109,62.13700
800.417,63.23200
800.725,60.36200
801.033,63.23200
801.341,63.23200
801.649,65.96700
801.957,65.96700
802.265,63.33700
802.573,67.77700
802.881,68.75700
803.188,68.90200
803.496,67.76700
803.804,72.16700
804.111,68.36700
804.419,77.12700
804.726,72.93200
805.034,72.93200
805.341,72.93200
805.649,71.20700
805.956,74.89700
806.263,75.97700
806.570,78.00200
806.878,75.60700
807.185,82.25700
807.492,83.27700
807.799,81.43700
808.106,81.98200
808.413,86.90200
808.719,90.68700
809.026,89.68200
809.333,89.91700
809.640,99.83200
809.946,95.81700
810.253,102.16700
810.559,104.67700
810.866,105.58200
811.173,109.41700
811.479,111.31700
811.785,112.82700
812.092,123.47700
812.398,119.48700
812.704,119.06700
813.010,125.08200
813.316,131.71700
813.622,135.19700
813.928,133.72700
814.235,135.84700
814.540,135.84700
814.846,148.54200
815.152,148.54200
815.458,151.01700
815.764,153.71700
816.069,162.68200
816.375,163.73700
816.681,160.25700
816.986,167.66700
817.292,172.41700
817.597,173.43200
817.902,183.42700
818.208,182.47700
818.513,185.27200
818.818,184.16700
819.123,200.75200
819.428,202.15700
819.734,206.04200
820.039,212.38200
820.343,209.75200
820.649,212.14700
820.953,215.21700
821.258,224.49200
821.563,229.10200
821.868,232.99700
822.172,237.81200
822.477,232.31700
822.782,234.93200
823.086,236.21200
823.391,238.21200
823.695,240.47700
824.000,241.72700
824.304,240.23200
824.608,239.38200
824.912,252.86200
825.217,249.58700
825.521,252.23200
825.825,257.04700
826.129,256.11700
826.433,264.24700
826.737,269.08700
827.041,277.04700
827.345,270.87200
827.648,269.34700
827.952,265.98700
828.256,276.94700
828.559,276.94700
828.863,283.55200
829.167,283.55200
829.470,279.48200
829.774,286.16700
830.077,282.89700
830.380,282.89700
830.684,259.30700
830.987,257.96700
831.290,259.30700
831.593,257.96700
831.896,251.12700
832.199,250.90700
832.502,239.79700
832.805,232.13200
833.108,224.58200
833.411,224.58200
833.714,215.55200
834.017,205.09200
834.319,202.40700
834.622,200.52700
834.925,185.94200
835.227,189.35200
835.530,182.47700
835.832,180.75200
836.135,172.63200
836.437,167.85700
836.739,168.11700
837.042,160.59200
837.344,153.42700
837.646,152.94700
837.948,145.14700
838.250,141.43200
838.552,140.44200
838.854,140.24200
839.156,128.17200
839.458,126.19200
839.760,124.38700
840.061,122.19200
840.363,120.93700
840.665,113.78200
840.966,107.66700
841.268,108.17700
841.569,103.59700
841.871,100.96200
842.172,100.00700
842.474,102.16200
842.775,98.19200
843.076,89.27700
843.377,86.74700
843.679,88.16200
843.980,83.23200
844.281,83.01200
844.582,80.33200
844.883,79.48700
845.184,78.99700
845.485,79.64700
845.785,71.42700
846.086,69.83200
846.387,68.94200
846.687,64.88200
846.988,67.11700
847.289,67.11700
847.589,60.59700
847.890,68.84700
848.190,60.59700
848.490,60.76200
848.791,54.23700
849.091,58.28200
849.391,57.11700
849.691,56.84200
849.991,58.47200
850.292,58.94700
850.591,55.99700
850.891,58.49700
851.191,57.70700
851.491,55.36700
851.791,52.11700
852.091,55.36700
852.390,56.17700
852.690,59.01700
852.990,58.68700
853.289,58.79200
853.589,55.33700
853.888,60.23700
854.188,58.20200
854.487,58.22200
854.786,58.79200
855.086,63.39700
855.385,62.66200
855.684,62.49700
855.983,64.98700
856.282,60.82700
856.581,59.04700
856.880,63.15200
857.179,65.99200
857.478,59.25200
857.777,59.25200
858.076,55.14700
858.374,66.65200
858.673,61.44700
858.972,64.63200
859.270,67.47700
859.569,62.51700
859.867,65.38700
860.165,69.90700
860.464,76.26200
860.762,73.08200
861.060,71.58700
861.359,73.81700
861.657,76.85200
861.955,74.00200
862.253,81.85700
862.551,76.19200
862.849,80.69200
863.147,80.25200
863.445,86.85700
863.742,77.99700
864.040,86.76200
864.338,82.72700
864.636,87.17200
864.933,90.21200
865.231,86.81700
865.528,88.04700
865.826,90.64700
866.123,91.69700
866.420,90.51200
866.718,93.69200
867.015,96.80200
867.312,95.14200
867.609,98.30700
867.907,97.89700
868.204,105.04700
868.501,95.63200
868.798,97.32700
869.095,92.44700
869.391,101.01200
869.688,103.01200
869.985,102.79200
870.282,100.14700
870.578,102.16700
870.875,106.73700
871.171,106.63200
871.468,103.56700
871.764,101.48200
872.061,105.37700
872.357,102.38200
872.653,102.68700
872.950,100.98200
873.246,97.35700
873.542,94.24700
873.838,94.25700
874.134,89.46700
874.430,89.44200
874.726,87.53200
875.022,85.87700
875.318,82.28200
875.614,83.96700
875.909,79.99200
876.205,71.18200
876.501,72.99700
876.796,68.72700
877.092,65.31700
