# Calcio (Ca) - saggio alla fiamma, USB2000 S/N USB2G16606
# registrazione: nightca_usb2000_spettrogramma_20260921_231521
# selezione: media delle 2 righe piu intense in 615-630 nm (su 14)
# integrazione: 800 ms · rumore: 0.93 conteggi
# fondo strumentale sottratto; punte di 1-2 pixel rimosse
# cancellato Na a 589 nm +-5 nm (c'era un picco da 1202 conteggi)
# cancellato K a 768 nm +-7 nm (c'era un picco da 47 conteggi)
wavelength_nm,intensity_counts
176.507,14.75900
176.894,14.75900
177.280,9.95900
177.667,9.31400
178.054,7.73400
178.440,7.01900
178.827,5.30400
179.213,5.46900
179.599,5.30400
179.986,3.68400
180.372,2.96900
180.758,4.84400
181.144,5.65900
181.530,6.02900
181.917,5.93900
182.303,5.14400
182.689,7.25400
183.075,6.88400
183.461,6.88400
183.847,3.91900
184.232,4.58900
184.618,4.90400
185.004,5.16900
185.390,6.93900
185.776,6.53900
186.161,7.41400
186.547,7.25400
186.933,8.11900
187.318,6.71900
187.704,4.96900
188.089,7.65900
188.475,4.63400
188.860,5.26400
189.245,5.18400
189.631,4.40900
190.016,4.44900
190.401,9.15900
190.787,3.99400
191.172,3.59400
191.557,3.61400
191.942,4.88900
192.327,4.27900
192.712,3.20400
193.097,5.53400
193.482,5.94400
193.867,4.59900
194.252,3.89400
194.637,4.01900
195.022,3.15400
195.406,3.02400
195.791,2.50400
196.176,2.13400
196.560,3.04900
196.945,2.46400
197.330,3.24400
197.714,2.67900
198.099,2.27900
198.483,2.98900
198.868,3.08900
199.252,1.20400
199.636,1.80900
200.020,3.28400
200.405,2.55900
200.789,1.57900
201.173,2.29400
201.557,1.92900
201.941,2.25400
202.325,1.77400
202.709,0.46400
203.093,1.41400
203.477,1.36400
203.861,0.56900
204.245,-0.20600
204.629,-0.01600
205.013,1.76900
205.397,1.47900
205.780,1.74400
206.164,1.14400
206.548,1.51400
206.931,1.13400
207.315,1.59900
207.698,1.60900
208.082,0.99400
208.465,0.75400
208.848,1.15400
209.232,-0.63600
209.615,3.39400
209.998,-0.45100
210.382,-1.78600
210.765,-0.87600
211.148,0.79400
211.531,-1.98600
211.914,-1.98600
212.297,-3.91100
212.680,-2.48100
213.063,-3.82100
213.446,-3.57100
213.829,-1.35600
214.212,-1.27600
214.595,-0.09100
214.977,-0.65100
215.360,-1.62600
215.743,-1.93100
216.125,-1.86600
216.508,-1.78600
216.891,-1.49100
217.273,-0.36600
217.656,-1.71600
218.038,-0.30600
218.420,-1.26600
218.803,-2.16600
219.185,-2.17100
219.567,11.14300
219.950,11.56700
220.332,12.69500
220.714,12.31400
221.096,-5.63600
221.478,-3.36100
221.860,-2.92600
222.242,-1.53100
222.624,-2.78600
223.006,-1.68600
223.388,-2.15600
223.770,-4.36600
224.152,-2.50600
224.534,-3.25600
224.915,-2.98600
225.297,-1.60600
225.679,-2.86100
226.060,-5.95100
226.442,-4.45100
226.823,-4.17600
227.205,-2.63100
227.587,-1.71600
227.968,-2.37100
228.349,-2.85600
228.731,-1.96100
229.112,-1.67600
229.493,-3.16100
229.874,-3.15600
230.256,-3.14600
230.637,-3.91600
231.018,-3.61600
231.399,-4.62600
231.780,-3.15100
232.161,-4.49600
232.542,-2.70100
232.923,-4.02600
233.304,-4.46600
233.685,-5.36600
234.065,-2.59600
234.446,-2.85600
234.827,-3.94100
235.207,-2.90600
235.588,-2.19600
235.969,-0.89600
236.349,-2.87100
236.730,-3.64600
237.110,-3.64600
237.491,-4.58100
237.871,-5.34100
238.251,-5.42100
238.632,-5.04600
239.012,-3.68600
239.392,-5.21100
239.772,-6.60600
240.153,-5.86100
240.533,-5.70100
240.913,-5.05100
241.293,-3.97600
241.673,-5.75100
242.053,-5.45600
242.433,-6.36100
242.813,-6.39600
243.192,-6.03100
243.572,-4.10600
243.952,-4.10600
244.332,-4.10600
244.711,-6.14100
245.091,-4.90600
245.471,-5.39600
245.850,-5.73600
246.230,-5.56600
246.609,-6.39100
246.989,-6.11100
247.368,-5.72600
247.747,-5.82100
248.127,-6.33100
248.506,-5.51600
248.885,-5.51600
249.264,-5.51600
249.644,-6.03600
250.023,-7.17100
250.402,-5.43100
250.781,-5.68600
251.160,-4.26600
251.539,-4.75100
251.918,-5.71100
252.297,-4.79100
252.675,-7.45100
253.054,-7.70600
253.433,-6.42100
253.812,-4.92600
254.190,-6.16100
254.569,-6.22100
254.948,-6.07600
255.326,-5.59100
255.705,-4.33100
256.083,-6.28100
256.462,-4.71600
256.840,-4.12600
257.219,-3.92600
257.597,-4.91100
257.975,-4.81100
258.353,-5.89100
258.731,-3.40100
259.110,-4.08100
259.488,-5.64600
259.866,-4.81100
260.244,-4.81100
260.622,-4.75600
261.000,-9.03600
261.378,-6.07600
261.756,-5.28600
262.134,-5.28600
262.511,11.18000
262.889,-7.88600
263.267,-6.92100
263.645,12.27500
264.022,-5.50100
264.400,-5.88600
264.777,-5.50100
265.155,-5.00100
265.532,-2.97100
265.910,-3.53100
266.287,-4.27100
266.665,-3.21600
267.042,-4.24100
267.419,-5.25600
267.796,-3.55100
268.174,-4.59100
268.551,-3.02100
268.928,-4.41100
269.305,-5.07100
269.682,-3.69100
270.059,-5.98100
270.436,-5.27600
270.813,-5.74100
271.190,-4.56100
271.567,-5.01100
271.943,-4.49600
272.320,-6.49600
272.697,-6.24600
273.074,-3.73100
273.450,-3.77600
273.827,-6.13100
274.204,-3.91600
274.580,-4.36600
274.957,-2.92600
275.333,-2.28100
275.709,-3.91600
276.086,-3.98100
276.462,-4.77600
276.838,-5.34100
277.214,-4.96100
277.591,-3.30600
277.967,-2.74100
278.343,-5.45100
278.719,-4.49100
279.095,-4.86600
279.471,-3.92100
279.847,-4.60600
280.223,-4.15100
280.599,-5.39100
280.975,-4.70600
281.351,-6.54100
281.726,-5.59100
282.102,-5.54100
282.478,-4.75100
282.853,-4.29100
283.229,-5.23600
283.604,-3.91600
283.980,-3.53600
284.355,-3.27100
284.731,-4.94600
285.106,-4.20100
285.482,-4.87600
285.857,-5.88100
286.232,-4.59100
286.607,-2.61600
286.983,-2.53100
287.358,-4.51600
287.733,-4.40600
288.108,-2.84100
288.483,-1.77100
288.858,-3.36600
289.233,-4.43100
289.608,-4.51100
289.983,-2.88600
290.358,-2.08100
290.732,-4.91100
291.107,-6.11600
291.482,-6.21600
291.856,-4.45600
292.231,-3.77100
292.606,-4.57100
292.980,-4.13600
293.355,-4.79600
293.729,-4.24600
294.104,-3.15600
294.478,-3.09100
294.852,-4.06600
295.227,-4.21600
295.601,-3.48600
295.975,-2.21600
296.349,-5.00100
296.723,-4.28100
297.098,-4.28100
297.472,-2.45600
297.846,-5.57600
298.219,-2.45600
298.594,-2.82100
298.967,-2.44100
299.341,-4.09600
299.715,-3.31600
300.089,-1.82600
300.463,-4.74600
300.836,-3.01100
301.210,-3.96600
301.584,-3.02100
301.957,-4.15600
302.331,-4.90100
302.704,-3.88100
303.077,-2.29600
303.451,-4.38600
303.824,-5.47100
304.198,-4.87600
304.571,-3.12100
304.944,-3.84100
305.317,-3.29100
305.691,-2.27600
306.064,-1.53100
306.437,-1.32100
306.810,1.60400
307.183,2.49900
307.556,1.54900
307.929,-0.61600
308.302,0.45900
308.674,3.66900
309.047,-1.01100
309.420,-1.11600
309.793,-0.19600
310.165,0.23900
310.538,-0.46600
310.911,-1.27100
311.283,-2.51600
311.656,-1.81100
312.028,-1.24100
312.401,-1.14600
312.773,-1.64600
313.145,0.40900
313.518,0.84400
313.890,-3.26600
314.262,-2.20100
314.634,-1.43100
315.006,-0.41600
315.378,1.82900
315.751,0.89400
316.123,-0.41100
316.495,-0.49100
316.866,-2.03600
317.238,-1.84600
317.610,-1.26600
317.982,-1.78600
318.354,0.45400
318.726,-2.05600
319.097,-0.71600
319.469,-0.82600
319.841,-1.17600
320.212,-2.25100
320.584,-1.16100
320.955,-2.43100
321.327,-0.43600
321.698,0.60900
322.069,-2.40600
322.441,-3.39600
322.812,-3.58600
323.183,-1.42600
323.555,-2.61100
323.926,-2.60100
324.297,-2.56600
324.668,-2.34100
325.039,-1.61600
325.410,-1.78600
325.781,-1.09100
326.152,-1.48100
326.523,12.12500
326.894,11.89900
327.264,12.12500
327.635,-2.31600
328.006,-2.53600
328.376,0.12900
328.747,-0.09600
329.118,-0.97600
329.488,-0.45100
329.859,-0.45100
330.229,0.01400
330.599,0.00900
330.970,0.42900
331.340,1.04900
331.711,-0.20600
332.081,-0.44100
332.451,0.14900
332.821,0.51400
333.191,0.59400
333.562,0.59400
333.932,-0.16100
334.301,0.33400
334.671,-1.02100
335.041,0.49400
335.411,-0.19100
335.781,-0.27100
336.151,-1.22600
336.521,-2.14100
336.890,-1.55600
337.260,-0.86100
337.630,0.51400
337.999,-0.40600
338.369,1.01400
338.738,0.82400
339.108,-0.15100
339.477,-0.20600
339.847,0.08400
340.216,0.09400
340.586,2.44400
340.955,-1.15100
341.324,-0.30600
341.693,1.41900
342.062,1.21400
342.431,0.17400
342.800,-0.94100
343.170,-0.29600
343.538,1.18900
343.907,1.13400
344.276,-0.09600
344.645,0.02400
345.014,-1.08100
345.383,0.11900
345.752,0.55400
346.120,-0.12600
346.489,2.56900
346.858,2.28400
347.226,0.93900
347.595,1.46400
347.963,1.81900
348.332,1.33400
348.700,0.83900
349.068,1.76400
349.437,1.39400
349.805,-0.09100
350.173,1.59900
350.541,1.14900
350.909,1.53900
351.278,1.52400
351.646,1.91400
352.014,3.35900
352.382,3.36900
352.750,4.64400
353.118,0.30400
353.485,1.51900
353.853,2.12400
354.221,1.56400
354.589,1.75900
354.957,1.05900
355.324,2.17900
355.692,3.75900
356.059,3.40900
356.427,2.59400
356.794,1.53400
357.162,6.09900
357.529,2.52900
357.897,3.45900
358.264,1.84400
358.631,1.77400
358.998,2.07900
359.366,1.46400
359.733,1.88900
360.100,2.83900
360.467,2.17900
360.834,2.88400
361.201,3.81900
361.568,3.54400
361.935,3.30400
362.302,2.71900
362.669,2.26400
363.035,1.96400
363.402,2.15900
363.769,4.11900
364.135,3.56900
364.502,2.82900
364.869,2.17400
365.235,2.46400
365.602,1.56400
365.968,2.64400
366.335,2.49400
366.701,4.01400
367.067,2.97900
367.434,3.14900
367.800,4.63400
368.166,1.17900
368.532,5.53400
368.898,4.31900
369.264,1.78400
369.630,2.48400
369.996,1.90900
370.362,2.61400
370.728,1.60900
371.094,0.78400
371.460,1.30900
371.826,1.00900
372.192,4.06900
372.557,2.13900
372.923,2.85900
373.288,2.69400
373.654,4.66900
374.020,4.59900
374.385,4.11900
374.751,4.37400
375.116,4.27900
375.481,4.28400
375.847,4.97900
376.212,5.05900
376.577,4.63900
376.942,4.74400
377.308,5.44400
377.673,4.90900
378.038,4.13400
378.403,5.35400
378.768,4.84400
379.133,5.20900
379.498,5.84400
379.863,4.65400
380.227,5.11900
380.592,4.25900
380.957,4.99400
381.322,6.13900
381.686,7.67400
382.051,6.33900
382.415,5.91400
382.780,6.87900
383.144,4.45900
383.509,4.21400
383.873,5.21900
384.238,7.08400
384.602,4.88400
384.966,1.79400
385.330,2.50900
385.695,3.07900
386.059,5.64400
386.423,7.48400
386.787,6.23400
387.151,2.69400
387.515,3.46900
387.879,3.11400
388.243,4.54900
388.607,5.43400
388.971,6.13400
389.334,6.13400
389.698,4.72900
390.062,5.04400
390.425,3.93900
390.789,5.87900
391.153,4.74900
391.516,5.01400
391.880,5.48400
392.243,5.55400
392.606,5.47900
392.970,5.31900
393.333,6.50900
393.697,6.95400
394.060,7.09400
394.423,6.04900
394.786,6.02400
395.149,5.67900
395.512,5.25400
395.875,6.25900
396.238,4.96400
396.601,7.25900
396.964,7.37400
397.327,7.75400
397.690,7.60400
398.053,6.61400
398.415,7.72400
398.778,9.21900
399.140,9.19400
399.503,6.55400
399.866,6.09900
400.228,7.16400
400.591,6.87400
400.953,6.92900
401.315,6.50400
401.678,9.91900
402.040,6.71900
402.402,7.51900
402.765,7.82900
403.127,5.32400
403.489,6.52400
403.851,7.54400
404.213,8.40400
404.575,6.98400
404.937,6.53900
405.299,9.04900
405.661,9.62400
406.023,9.08900
406.385,9.80900
406.746,9.80900
407.108,11.83700
407.470,2.29400
407.831,5.07400
408.193,5.78900
408.554,8.19400
408.916,8.21400
409.277,9.48400
409.639,6.15900
410.000,7.38900
410.361,7.30400
410.723,6.43900
411.084,7.01400
411.445,8.71900
411.806,8.01900
412.168,6.92900
412.529,8.21900
412.890,7.47900
413.251,7.27900
413.612,6.89900
413.973,6.83900
414.333,3.58400
414.694,3.81900
415.055,6.23900
415.416,7.35400
415.776,9.61900
416.137,8.79400
416.498,8.76900
416.858,9.71900
417.219,10.05900
417.579,9.88900
417.940,8.13900
418.300,9.35900
418.660,8.90400
419.021,8.35900
419.381,9.65900
419.741,7.13900
420.101,8.65400
420.462,10.99900
420.822,11.34900
421.182,8.33400
421.542,9.02400
421.902,11.41400
422.262,11.87900
422.622,10.38900
422.981,11.87900
423.341,14.73700
423.701,7.97400
424.061,6.59400
424.420,9.91400
424.780,9.88400
425.140,5.97900
425.499,6.61900
425.859,8.05900
426.218,8.32900
426.577,8.59900
426.937,10.11900
427.296,9.76900
427.656,10.21400
428.015,13.08250
428.374,6.29400
428.733,8.13400
429.092,4.26400
429.451,7.10900
429.810,6.42900
430.169,5.93900
430.528,5.80400
430.887,6.40900
431.246,7.85900
431.605,9.02400
431.964,8.07900
432.322,7.76400
432.681,7.26900
433.040,7.55900
433.398,8.65400
433.757,7.53900
434.115,6.39400
434.474,6.70900
434.832,4.79900
435.191,5.45900
435.549,4.79900
435.908,3.70900
436.266,4.19400
436.624,5.70400
436.982,5.92400
437.340,7.88400
437.698,6.83400
438.056,9.52400
438.414,6.70900
438.772,9.68900
439.130,7.08900
439.488,7.42900
439.846,8.54400
440.204,6.23400
440.562,10.54900
440.919,8.59400
441.277,6.95400
441.635,6.22400
441.992,6.10900
442.350,9.34400
442.707,11.65900
443.065,8.69400
443.422,8.81400
443.779,8.97900
444.137,9.04400
444.494,6.04900
444.851,4.71400
445.209,6.20900
445.566,5.14900
445.923,4.54400
446.280,3.70900
446.637,5.64900
446.994,7.75900
447.351,7.19400
447.708,6.37400
448.065,6.20900
448.421,6.48900
448.778,7.92900
449.135,7.69400
449.492,8.00900
449.848,7.60400
450.205,6.23900
450.561,6.86400
450.918,6.23900
451.274,6.65400
451.631,5.10400
451.987,6.40900
452.344,6.61900
452.700,5.08900
453.056,5.87400
453.412,7.00900
453.768,5.40400
454.125,5.10900
454.481,5.62900
454.837,6.34400
455.193,4.01900
455.549,3.06900
455.904,2.53400
456.260,3.92900
456.616,3.14900
456.972,3.35900
457.328,1.36400
457.683,3.70400
458.039,5.95900
458.395,4.65900
458.750,5.50400
459.106,6.27400
459.461,6.24400
459.817,5.73400
460.172,4.90900
460.527,4.36900
460.883,4.27900
461.238,4.75900
461.593,4.99400
461.948,6.34900
462.303,6.38900
462.659,5.58900
463.014,5.84400
463.369,6.73400
463.724,4.23900
464.079,5.38400
464.433,4.76400
464.788,4.84400
465.143,3.84400
465.498,4.62900
465.852,4.60400
466.207,4.90400
466.562,4.49400
466.916,6.40900
467.271,7.17900
467.625,7.09900
467.980,6.46900
468.334,6.08400
468.688,6.03900
469.043,6.54400
469.397,7.21900
469.751,5.93900
470.106,8.17900
470.460,6.37400
470.814,6.84400
471.168,6.25900
471.522,6.50900
471.876,6.44400
472.230,7.83900
472.584,7.35400
472.937,7.87900
473.291,5.61900
473.645,6.83900
473.999,4.66900
474.352,4.60900
474.706,6.50900
475.060,4.63900
475.413,6.39900
475.767,4.63900
476.120,3.48400
476.473,3.75900
476.827,7.48900
477.180,7.42900
477.533,5.46400
477.887,4.73900
478.240,7.81900
478.593,5.07900
478.946,7.62400
479.299,6.15900
479.652,5.96400
480.005,5.71900
480.358,5.08400
480.711,3.95400
481.064,5.40400
481.416,4.87400
481.769,7.09900
482.122,6.56400
482.474,6.96900
482.827,7.65900
483.180,6.14900
483.532,5.73400
483.885,7.46900
484.237,6.40400
484.589,7.11400
484.942,6.90900
485.294,9.03400
485.647,5.52900
485.999,5.13900
486.351,6.00900
486.703,8.38900
487.055,5.90900
487.407,4.00900
487.759,3.28400
488.111,5.18900
488.463,4.93400
488.815,4.17900
489.167,3.79900
489.519,6.69400
489.870,7.26900
490.222,5.92400
490.574,7.13400
490.925,6.67400
491.277,4.55900
491.628,4.55900
491.980,0.05400
492.331,1.76400
492.683,2.64400
493.034,4.05400
493.385,3.55400
493.737,4.86400
494.088,5.87900
494.439,6.02900
494.790,5.45900
495.141,5.70400
495.492,6.55900
495.843,5.01400
496.194,5.47900
496.545,5.37900
496.896,3.37400
497.247,5.21400
497.598,7.37900
497.948,6.13900
498.299,6.00900
498.650,4.54400
499.000,3.45400
499.351,6.99900
499.702,6.30900
500.052,5.49400
500.402,4.96900
500.753,5.58400
501.103,6.60900
501.454,6.34400
501.804,7.14400
502.154,5.84900
502.504,6.82400
502.854,8.90900
503.204,8.90900
503.554,16.25800
503.904,4.50900
504.254,2.04900
504.604,4.50900
504.954,4.37900
505.304,6.82900
505.654,5.69400
506.003,5.02400
506.353,7.00900
506.703,7.39900
507.052,6.03400
507.402,6.85900
507.751,4.58900
508.101,5.89400
508.450,8.44900
508.800,8.92400
509.149,4.61900
509.498,6.59900
509.848,8.68900
510.197,5.53900
510.546,6.00900
510.895,6.85900
511.244,6.06900
511.593,5.80400
511.942,6.12400
512.291,5.80400
512.640,0.36900
512.989,3.56400
513.338,4.42400
513.687,3.48900
514.035,4.42400
514.384,7.81400
514.732,0.64400
515.081,1.59900
515.430,2.65400
515.778,1.96400
516.127,3.84900
516.475,3.83400
516.823,1.84400
517.172,2.52900
517.520,3.13900
517.868,6.58900
518.216,5.66900
518.565,5.52400
518.913,4.42900
519.261,4.17400
519.609,4.24900
519.957,4.31400
520.305,4.30400
520.653,5.16900
521.000,4.00400
521.348,2.44400
521.696,7.21400
522.044,6.15400
522.391,4.70900
522.739,3.84900
523.087,4.67400
523.434,4.94400
523.782,7.13400
524.129,2.41900
524.476,3.13400
524.824,3.52900
525.171,4.84400
525.518,5.18900
525.865,4.47400
526.213,3.34900
526.560,4.47400
526.907,3.34900
527.254,0.15900
527.601,1.45900
527.948,1.83400
528.295,2.58400
528.642,6.56400
528.989,3.08900
529.335,5.12900
529.682,3.58400
530.029,2.75400
530.375,4.24400
530.722,3.69400
531.069,1.19400
531.415,1.64400
531.761,2.88400
532.108,2.89900
532.454,3.29900
532.801,3.46900
533.147,5.73400
533.493,4.95900
533.839,5.05400
534.186,4.25900
534.532,4.02900
534.878,2.42900
535.224,2.39400
535.570,2.05900
535.916,4.52400
536.262,4.49900
536.607,4.41400
536.953,2.92900
537.299,1.76900
537.645,2.04900
537.990,1.64400
538.336,3.48400
538.682,4.33400
539.027,3.69900
539.373,2.32900
539.718,1.29400
540.063,4.53900
540.409,2.47900
540.754,2.36900
541.100,6.23400
541.445,7.72900
541.790,3.77900
542.135,6.57900
542.480,4.38400
542.825,7.42900
543.170,3.56400
543.515,1.18400
543.860,3.21900
544.205,4.99900
544.550,2.94900
544.894,3.57400
545.239,2.86900
545.584,2.73400
545.929,2.28900
546.273,4.69900
546.618,3.60900
546.962,3.98400
547.307,4.39900
547.651,3.77900
547.995,4.55400
548.340,6.22900
548.684,5.65400
549.028,8.56400
549.373,8.56400
549.717,15.75800
550.061,3.01400
550.405,15.30850
550.749,15.52900
551.093,17.53400
551.437,22.14400
551.781,24.52400
552.125,28.63400
552.468,29.62400
552.812,32.14400
553.156,43.02400
553.500,43.09900
553.843,42.09900
554.187,38.31900
554.530,35.86900
554.874,36.77400
555.217,35.77900
555.561,22.83900
555.904,23.15900
556.247,18.17900
556.591,14.33400
556.934,15.79900
557.277,13.08400
557.620,11.09900
557.963,12.63900
558.306,11.95400
558.649,9.05400
558.992,9.14900
559.335,8.99900
559.678,7.87400
560.021,7.87400
560.364,6.97400
560.706,5.83400
561.049,4.56400
561.391,5.82400
561.734,4.95900
562.077,6.63400
562.419,5.00400
562.762,5.23400
563.104,5.60900
563.446,7.80400
563.789,5.33900
564.131,7.23900
564.473,4.46400
564.816,3.83400
565.158,5.53400
565.500,5.27900
565.842,4.88900
566.184,3.03400
566.526,4.38400
566.868,6.92900
567.210,4.52400
567.551,3.11900
567.893,3.47400
568.235,4.02900
568.577,3.32400
568.918,4.92400
569.260,4.94900
569.601,4.44900
569.943,6.67900
570.284,5.42900
570.626,8.71900
570.967,1.00900
571.308,3.42400
571.650,2.98400
571.991,2.30900
572.332,2.76400
572.673,3.01400
573.014,2.76400
573.356,0.94400
573.697,2.41400
574.038,2.82400
574.379,3.31900
574.719,3.59400
575.060,2.85900
575.401,2.83400
575.742,4.40900
576.082,4.32900
576.423,2.43400
576.764,2.93900
577.104,1.46400
577.445,3.26400
577.785,4.96900
578.126,4.67900
578.466,5.24900
578.807,4.20900
579.147,4.30400
579.487,3.79900
579.827,4.08400
580.167,4.84400
580.508,5.62900
580.848,7.20900
581.188,6.03400
581.528,6.00900
581.868,5.54400
582.207,2.28400
582.547,1.89900
582.887,3.06900
583.227,4.89900
583.567,8.51400
583.906,9.06400
584.246,7.87862
584.585,6.66832
584.925,9.45329
585.264,10.60380
585.604,10.14575
585.943,11.15072
586.283,12.19859
586.622,12.01031
586.961,10.59103
587.300,10.20789
587.640,10.97006
587.979,11.75355
588.318,9.65343
588.657,11.80842
588.996,10.98239
589.335,11.62221
589.674,11.95214
590.013,12.32012
590.351,13.16372
590.690,13.91500
591.029,12.95190
591.367,14.52523
591.706,12.74332
592.045,13.86157
592.383,14.53762
592.722,13.91844
593.060,11.67665
593.399,11.51209
593.737,11.53353
594.075,10.50400
594.413,10.82400
594.752,9.77900
595.090,7.07900
595.428,8.33400
595.766,8.65400
596.104,9.32400
596.442,11.33400
596.780,9.11900
597.118,9.00900
597.456,10.30900
597.794,11.45400
598.131,10.75900
598.469,12.09400
598.807,14.38900
599.144,13.77900
599.482,12.02900
599.819,15.00900
600.157,14.66900
600.494,13.02900
600.832,13.23400
601.169,14.97900
601.506,16.46400
601.844,16.05400
602.181,15.14400
602.518,18.46900
602.855,12.93900
603.192,13.18400
603.529,14.11900
603.866,14.63900
604.203,15.03900
604.540,13.72900
604.877,13.46900
605.214,14.88400
605.551,11.73400
605.887,13.14900
606.224,10.11900
606.561,10.30900
606.897,11.35400
607.234,10.07900
607.570,10.20900
607.907,9.88400
608.243,9.91900
608.580,10.32400
608.916,10.32400
609.252,16.61500
609.588,13.11900
609.924,13.11900
610.260,9.41900
610.597,9.52900
610.933,13.15900
611.269,12.93900
611.605,14.30900
611.941,13.12900
612.276,16.44400
612.612,16.90400
612.948,17.16400
613.284,16.25900
613.619,17.80400
613.955,18.42900
614.290,18.42900
614.626,26.87500
614.962,26.87500
615.297,31.94400
615.632,28.66400
615.968,31.94400
616.303,31.62400
616.638,32.58400
616.973,34.49900
617.309,34.49900
617.644,68.77800
617.979,45.17900
618.314,45.17900
618.649,47.96900
618.984,54.51900
619.319,55.15900
619.653,55.19400
619.988,63.04900
620.323,66.16900
620.658,63.08900
620.992,67.00900
621.327,66.91400
621.662,68.09900
621.996,70.10900
622.331,63.08400
622.665,61.84300
622.999,60.69900
623.334,63.13900
623.668,72.70400
624.002,72.17900
624.336,71.41900
624.671,69.51400
625.005,70.01900
625.339,66.02900
625.673,61.52400
626.007,59.18400
626.341,51.95400
626.675,44.41400
627.008,36.13400
627.342,36.83400
627.676,28.28400
628.010,25.88900
628.343,25.51400
628.677,15.63900
629.010,14.21900
629.344,15.05900
629.677,18.13400
630.011,7.20400
630.344,8.50900
630.678,7.70400
631.011,7.26900
631.344,6.67900
631.677,6.46900
632.010,4.72900
632.343,5.67900
632.677,6.83900
633.010,5.30400
633.342,3.54400
633.675,4.57400
634.008,4.61900
634.341,4.57900
634.674,3.56900
635.007,5.62400
635.339,4.75900
635.672,4.86900
636.005,4.16900
636.337,5.40900
636.670,3.30900
637.002,5.26400
637.334,4.01900
637.667,3.52400
637.999,3.87400
638.331,5.30400
638.664,4.13400
638.996,4.72400
639.328,4.82400
639.660,5.19400
639.992,6.93400
640.324,8.35900
640.656,4.72400
640.988,4.03900
641.320,4.12900
641.652,6.15900
641.983,6.90900
642.315,6.31400
642.647,7.36400
642.978,5.30400
643.310,5.21400
643.641,5.46400
643.973,5.99400
644.304,7.47400
644.636,6.65900
644.967,7.35900
645.298,7.44400
645.630,7.89400
645.961,7.98400
646.292,6.34900
646.623,7.01400
646.954,9.53400
647.285,8.27900
647.616,21.69100
647.947,14.43900
648.278,4.83400
648.609,4.83400
648.940,4.58400
649.270,2.77400
649.601,3.05400
649.932,4.07400
650.262,3.71400
650.593,3.74900
650.923,4.00400
651.254,2.95400
651.584,0.87900
651.915,0.60900
652.245,3.20900
652.575,3.20900
652.905,3.20900
653.236,-2.15100
653.566,0.06900
653.896,1.88900
654.226,2.44400
654.556,2.62400
654.886,1.99900
655.216,3.19400
655.546,1.92400
655.875,1.36400
656.205,0.27900
656.535,1.55400
656.865,1.70400
657.194,1.18900
657.524,1.28400
657.853,1.42400
658.183,1.54400
658.512,2.88400
658.842,1.13400
659.171,1.55400
659.500,0.29400
659.830,2.38400
660.159,3.11900
660.488,1.79900
660.817,2.48400
661.146,1.50400
661.475,2.23400
661.804,13.15400
662.133,12.82900
662.462,11.87800
662.791,-0.15600
663.120,0.71900
663.448,1.39400
663.777,1.59400
664.106,1.67400
664.434,1.27900
664.763,1.58400
665.091,0.17900
665.420,1.46900
665.748,2.13400
666.077,0.59900
666.405,1.58900
666.733,3.50900
667.062,0.54900
667.390,-0.28600
667.718,-0.15100
668.046,0.21900
668.374,0.77900
668.702,1.65400
669.030,1.72900
669.358,4.49400
669.686,-0.23100
670.014,-1.40100
670.341,0.41400
670.669,0.80900
670.997,1.55900
671.324,-0.05100
671.652,-0.10600
671.980,1.19400
672.307,-0.67100
672.634,0.83900
672.962,0.57900
673.289,1.26900
673.616,-1.08100
673.944,-0.57100
674.271,0.80900
674.598,1.54900
674.925,1.03900
675.252,-0.64100
675.579,1.22900
675.906,0.75400
676.233,2.30900
676.560,1.66900
676.887,2.34400
677.214,1.66900
677.540,-6.40100
677.867,-2.66600
678.194,-2.53600
678.520,0.30400
678.847,-0.23100
679.173,-0.68100
679.500,-0.53100
679.826,-0.21100
680.153,0.21400
680.479,0.14400
680.805,1.51900
681.131,1.17900
681.458,0.27400
681.784,0.77900
682.110,1.79400
682.436,3.64900
682.762,3.64900
683.088,3.64900
683.414,-0.53100
683.740,0.81900
684.065,2.05400
684.391,2.13400
684.717,2.35900
685.042,2.52900
685.368,-0.36600
685.694,0.28400
686.019,1.63900
686.345,3.22900
686.670,1.87400
686.995,0.81400
687.321,0.25900
687.646,0.27900
687.971,0.40400
688.296,2.58400
688.622,2.42400
688.947,-0.44100
689.272,-1.33600
689.597,0.70900
689.922,1.59900
690.247,1.02900
690.572,0.72900
690.896,-1.22600
691.221,0.57400
691.546,0.99400
691.870,0.31900
692.195,0.21900
692.520,-1.33100
692.844,-0.41600
693.169,-0.25600
693.493,0.00900
693.817,0.62400
694.142,1.17900
694.466,-0.02600
694.790,0.75400
695.115,0.15400
695.439,-0.11600
695.763,-1.08600
696.087,1.30400
696.411,0.84900
696.735,1.01400
697.059,1.30900
697.383,0.74900
697.707,0.40400
698.030,0.58400
698.354,1.51900
698.678,1.71900
699.001,11.15750
699.325,12.15000
699.648,11.77900
699.972,11.27700
700.295,13.18000
700.619,0.05900
700.942,0.05900
701.265,0.05900
701.589,-0.60600
701.912,-0.86600
702.235,-0.94100
702.558,0.14900
702.881,0.96900
703.204,1.55400
703.527,2.45400
703.850,1.59900
704.173,0.13900
704.496,1.59900
704.819,0.13900
705.141,-2.11600
705.464,-2.36100
705.787,-0.86600
706.109,0.12900
706.432,0.50900
706.754,2.51400
707.077,0.08900
707.399,2.51400
707.722,11.78400
708.044,2.33400
708.366,-1.76600
708.688,2.33400
709.011,3.40900
709.333,-0.49600
709.655,-0.61100
709.977,0.39900
710.299,1.76900
710.621,-0.32100
710.943,0.68400
711.264,1.06900
711.586,1.50900
711.908,3.30400
712.230,1.91900
712.551,0.98900
712.873,0.12400
713.194,1.23400
713.516,2.29900
713.837,2.38400
714.159,1.25900
714.480,0.36900
714.802,1.04400
715.123,0.72400
715.444,2.96900
715.765,1.56900
716.086,1.03900
716.407,1.56900
716.728,3.70400
717.049,3.30900
717.370,1.95900
717.691,2.86400
718.012,2.45900
718.333,3.13900
718.654,4.12900
718.974,3.06900
719.295,2.74400
719.615,1.55900
719.936,1.13400
720.257,2.17900
720.577,4.17900
720.898,1.56400
721.218,4.09900
721.538,0.60900
721.858,0.13400
722.179,0.87900
722.499,1.18400
722.819,1.10900
723.139,1.61900
723.459,1.55900
723.779,0.05900
724.099,0.72400
724.419,1.92900
724.739,0.99400
725.058,0.93900
725.378,1.53400
725.698,2.66400
726.018,3.51900
726.337,0.88900
726.657,2.21400
726.976,2.40900
727.296,2.40900
727.615,2.43900
727.934,2.67400
728.254,2.75900
728.573,3.76400
728.892,1.54900
729.212,2.63400
729.531,2.98900
729.850,2.52900
730.169,2.58400
730.488,2.04400
730.807,1.57900
731.125,2.83900
731.444,1.08400
731.763,1.11400
732.082,1.48400
732.401,3.31900
732.719,3.89400
733.038,3.01900
733.356,2.30400
733.675,1.17400
733.993,1.27400
734.312,2.45400
734.630,2.66900
734.948,2.24900
735.267,-1.59100
735.585,-0.97100
735.903,-0.11100
736.221,2.36400
736.539,0.88900
736.857,-1.92100
737.175,0.88900
737.493,1.30400
737.811,0.10400
738.129,1.70400
738.447,2.01400
738.764,2.45400
739.082,3.17900
739.400,2.96400
739.717,4.94400
740.035,0.91400
740.352,-0.84100
740.670,-0.73600
740.987,1.99900
741.305,1.45900
741.622,0.71900
741.939,2.49400
742.256,-1.61600
742.574,-0.90600
742.891,0.19900
743.208,0.67400
743.525,1.11900
743.842,0.50900
744.159,2.04900
744.476,4.00400
744.792,2.63400
745.109,0.51400
745.426,2.60900
745.743,1.32900
746.059,-0.13600
746.376,1.54400
746.692,2.22400
747.009,3.33400
747.325,5.13900
747.642,1.73400
747.958,1.05400
748.274,0.36900
748.591,0.78900
748.907,1.29400
749.223,1.29400
749.539,1.29400
749.855,-2.94100
750.171,-0.94100
750.487,-0.89600
750.803,0.25900
751.119,0.46400
751.435,-0.36100
751.750,3.35900
752.066,2.71900
752.382,3.60400
752.697,3.42400
753.013,0.28400
753.328,1.73400
753.644,1.37900
753.959,-0.46600
754.275,0.63400
754.590,0.18900
754.905,-0.16100
755.221,0.26400
755.536,1.75900
755.851,2.06900
756.166,2.03400
756.481,3.04400
756.796,2.63900
757.111,3.16900
757.426,1.09900
757.741,1.57900
758.056,2.67900
758.370,1.00900
758.685,-0.36100
759.000,0.53400
759.314,0.29900
759.629,0.36900
759.943,0.65900
760.258,1.42400
760.572,1.55400
760.887,-0.22100
761.201,-0.28638
761.515,0.70332
761.830,2.99329
762.144,1.99880
762.458,1.39437
762.772,1.52302
763.086,2.40643
763.400,2.05369
763.714,0.46995
764.028,-0.07760
764.342,0.52016
764.655,1.13928
764.969,-1.12519
765.283,0.86548
765.596,-0.12487
765.910,0.35065
766.224,0.51636
766.537,0.72008
766.851,1.39947
767.164,1.98653
767.477,0.85927
767.791,2.26844
768.104,0.32240
768.417,1.27654
768.730,1.78852
769.043,1.00528
769.356,0.19535
769.669,0.01265
769.982,0.44096
770.295,1.07279
770.608,-0.11036
770.921,0.63804
771.234,0.67244
771.547,1.32535
771.859,1.00190
772.172,1.12266
772.484,0.14940
772.797,0.63502
773.109,1.49108
773.422,2.15293
773.734,-0.47885
774.047,2.14932
774.359,2.37944
774.671,-0.28767
774.983,0.28060
775.295,0.62900
775.607,1.27900
775.919,1.88900
776.231,2.96400
776.543,1.92400
776.855,3.21900
777.167,2.38400
777.479,-0.76600
777.791,0.70900
778.102,0.99900
778.414,0.96900
778.726,0.30900
779.037,0.55900
779.349,-0.17600
779.660,1.02900
779.972,1.02900
780.283,1.20400
780.594,-3.28100
780.906,0.00400
781.217,-0.54100
781.528,0.20900
781.839,0.45400
782.150,0.24900
782.461,0.38900
782.772,0.14900
783.083,-1.22600
783.394,-0.48100
783.705,1.90900
784.016,1.95400
784.326,2.68400
784.637,-0.98100
784.948,0.20900
785.258,2.07900
785.569,1.22400
785.879,0.89900
786.190,2.71900
786.500,-0.35100
786.810,-0.16600
787.121,0.03400
787.431,1.49900
787.741,-0.48100
788.051,1.02400
788.361,2.30900
788.671,0.09900
788.981,1.39400
789.291,2.13400
789.601,1.34900
789.911,0.66400
790.221,2.56900
790.531,4.24400
790.840,2.19900
791.150,1.67900
791.460,2.78900
791.769,1.79400
792.079,4.69400
792.388,0.39900
792.698,-1.09600
793.007,-0.78100
793.316,0.27900
793.625,0.13400
793.935,-1.41100
794.244,0.93400
794.553,0.41900
794.862,0.22900
795.171,1.83400
795.480,0.79900
795.789,2.65900
796.098,1.82900
796.407,1.87400
796.716,-1.11100
797.024,-0.35100
797.333,0.53400
797.641,-0.87600
797.950,-0.02100
798.259,0.92900
798.567,1.99900
798.875,1.18900
799.184,1.37900
799.492,0.91900
799.801,2.30900
800.109,0.54900
800.417,4.04400
800.725,0.24400
801.033,0.22900
801.341,0.42400
801.649,0.22900
801.957,-3.75100
802.265,-1.35600
802.573,-0.31100
802.881,-0.53600
803.188,4.24900
803.496,1.71400
803.804,1.67900
804.111,0.61900
804.419,1.88400
804.726,1.95900
805.034,2.27400
805.341,2.00900
805.649,-1.09100
805.956,1.47900
806.263,0.07400
806.570,0.59400
806.878,0.13900
807.185,3.02400
807.492,2.83400
807.799,0.42900
808.106,2.10400
808.413,2.65400
808.719,2.44400
809.026,2.18400
809.333,0.37900
809.640,0.15900
809.946,-1.94600
810.253,-0.86600
810.559,-0.59600
810.866,0.92900
811.173,1.15900
811.479,0.17900
811.785,1.88400
812.092,2.58400
812.398,1.54900
812.704,-0.57100
813.010,0.41900
813.316,2.25900
813.622,2.92900
813.928,-0.14100
814.235,-0.30600
814.540,-0.14100
814.846,-1.59600
815.152,0.43900
815.458,1.65900
815.764,1.59400
816.069,1.07900
816.375,1.51400
816.681,0.54900
816.986,1.52900
817.292,4.27900
817.597,2.35400
817.902,2.74900
818.208,1.58400
818.513,3.86400
818.818,-0.49600
819.123,-0.19600
819.428,0.59900
819.734,-0.06600
820.039,1.53400
820.343,0.05400
820.649,-0.29100
820.953,0.50900
821.258,0.38400
821.563,0.42900
821.868,0.49900
822.172,0.28400
822.477,0.17900
822.782,-0.52100
823.086,0.88400
823.391,2.31900
823.695,1.60900
824.000,1.23900
824.304,2.85900
824.608,1.80400
824.912,2.53400
825.217,0.76400
825.521,0.85400
825.825,1.35400
826.129,1.88900
826.433,3.26900
826.737,2.78400
827.041,3.63400
827.345,-0.37100
827.648,3.63400
827.952,-0.29600
828.256,-2.71600
828.559,-0.59600
828.863,1.13900
829.167,3.73900
829.470,2.48400
829.774,1.63900
830.077,1.70400
830.380,1.98400
830.684,10.91000
830.987,1.99400
831.290,-1.19600
831.593,1.99400
831.896,1.07400
832.199,2.35900
832.502,0.54900
832.805,-0.14100
833.108,1.50400
833.411,0.83900
833.714,4.49900
834.017,1.81400
834.319,0.12900
834.622,-0.32600
834.925,0.96400
835.227,2.17900
835.530,2.25900
835.832,2.59400
836.135,3.35400
836.437,3.39900
836.739,1.84400
837.042,1.58900
837.344,2.53400
837.646,1.72400
837.948,0.93400
838.250,0.64400
838.552,2.56400
838.854,3.99900
839.156,1.61400
839.458,1.22400
839.760,1.71400
840.061,1.29900
840.363,1.13900
840.665,0.35900
840.966,0.61900
841.268,-0.45100
841.569,1.00400
841.871,0.94900
842.172,0.28400
842.474,0.83400
842.775,0.24900
843.076,-1.91100
843.377,-1.52100
843.679,0.85900
843.980,2.33400
844.281,1.72400
844.582,0.76900
844.883,0.93900
845.184,0.64400
845.485,2.24400
845.785,0.79900
846.086,-0.14100
846.387,0.88900
846.687,-0.89100
846.988,-0.04600
847.289,2.83900
847.589,1.22400
847.890,1.22400
848.190,-1.53600
848.490,-1.04100
848.791,-0.57100
849.091,1.01900
849.391,1.26900
849.691,1.50900
849.991,1.89900
850.292,2.34400
850.591,2.02900
850.891,2.86900
851.191,0.77400
851.491,0.37900
851.791,-0.16600
852.091,1.83400
852.390,-0.03600
852.690,1.75400
852.990,0.02900
853.289,-2.10100
853.589,-0.36100
853.888,1.64900
854.188,4.96900
854.487,0.68900
854.786,1.52400
855.086,2.22900
855.385,0.95900
855.684,1.47900
855.983,0.79400
856.282,1.23900
856.581,0.75900
856.880,2.66400
857.179,11.99300
857.478,11.50000
857.777,12.54400
858.076,-2.98100
858.374,-0.23100
858.673,-0.67100
858.972,0.40900
859.270,0.08900
859.569,-1.68100
859.867,0.80400
860.165,1.37900
860.464,2.39400
860.762,2.10900
861.060,0.05400
861.359,1.50400
861.657,2.71900
861.955,1.73900
862.253,4.18400
862.551,2.06400
862.849,1.22400
863.147,1.77900
863.445,2.74900
863.742,0.90900
864.040,0.95900
864.338,-1.94100
864.636,-0.88100
864.933,1.25900
865.231,0.74400
865.528,0.27900
865.826,0.10400
866.123,-0.05100
866.420,0.29900
866.718,1.73900
867.015,1.02900
867.312,1.49900
867.609,2.42400
867.907,1.95900
868.204,3.21900
868.501,2.87900
868.798,2.87900
869.095,1.14400
869.391,1.19400
869.688,1.45900
869.985,3.72900
870.282,1.86900
870.578,0.44400
870.875,0.93900
871.171,2.01900
871.468,0.55400
871.764,0.61900
872.061,1.74900
872.357,0.61900
872.653,-3.03100
872.950,0.34400
873.246,3.68400
873.542,1.49400
873.838,2.27400
874.134,0.35400
874.430,-0.40100
874.726,-1.19600
875.022,0.70900
875.318,0.13400
875.614,2.27900
875.909,1.88400
876.205,0.52900
876.501,1.03400
876.796,-0.44100
877.092,0.05900
