# Cesio (Cs) - saggio alla fiamma, USB2000 S/N USB2G16606
# sorgente: spettri_definitivi_calibrati_cs_rb.csv, colonna cs_counts_processed_t56.5s
# lunghezza d'onda corretta (calibrata)
# zona interpolata linearmente (Na cancellato) a 583.5-594.3 nm sostituito con fondo lineare tra i fianchi adiacenti
#   +-8 nm e rumore gaussiano (dev. std. 0.95 conteggi)
# impurezza Rb D2 (picco da 31 conteggi) a 778.7-783.7 nm sostituito con fondo lineare tra i fianchi adiacenti
#   +-5 nm e rumore gaussiano (dev. std. 0.71 conteggi)
# impurezza Rb D1 (picco da 16 conteggi) a 793.6-798.0 nm sostituito con fondo lineare tra i fianchi adiacenti
#   +-5 nm e rumore gaussiano (dev. std. 1.02 conteggi)
wavelength_nm,intensity_counts
176.918,-2.05
177.305,-1.6
177.692,-0.82
178.078,1.51
178.465,1.62
178.851,0.62
179.238,1.29
179.624,1.18
180.011,3.84
180.397,2.29
180.783,0.18
181.170,0.4
181.556,0.51
181.942,0.84
182.328,1.4
182.714,1.07
183.100,-0.05
183.486,0.51
183.873,2.84
184.258,2.73
184.644,2.29
185.030,1.4
185.416,1.4
185.802,1.18
186.188,0.73
186.574,1.18
186.959,1.95
187.345,1.95
187.730,2.84
188.116,2.4
188.502,2.62
188.887,2.62
189.273,1.73
189.658,2.07
190.043,2.18
190.429,1.95
190.814,4.07
191.199,3.29
191.585,1.62
191.970,1.95
192.355,1.4
192.740,1.51
193.125,2.51
193.510,2.73
193.895,2.51
194.280,1.18
194.665,1.29
195.050,1.84
195.435,2.18
195.820,1.73
196.204,2.73
196.589,2.07
196.974,1.95
197.358,3.18
197.743,2.73
198.128,1.84
198.512,2.29
198.897,2.84
199.281,2.4
199.665,2.51
200.050,2.62
200.434,2.4
200.818,1.95
201.203,2.18
201.587,2.73
201.971,3.18
202.355,4.07
202.739,4.07
203.123,3.51
203.507,3.4
203.891,3.51
204.275,3.73
204.659,3.4
205.043,3.51
205.427,3.18
205.811,2.07
206.195,2.51
206.578,2.62
206.962,2.4
207.345,2.29
207.729,3.84
208.113,3.95
208.496,3.07
208.880,3.29
209.263,3.51
209.646,3.07
210.030,5.51
210.413,4.4
210.796,3.95
211.180,4.84
211.563,5.73
211.946,4.62
212.329,5.95
212.712,4.51
213.095,2.62
213.478,3.95
213.861,3.4
214.244,3.51
214.627,4.07
215.010,4.4
215.393,4.07
215.775,5.07
216.158,5.07
216.541,3.4
216.924,3.95
217.306,4.51
217.689,4.73
218.071,4.84
218.454,4.62
218.836,5.29
219.219,6.07
219.601,5.84
219.983,8.07
220.366,7.73
220.748,9.07
221.130,6.51
221.512,5.51
221.894,4.51
222.277,4.4
222.659,4.07
223.041,3.84
223.423,4.51
223.804,4.07
224.186,4.62
224.568,5.51
224.950,4.51
225.332,5.29
225.714,5.73
226.095,4.84
226.477,5.07
226.859,3.95
227.240,5.29
227.622,4.73
228.003,4.62
228.385,4.51
228.766,4.84
229.147,5.51
229.529,5.29
229.910,4.95
230.291,5.07
230.673,5.4
231.054,5.62
231.435,4.73
231.816,5.73
232.197,7.4
232.578,6.73
232.959,5.51
233.340,5.62
233.721,5.73
234.102,6.29
234.483,5.18
234.863,4.84
235.244,4.73
235.625,4.62
236.006,4.51
236.386,5.18
236.767,6.18
237.147,6.18
237.528,6.29
237.908,4.73
238.289,4.4
238.669,5.07
239.050,5.18
239.430,6.18
239.810,6.07
240.190,5.18
240.571,5.4
240.951,4.51
241.331,4.4
241.711,5.18
242.091,5.07
242.471,5.4
242.851,4.4
243.231,4.73
243.611,5.18
243.991,5.07
244.371,8.4
244.750,6.73
245.130,5.18
245.510,5.51
245.889,5.84
246.269,6.18
246.649,6.07
247.028,6.95
247.407,6.62
247.787,6.07
248.166,5.62
248.546,6.18
248.925,7.4
249.304,7.18
249.684,5.62
250.063,5.29
250.442,5.62
250.821,5.18
251.200,5.18
251.579,5.29
251.958,5.4
252.337,5.4
252.716,6.4
253.095,5.62
253.474,6.4
253.853,5.73
254.231,5.51
254.610,5.62
254.989,4.73
255.367,5.07
255.746,5.29
256.125,7.18
256.503,6.4
256.882,6.95
257.260,6.18
257.639,5.62
258.017,5.51
258.395,5.84
258.773,5.73
259.152,5.51
259.530,5.51
259.908,6.84
260.286,6.18
260.664,9.29
261.042,7.18
261.420,5.84
261.798,4.95
262.176,4.62
262.554,7.51
262.932,6.73
263.310,5.29
263.688,5.73
264.065,8.62
264.443,7.07
264.821,6.18
265.198,4.95
265.576,4.84
265.953,5.07
266.331,5.73
266.708,6.29
267.086,6.51
267.463,5.62
267.840,6.07
268.218,6.18
268.595,6.18
268.972,6.07
269.349,5.73
269.726,5.18
270.104,6.18
270.481,5.62
270.857,5.73
271.235,5.62
271.611,5.4
271.988,5.95
272.365,6.4
272.742,5.95
273.119,6.95
273.495,6.51
273.872,6.29
274.249,6.07
274.625,5.29
275.002,5.07
275.378,6.18
275.755,5.18
276.131,4.95
276.508,5.18
276.884,4.73
277.261,5.07
277.637,6.07
278.013,6.62
278.389,5.62
278.765,5.95
279.142,5.84
279.518,5.62
279.894,5.18
280.270,6.18
280.646,6.07
281.022,6.51
281.397,6.51
281.773,5.51
282.149,5.73
282.525,5.29
282.901,5.18
283.276,5.84
283.652,5.29
284.027,6.29
284.403,6.51
284.778,5.95
285.154,5.95
285.529,5.62
285.905,6.51
286.280,5.18
286.655,5.51
287.031,6.18
287.406,5.18
287.781,5.07
288.156,5.84
288.531,6.73
288.906,6.62
289.282,6.29
289.656,5.84
290.031,6.51
290.406,6.29
290.781,6.73
291.156,6.29
291.531,5.18
291.906,5.84
292.280,7.51
292.655,6.84
293.030,6.07
293.404,5.18
293.779,5.51
294.153,5.51
294.528,5.18
294.902,5.18
295.277,5.29
295.651,5.51
296.025,5.51
296.399,7.84
296.774,6.4
297.148,5.29
297.522,7.4
297.896,7.18
298.270,6.51
298.644,5.62
299.018,5.84
299.392,5.4
299.766,5.18
300.140,5.51
300.514,5.62
300.887,5.84
301.261,5.29
301.635,6.4
302.008,6.29
302.382,5.62
302.756,5.73
303.129,6.51
303.503,7.4
303.876,6.07
304.250,5.51
304.623,5.84
304.996,5.18
305.370,5.73
305.743,6.51
306.116,5.95
306.489,5.84
306.862,4.51
307.235,4.95
307.608,5.51
307.981,4.95
308.354,6.62
308.727,7.07
309.100,7.51
309.473,6.51
309.846,5.4
310.219,5.73
310.591,6.07
310.964,6.51
311.337,6.51
311.709,6.4
312.082,6.18
312.454,6.62
312.827,6.18
313.199,5.73
313.572,6.95
313.944,7.51
314.316,6.18
314.688,6.4
315.061,6.84
315.433,6.95
315.805,5.95
316.177,4.84
316.549,6.07
316.921,5.51
317.293,6.4
317.665,6.4
318.037,6.51
318.409,6.29
318.781,6.29
319.152,6.18
319.524,5.73
319.896,6.18
320.268,6.51
320.639,6.51
321.011,6.62
321.382,5.84
321.754,6.95
322.125,7.07
322.497,7.07
322.868,6.95
323.239,6.51
323.611,5.95
323.982,6.4
324.353,6.29
324.724,6.62
325.095,6.84
325.466,7.18
325.838,6.84
326.208,8.62
326.579,8.29
326.950,11.18
327.321,9.51
327.692,8.51
328.063,7.18
328.434,6.95
328.804,7.29
329.175,8.18
329.546,6.62
329.916,7.29
330.287,6.84
330.657,7.95
331.028,7.95
331.398,7.84
331.769,7.73
332.139,7.18
332.509,7.51
332.879,7.07
333.250,7.51
333.620,9.51
333.990,8.4
334.360,7.84
334.730,8.62
335.100,8.84
335.470,7.73
335.840,6.73
336.210,8.29
336.580,8.07
336.950,7.62
337.319,6.95
337.689,7.84
338.059,7.4
338.428,7.29
338.798,8.18
339.168,8.51
339.537,8.29
339.907,7.73
340.276,8.29
340.645,8.62
341.015,9.4
341.384,8.95
341.753,8.29
342.123,7.73
342.492,7.95
342.861,8.84
343.230,8.4
343.599,9.29
343.968,9.4
344.337,8.51
344.706,9.07
345.075,8.84
345.444,8.18
345.813,8.18
346.181,7.07
346.550,7.95
346.919,8.95
347.287,9.51
347.656,8.84
348.025,9.18
348.393,9.51
348.762,9.95
349.130,8.73
349.499,9.95
349.867,10.51
350.235,9.51
350.603,9.29
350.972,10.4
351.340,10.29
351.708,10.07
352.076,10.07
352.444,10.62
352.812,10.18
353.180,10.84
353.548,10.07
353.916,10.62
354.284,11.95
354.652,10.51
355.020,10.29
355.387,11.4
355.755,11.18
356.123,11.07
356.490,11.07
356.858,10.51
357.225,9.73
357.593,11.73
357.960,11.73
358.328,11.4
358.695,11.29
359.062,10.29
359.430,12.07
359.797,12.07
360.164,12.07
360.531,10.62
360.898,12.18
361.266,12.18
361.633,11.73
362.000,12.07
362.367,12.07
362.733,12.73
363.100,11.18
363.467,12.4
363.834,11.73
364.201,11.29
364.567,11.73
364.934,11.29
365.301,13.07
365.667,12.4
366.034,11.18
366.400,11.84
366.767,12.18
367.133,11.73
367.500,12.4
367.866,12.4
368.232,13.4
368.598,12.18
368.965,13.73
369.331,13.51
369.697,12.95
370.063,12.51
370.429,12.73
370.795,12.84
371.161,15.29
371.527,13.73
371.893,12.95
372.259,12.95
372.624,14.18
372.990,13.84
373.356,13.84
373.721,13.84
374.087,13.95
374.453,13.4
374.818,14.73
375.184,15.29
375.549,15.62
375.915,14.95
376.280,15.29
376.645,15.62
377.010,15.95
377.376,15.51
377.741,15.18
378.106,14.4
378.471,15.51
378.836,15.4
379.201,15.62
379.566,16.29
379.931,15.95
380.296,16.4
380.661,16.51
381.026,15.84
381.391,16.73
381.755,16.07
382.120,16.29
382.485,16.95
382.849,16.84
383.214,17.18
383.579,16.29
383.943,16.4
384.307,16.73
384.672,15.84
385.036,15.62
385.401,16.4
385.765,15.84
386.129,15.07
386.493,15.84
386.857,18.29
387.222,16.73
387.586,16.29
387.950,17.73
388.314,16.95
388.677,15.95
389.041,16.62
389.405,16.4
389.769,15.51
390.133,15.29
390.497,16.51
390.860,17.29
391.224,17.18
391.588,15.84
391.951,16.18
392.315,17.84
392.678,17.95
393.042,18.4
393.405,18.4
393.768,18.73
394.132,18.95
394.495,17.95
394.858,19.4
395.221,19.62
395.584,20.84
395.948,20.51
396.311,20.29
396.674,19.18
397.037,19.51
397.400,20.4
397.762,20.07
398.125,18.95
398.488,20.4
398.851,20.29
399.214,20.84
399.576,22.84
399.939,22.29
400.302,21.4
400.664,21.07
401.027,22.51
401.389,21.07
401.752,21.07
402.114,21.95
402.476,21.07
402.839,21.62
403.201,21.18
403.563,20.29
403.925,20.84
404.287,19.62
404.649,21.18
405.011,21.4
405.373,19.84
405.735,20.29
406.097,20.4
406.459,20.95
406.821,21.95
407.183,25.84
407.545,21.73
407.906,20.18
408.268,20.07
408.630,20.62
408.991,20.18
409.353,19.62
409.714,19.73
410.076,19.73
410.437,20.29
410.799,19.62
411.160,19.73
411.521,19.07
411.882,19.95
412.244,20.07
412.605,20.07
412.966,22.07
413.327,22.73
413.688,21.29
414.049,21.62
414.410,24.4
414.771,22.73
415.132,21.18
415.492,20.29
415.853,20.51
416.214,22.4
416.575,21.29
416.935,22.4
417.296,20.84
417.656,22.73
418.017,23.07
418.378,22.4
418.738,23.95
419.098,23.51
419.459,24.18
419.819,25.18
420.179,23.29
420.540,23.29
420.900,24.51
421.260,22.95
421.620,23.62
421.980,21.73
422.340,24.4
422.700,22.84
423.060,22.84
423.420,27.73
423.780,22.95
424.139,22.62
424.499,23.18
424.859,23.95
425.219,23.07
425.578,22.07
425.938,21.95
426.297,22.51
426.657,22.18
427.016,20.62
427.376,20.95
427.735,21.73
428.094,24.95
428.454,23.07
428.813,20.4
429.172,22.18
429.531,21.73
429.890,20.18
430.250,21.73
430.609,19.4
430.968,20.18
431.327,20.84
431.685,19.84
432.044,21.4
432.403,19.18
432.762,18.73
433.121,19.95
433.479,20.07
433.838,20.51
434.197,20.51
434.555,20.73
434.914,18.95
435.272,20.84
435.631,20.4
435.989,22.73
436.347,21.4
436.706,20.84
437.064,19.07
437.422,20.18
437.780,20.51
438.138,21.51
438.497,22.29
438.855,20.18
439.213,21.07
439.571,21.51
439.928,20.4
440.286,22.18
440.644,22.07
441.002,22.62
441.360,21.4
441.717,20.62
442.075,21.4
442.433,21.51
442.790,20.84
443.148,21.51
443.505,21.51
443.863,21.4
444.220,21.4
444.578,22.4
444.935,22.29
445.292,22.07
445.649,21.73
446.007,21.95
446.364,20.95
446.721,20.73
447.078,22.62
447.435,21.84
447.792,19.62
448.149,19.51
448.506,20.73
448.863,21.07
449.220,20.07
449.576,18.51
449.933,19.29
450.290,20.4
450.646,19.29
451.003,20.62
451.359,19.62
451.716,19.95
452.072,19.95
452.429,18.73
452.785,19.29
453.142,19.84
453.498,19.07
453.854,22.4
454.210,29.18
454.566,44.18
454.923,66.29
455.279,87.07
455.635,88.73
455.991,76.84
456.347,60.62
456.703,46.18
457.058,39.4
457.414,29.18
457.770,24.62
458.126,24.84
458.481,28.51
458.837,34.4
459.193,36.95
459.548,38.84
459.904,34.62
460.259,30.73
460.615,25.84
460.970,21.84
461.325,19.4
461.681,18.84
462.036,17.29
462.391,16.95
462.746,17.07
463.101,17.4
463.456,16.73
463.812,16.62
464.167,16.62
464.522,16.62
464.876,16.18
465.231,17.18
465.586,16.73
465.941,16.51
466.296,17.07
466.650,16.95
467.005,16.51
467.360,17.62
467.714,18.18
468.069,16.07
468.423,17.18
468.778,17.07
469.132,17.29
469.486,17.62
469.841,18.73
470.195,17.73
470.549,18.73
470.903,17.29
471.257,18.29
471.612,17.95
471.966,18.84
472.320,18.07
472.674,17.95
473.027,18.18
473.381,19.73
473.735,19.51
474.089,19.4
474.443,19.73
474.796,18.73
475.150,19.73
475.504,19.73
475.857,19.62
476.211,21.4
476.564,19.07
476.918,19.51
477.271,19.84
477.624,19.95
477.978,19.62
478.331,18.84
478.684,20.84
479.037,19.4
479.391,19.73
479.744,18.62
480.097,18.73
480.450,18.62
480.803,18.84
481.156,17.84
481.508,17.73
481.861,17.4
482.214,16.84
482.567,16.51
482.920,17.18
483.272,16.95
483.625,17.62
483.977,17.29
484.330,17.84
484.682,17.95
485.035,17.29
485.387,17.73
485.740,17.4
486.092,17.51
486.444,17.51
486.796,15.84
487.149,16.29
487.501,15.73
487.853,16.62
488.205,15.73
488.557,16.18
488.909,16.84
489.261,15.84
489.613,16.29
489.964,15.84
490.316,15.07
490.668,15.84
491.020,17.29
491.371,16.4
491.723,15.51
492.074,20.07
492.426,17.51
492.777,16.07
493.129,16.73
493.480,17.18
493.832,16.18
494.183,15.18
494.534,16.07
494.885,15.84
495.237,16.29
495.588,16.29
495.939,15.84
496.290,15.29
496.641,16.18
496.992,16.07
497.343,16.18
497.694,15.18
498.044,15.62
498.395,16.95
498.746,16.73
499.097,15.18
499.447,16.29
499.798,16.62
500.148,16.07
500.499,17.18
500.849,15.84
501.200,16.73
501.550,16.4
501.901,16.62
502.251,16.62
502.601,15.62
502.951,16.95
503.302,17.4
503.652,19.84
504.002,20.4
504.352,18.07
504.702,17.62
505.052,17.95
505.402,17.07
505.751,18.18
506.101,18.29
506.451,17.07
506.801,18.29
507.151,17.51
507.500,17.18
507.850,18.4
508.199,17.84
508.549,18.4
508.898,18.73
509.248,18.73
509.597,18.73
509.946,18.51
510.296,20.51
510.645,19.18
510.994,18.07
511.343,19.07
511.692,18.18
512.041,17.73
512.391,21.62
512.739,18.62
513.088,17.51
513.437,18.4
513.786,17.84
514.135,15.73
514.484,21.84
514.832,18.73
515.181,18.51
515.530,17.29
515.878,16.73
516.227,15.84
516.575,17.51
516.924,17.73
517.272,16.84
517.621,16.73
517.969,16.51
518.317,16.84
518.665,17.18
519.014,16.4
519.362,16.51
519.710,14.29
520.058,15.18
520.406,15.18
520.754,15.18
521.102,16.29
521.450,14.84
521.798,13.95
522.145,15.4
522.493,16.51
522.841,15.29
523.188,14.29
523.536,14.51
523.884,14.51
524.231,15.73
524.579,14.62
524.926,13.73
525.273,14.07
525.621,13.29
525.968,14.62
526.315,13.07
526.663,12.62
527.010,16.73
527.357,14.07
527.704,13.18
528.051,13.62
528.398,12.84
528.745,12.4
529.092,12.73
529.439,13.51
529.786,12.95
530.132,13.29
530.479,12.73
530.826,13.18
531.172,12.51
531.519,11.07
531.866,11.95
532.212,12.95
532.559,11.62
532.905,11.18
533.251,11.18
533.598,11.4
533.944,13.07
534.290,12.84
534.636,12.07
534.983,11.62
535.329,11.62
535.675,12.07
536.021,12.29
536.367,11.62
536.713,12.29
537.059,10.95
537.404,12.4
537.750,11.62
538.096,11.4
538.442,10.51
538.787,12.07
539.133,11.84
539.479,11.84
539.824,12.4
540.169,11.84
540.515,13.95
540.860,13.07
541.206,12.07
541.551,11.84
541.896,12.51
542.242,11.84
542.587,13.84
542.932,12.29
543.277,12.84
543.622,12.95
543.967,11.4
544.312,12.07
544.657,12.07
545.002,11.18
545.346,10.95
545.691,11.18
546.036,12.29
546.381,12.29
546.725,12.73
547.070,12.51
547.415,12.62
547.759,12.29
548.103,11.95
548.448,11.95
548.792,13.4
549.137,11.84
549.481,12.51
549.825,16.62
550.169,15.07
550.513,13.29
550.858,13.51
551.202,12.4
551.546,11.62
551.890,12.29
552.234,11.73
552.577,11.73
552.921,12.07
553.265,11.95
553.609,11.4
553.953,11.84
554.296,12.62
554.640,12.07
554.983,11.73
555.327,11.4
555.670,12.62
556.014,11.95
556.357,11.84
556.701,11.95
557.044,11.62
557.387,12.07
557.730,11.07
558.073,10.29
558.417,11.95
558.760,12.62
559.103,11.51
559.446,10.95
559.789,14.84
560.132,13.18
560.474,13.4
560.817,13.29
561.160,12.18
561.503,12.4
561.845,10.95
562.188,11.62
562.531,11.29
562.873,11.07
563.216,11.51
563.558,10.84
563.900,12.29
564.243,11.51
564.585,12.73
564.927,11.29
565.270,11.29
565.612,10.95
565.954,11.62
566.296,11.29
566.638,10.18
566.980,10.51
567.322,11.07
567.664,12.18
568.006,10.95
568.348,10.73
568.689,10.07
569.031,9.51
569.373,9.73
569.714,8.4
570.056,10.07
570.398,10.95
570.739,10.29
571.081,11.51
571.422,9.51
571.763,9.29
572.105,9.62
572.446,10.62
572.787,9.18
573.128,11.84
573.470,11.18
573.811,9.84
574.152,9.73
574.493,10.18
574.834,8.84
575.175,9.95
575.516,9.07
575.856,9.18
576.197,9.73
576.538,10.4
576.879,9.62
577.219,10.07
577.560,9.4
577.900,8.29
578.241,8.62
578.581,8.73
578.922,8.95
579.262,8.62
579.603,7.4
579.943,8.29
580.283,8.84
580.623,9.18
580.963,8.29
581.304,8.51
581.644,8.84
581.984,10.4
582.324,13.07
582.664,10.29
583.003,9.62
583.343,9.62
583.683,11.24
584.023,10.52
584.363,10.18
584.702,10.52
585.042,10.11
585.381,7.92
585.721,8.96
586.060,10.09
586.400,8.81
586.739,6.8
587.079,8.62
587.418,8.22
587.757,8.49
588.096,9.86
588.435,9.04
588.775,8.24
589.114,7.91
589.453,8.94
589.792,9.03
590.131,9.01
590.469,9.4
590.808,10.7
591.147,7.57
591.486,8.43
591.825,9.86
592.163,9.43
592.502,7.62
592.840,9.18
593.179,9.75
593.517,10.72
593.856,8.5
594.194,9.63
594.533,8.73
594.871,9.18
595.209,9.07
595.547,8.62
595.886,9.84
596.224,9.51
596.562,7.95
596.900,8.95
597.238,9.07
597.576,8.95
597.914,8.18
598.251,8.18
598.589,8.95
598.927,7.84
599.265,9.07
599.602,8.84
599.940,8.73
600.278,9.62
600.615,9.51
600.953,10.18
601.290,10.51
601.627,10.18
601.965,11.07
602.302,10.51
602.639,9.51
602.976,9.51
603.314,8.73
603.651,7.73
603.988,8.62
604.325,8.62
604.662,8.73
604.999,8.51
605.336,9.18
605.673,8.84
606.009,8.07
606.346,8.84
606.683,8.51
607.020,7.84
607.356,8.51
607.693,7.4
608.029,7.73
608.366,8.73
608.702,8.73
609.039,8.84
609.375,12.51
609.711,10.29
610.047,9.07
610.384,9.4
610.720,8.73
611.056,8.07
611.392,8.07
611.728,7.62
612.064,7.62
612.400,8.18
612.736,7.95
613.072,8.51
613.407,10.18
613.743,8.51
614.079,8.29
614.415,9.73
614.750,8.18
615.086,12.18
615.421,10.29
615.757,7.84
616.092,10.51
616.427,8.51
616.763,7.73
617.098,7.51
617.433,7.29
617.769,8.07
618.104,11.73
618.439,9.29
618.774,7.95
619.109,8.4
619.444,9.29
619.779,10.07
620.114,9.07
620.449,8.95
620.783,11.18
621.118,11.51
621.453,12.07
621.787,12.73
622.122,10.73
622.457,10.95
622.791,15.84
623.126,11.29
623.460,9.4
623.794,8.4
624.129,8.51
624.463,7.62
624.797,7.29
625.131,7.4
625.466,8.4
625.800,7.4
626.134,7.51
626.468,8.18
626.802,7.4
627.136,7.51
627.469,6.29
627.803,6.62
628.137,7.18
628.471,8.29
628.805,8.29
629.138,8.4
629.472,6.73
629.805,8.29
630.139,9.4
630.472,7.73
630.806,8.07
631.139,7.29
631.472,7.07
631.806,6.4
632.139,7.4
632.472,6.62
632.805,6.95
633.138,7.51
633.471,7.29
633.804,7.84
634.137,7.73
634.470,7.18
634.803,8.18
635.136,7.18
635.469,7.29
635.801,7.51
636.134,7.73
636.467,8.07
636.799,7.73
637.132,8.07
637.464,9.07
637.797,9.18
638.129,7.62
638.461,6.62
638.794,6.29
639.126,6.4
639.458,6.73
639.790,6.29
640.122,6.84
640.455,6.4
640.787,7.29
641.119,7.18
641.451,7.29
641.782,6.51
642.114,7.29
642.446,7.4
642.778,7.4
643.110,8.4
643.441,6.95
643.773,6.07
644.104,6.95
644.436,7.4
644.767,7.18
645.099,7.07
645.430,6.95
645.762,6.84
646.093,7.95
646.424,7.95
646.755,7.84
647.086,7.4
647.418,7.95
647.749,7.51
648.080,11.51
648.411,9.29
648.741,7.07
649.072,7.62
649.403,7.73
649.734,6.62
650.065,6.95
650.395,7.18
650.726,6.73
651.057,6.84
651.387,7.29
651.718,6.95
652.048,6.4
652.378,6.29
652.709,5.4
653.039,9.07
653.369,6.95
653.700,6.29
654.030,7.18
654.360,6.73
654.690,7.95
655.020,6.51
655.350,5.84
655.680,6.07
656.010,6.51
656.340,5.95
656.670,7.18
656.999,6.84
657.329,6.73
657.659,6.73
657.988,6.4
658.318,5.73
658.647,6.84
658.977,7.84
659.306,7.07
659.636,7.95
659.965,8.51
660.294,7.73
660.624,7.62
660.953,7.29
661.282,7.29
661.611,6.51
661.940,5.4
662.269,9.4
662.598,10.62
662.927,8.29
663.256,7.29
663.585,6.84
663.914,6.4
664.242,6.62
664.571,5.95
664.900,6.18
665.228,7.29
665.557,7.18
665.885,5.84
666.214,6.73
666.542,6.73
666.870,6.73
667.199,6.62
667.527,6.4
667.855,5.73
668.184,6.4
668.512,6.29
668.840,6.18
669.168,6.73
669.496,7.51
669.824,8.51
670.152,6.95
670.479,7.62
670.807,8.4
671.135,8.51
671.463,8.18
671.790,9.62
672.118,11.84
672.446,11.73
672.773,11.29
673.101,10.51
673.428,9.84
673.755,8.62
674.083,8.18
674.410,6.95
674.737,6.07
675.064,5.4
675.392,4.73
675.719,6.29
676.046,6.18
676.373,6.07
676.700,5.62
677.027,4.95
677.354,10.62
677.680,7.95
678.007,5.62
678.334,5.62
678.660,5.07
678.987,4.95
679.314,7.4
679.640,6.51
679.967,5.29
680.293,5.73
680.620,6.18
680.946,5.29
681.272,5.51
681.599,5.95
681.925,5.95
682.251,5.4
682.577,6.4
682.903,5.62
683.229,8.4
683.555,6.62
683.881,6.29
684.207,5.29
684.533,5.73
684.859,6.18
685.184,6.4
685.510,6.95
685.836,5.18
686.161,6.4
686.487,5.95
686.812,5.73
687.138,5.51
687.463,5.84
687.788,5.51
688.114,6.4
688.439,6.18
688.764,7.62
689.090,7.73
689.415,5.95
689.740,4.95
690.065,5.18
690.390,5.62
690.715,6.95
691.040,6.62
691.364,5.29
691.689,6.07
692.014,6.73
692.339,5.29
692.663,7.4
692.988,5.95
693.313,5.18
693.637,5.29
693.962,6.73
694.286,5.51
694.610,4.07
694.935,4.73
695.259,4.95
695.583,4.73
695.907,5.4
696.232,5.73
696.556,7.95
696.880,11.18
697.204,10.73
697.528,10.95
697.852,9.84
698.175,9.84
698.499,8.4
698.823,7.73
699.147,10.29
699.470,8.51
699.794,8.62
700.118,7.29
700.441,6.29
700.765,11.51
701.088,8.95
701.411,6.51
701.735,5.95
702.058,5.62
702.381,4.73
702.705,4.73
703.028,3.95
703.351,4.73
703.674,4.73
703.997,3.51
704.320,3.73
704.643,5.18
704.966,8.07
705.288,7.4
705.611,5.95
705.934,4.18
706.257,4.84
706.579,5.4
706.902,4.62
707.224,6.29
707.547,6.73
707.869,11.07
708.192,6.62
708.514,5.51
708.836,4.84
709.159,5.73
709.481,5.4
709.803,4.4
710.125,4.51
710.447,4.62
710.769,5.29
711.091,5.95
711.413,5.73
711.735,5.29
712.057,4.62
712.379,4.4
712.700,4.07
713.022,3.4
713.344,4.18
713.665,4.29
713.987,4.51
714.308,5.07
714.630,4.62
714.951,4.07
715.272,4.84
715.594,5.18
715.915,4.51
716.236,7.07
716.557,5.84
716.878,5.07
717.199,5.29
717.520,5.73
717.841,5.07
718.162,4.51
718.483,4.84
718.804,4.84
719.125,5.84
719.446,5.29
719.766,4.95
720.087,4.62
720.408,3.95
720.728,4.62
721.049,5.51
721.369,5.18
721.689,6.29
722.010,6.62
722.330,6.73
722.650,6.73
722.970,5.51
723.291,4.51
723.611,5.51
723.931,5.62
724.251,4.51
724.571,5.07
724.891,5.29
725.211,5.07
725.530,4.07
725.850,3.84
726.170,4.07
726.490,4.62
726.809,4.84
727.129,5.4
727.448,6.4
727.768,5.84
728.087,5.95
728.407,5.62
728.726,4.62
729.045,5.4
729.365,5.73
729.684,4.62
730.003,4.62
730.322,3.62
730.641,3.73
730.960,3.29
731.279,4.51
731.598,4.84
731.917,5.51
732.236,5.4
732.555,4.84
732.873,3.95
733.192,3.62
733.511,4.62
733.829,4.4
734.148,4.73
734.466,3.95
734.785,4.73
735.103,4.29
735.421,6.73
735.740,5.62
736.058,3.95
736.376,4.07
736.694,5.18
737.013,7.07
737.331,5.18
737.649,5.07
737.967,4.84
738.284,4.29
738.602,5.51
738.920,5.18
739.238,4.84
739.556,2.95
739.873,3.18
740.191,5.62
740.509,5.18
740.826,4.18
741.144,3.95
741.461,4.95
741.778,4.84
742.096,3.95
742.413,6.18
742.730,4.62
743.048,4.73
743.365,4.95
743.682,3.51
743.999,4.51
744.316,3.29
744.633,3.62
744.950,4.62
745.267,4.18
745.583,4.07
745.900,6.18
746.217,6.07
746.534,3.84
746.850,3.84
747.167,4.18
747.483,4.07
747.800,5.51
748.116,4.62
748.433,3.51
748.749,3.62
749.065,4.51
749.381,4.07
749.698,8.95
750.014,6.95
750.330,4.95
750.646,4.29
750.962,2.84
751.278,4.18
751.594,3.84
751.910,4.51
752.225,5.18
752.541,5.29
752.857,4.29
753.172,4.73
753.488,4.95
753.804,4.51
754.119,4.29
754.435,5.07
754.750,5.62
755.065,4.07
755.381,3.73
755.696,3.29
756.011,4.18
756.326,4.51
756.642,3.62
756.957,4.18
757.272,4.62
757.587,5.4
757.902,4.73
758.216,4.51
758.531,4.51
758.846,4.51
759.161,4.50999
759.476,4.50997
759.790,4.50993
760.105,4.50986
760.419,4.50974
760.734,4.50956
761.048,4.50929
761.363,4.50892
761.677,4.50842
761.991,4.50776
762.306,4.50692
762.620,4.50585
762.934,4.50454
763.248,4.50293
763.562,4.50099
763.876,4.49868
764.190,4.49596
764.504,4.49276
764.818,4.48905
765.132,4.48478
765.446,4.47988
765.759,4.4743
766.073,4.46798
766.387,4.46085
766.700,4.45287
767.014,4.44394
767.327,4.43401
767.641,4.423
767.954,4.41084
768.267,4.39745
768.581,4.38274
768.894,4.36664
769.207,4.34907
769.520,4.32993
769.833,4.30914
770.146,4.28659
770.459,4.26221
770.772,4.23588
771.085,4.20752
771.398,4.17701
771.711,4.14426
772.024,4.10916
772.336,4.07159
772.649,4.03146
772.962,3.98862
773.274,3.94299
773.587,3.89444
773.899,3.84284
774.212,3.78806
774.524,3.73
774.836,4.07
775.149,4.07
775.461,4.84
775.773,4.4
776.085,4.73
776.397,4.95
776.709,4.62
777.021,4.62
777.333,4.84
777.645,5.62
777.957,5.29
778.269,5.29
778.580,4.84
778.892,4.83
779.204,4.38
779.515,5.24
779.827,4.45
780.138,4.39
780.450,5.07
780.761,3.39
781.073,5
781.384,4.9
781.695,5.63
782.006,4.19
782.317,4.98
782.629,5.52
782.940,5.58
783.251,4.1
783.562,5.2
783.872,5.84
784.183,5.4
784.494,4.51
784.805,6.73
785.116,5.51
785.426,4.07
785.737,5.07
786.048,5.4
786.358,4.29
786.668,5.18
786.979,5.07
787.289,4.18
787.600,3.95
787.910,3.51
788.220,3.84
788.530,5.29
788.840,4.73
789.150,3.51
789.460,3.4
789.771,3.73
790.080,4.84
790.390,4.84
790.700,5.18
791.010,5.62
791.320,5.73
791.629,4.95
791.939,5.07
792.249,4.18
792.558,5.95
792.868,5.4
793.177,4.4
793.486,4.18
793.796,4.62
794.105,4.75
794.414,5.96
794.724,3.14
795.033,5.08
795.342,7.05
795.651,4.93
795.960,4.42
796.269,5.21
796.578,5.72
796.887,4.37
797.195,5.93
797.504,4.23
797.813,5.52
798.122,4.84
798.430,4.95
798.739,5.07
799.047,4.62
799.356,3.73
799.664,5.07
799.972,6.07
800.281,5.84
800.589,3.95
800.897,6.18
801.205,6.4
801.514,5.29
801.822,7.95
802.130,9.07
802.438,6.73
802.746,5.4
803.053,5.07
803.361,5.51
803.669,5.95
803.977,5.62
804.284,5.84
804.592,5.18
804.900,5.29
805.207,4.73
805.515,8.95
805.822,7.73
806.130,6.62
806.437,6.4
806.744,7.4
807.051,6.73
807.359,6.29
807.666,7.51
807.973,7.84
808.280,7.18
808.587,5.51
808.894,4.51
809.201,5.29
809.508,5.18
809.814,5.18
810.121,6.18
810.428,5.95
810.734,5.73
811.041,5.4
811.348,5.4
811.654,6.62
811.960,6.62
812.267,6.4
812.573,6.95
812.880,7.62
813.186,6.4
813.492,5.84
813.798,5.84
814.104,6.62
814.410,6.95
814.716,6.29
815.022,8.62
815.328,7.62
815.634,7.62
815.940,8.07
816.246,6.84
816.551,8.07
816.857,9.62
817.163,7.73
817.468,8.84
817.774,9.95
818.079,8.73
818.385,9.73
818.690,10.29
818.995,11.62
819.300,10.62
819.606,9.62
819.911,10.73
820.216,11.18
820.521,11.29
820.826,10.4
821.131,11.07
821.436,11.84
821.741,11.4
822.046,11.84
822.350,12.62
822.655,12.4
822.960,12.73
823.265,12.95
823.569,12.62
823.874,12.84
824.178,13.51
824.482,13.95
824.787,14.4
825.091,13.29
825.395,13.95
825.700,15.07
826.004,13.62
826.308,14.62
826.612,14.84
826.916,14.73
827.220,15.73
827.524,16.84
827.828,15.62
828.132,19.4
828.436,17.18
828.739,16.29
829.043,14.73
829.347,15.95
829.650,16.84
829.954,15.4
830.257,15.73
830.561,15.95
830.864,20.95
831.167,16.4
831.471,15.62
831.774,14.95
832.077,15.95
832.380,15.95
832.683,17.51
832.986,16.18
833.289,16.84
833.592,16.73
833.895,16.51
834.198,17.73
834.501,16.95
834.804,17.18
835.106,17.73
835.409,16.29
835.711,17.18
836.014,17.07
836.316,17.95
836.619,15.4
836.921,17.07
837.224,18.62
837.526,19.62
837.828,18.4
838.130,19.51
838.432,19.73
838.735,20.73
839.037,21.51
839.339,21.4
839.641,20.07
839.942,21.18
840.244,21.18
840.546,22.51
840.848,22.29
841.150,22.62
841.451,21.84
841.753,22.62
842.054,23.29
842.356,23.18
842.657,24.4
842.959,26.4
843.260,27.62
843.561,28.29
843.863,29.84
844.164,29.95
844.465,29.51
844.766,28.4
845.067,30.73
845.368,32.18
845.669,34.29
845.970,37.18
846.271,37.95
846.572,38.18
846.872,38.29
847.173,40.95
847.474,42.84
847.774,46.95
848.075,49.07
848.375,56.29
848.676,56.62
848.976,60.73
849.276,62.51
849.577,69.51
849.877,76.95
850.177,88.07
850.477,106.84
850.777,143.51
851.077,241.07
851.377,500.73
851.677,1159.62
851.977,2315.4
852.277,3510.4
852.577,3880.84
852.877,3841.29
853.176,3328.18
853.476,2617.29
853.776,2282.95
854.075,1966.29
854.375,1691.07
854.674,1447.51
854.973,1209.95
855.273,989.4
855.572,792.07
855.871,596.84
856.171,419.95
856.470,293.18
856.769,195.62
857.068,129.95
857.367,98.95
857.666,81.18
857.965,65.29
858.264,59.62
858.562,49.62
858.861,45.07
859.160,42.51
859.458,39.73
859.757,37.62
860.056,34.29
860.354,30.73
860.652,28.51
860.951,27.51
861.249,26.73
861.547,25.51
861.846,24.62
862.144,24.84
862.442,22.84
862.740,22.07
863.038,19.95
863.336,19.95
863.634,18.18
863.932,18.07
864.230,17.4
864.528,17.4
864.825,15.07
865.123,15.73
865.421,15.07
865.718,14.4
866.016,13.51
866.313,14.07
866.611,14.07
866.908,12.62
867.206,12.62
867.503,12.29
867.800,11.07
868.097,10.62
868.394,11.18
868.691,12.18
868.989,12.18
869.285,13.62
869.582,12.84
869.879,11.4
870.176,11.84
870.473,11.51
870.770,11.29
871.066,10.4
871.363,10.29
871.660,10.62
871.956,10.51
872.253,9.73
872.549,9.4
872.845,11.73
873.142,9.62
873.438,9.51
873.734,9.29
874.030,8.18
874.327,8.18
874.623,6.95
874.919,7.84
875.215,8.29
875.511,7.29
875.806,7.4
876.102,8.51
876.398,7.95
876.694,8.4
876.989,8.29
877.285,8.73
877.581,8.73
