# Rame (Cu) - saggio alla fiamma, USB2000 S/N USB2G16606
# registrazione: fcu2_usb2000_spettrogramma_20260921_164106
# selezione: media delle 8 righe piu intense in 500-560 nm (su 26)
# integrazione: 200 ms · rumore: 0.26 conteggi
# fondo strumentale sottratto; punte di 1-2 pixel rimosse
# cancellato Na a 589 nm +-5 nm (c'era un picco da 135 conteggi)
# cancellato K a 768 nm +-7 nm (c'era un picco da 9 conteggi)
wavelength_nm,intensity_counts
176.507,-0.30000
176.894,-0.68000
177.280,-0.75625
177.667,-0.64750
178.054,-0.15875
178.440,-0.18750
178.827,-0.83500
179.213,-0.51000
179.599,-0.33125
179.986,-0.49375
180.372,-0.42250
180.758,-0.12750
181.144,0.24125
181.530,-0.00625
181.917,-0.25500
182.303,-0.76000
182.689,-0.39500
183.075,-0.63125
183.461,-1.06500
183.847,-0.79625
184.232,-0.39750
184.618,-0.60375
185.004,-0.70625
185.390,-0.16000
185.776,-0.27875
186.161,-0.20125
186.547,-0.27500
186.933,-0.09125
187.318,-0.34750
187.704,-0.25625
188.089,-0.03375
188.475,-0.60875
188.860,-0.33500
189.245,-0.45250
189.631,-0.42125
190.016,-0.67750
190.401,-0.49000
190.787,-0.13500
191.172,-0.19750
191.557,-0.81750
191.942,-0.62250
192.327,-0.43875
192.712,-0.48500
193.097,-0.03750
193.482,-0.12500
193.867,-0.27375
194.252,-0.20625
194.637,-0.06875
195.022,-0.13125
195.406,-0.46125
195.791,-0.92250
196.176,-0.70625
196.560,-0.58000
196.945,-0.71125
197.330,-0.49750
197.714,-0.53500
198.099,-0.56250
198.483,-0.35750
198.868,-0.38625
199.252,-1.06625
199.636,-0.86250
200.020,-0.30625
200.405,-0.34625
200.789,-0.56250
201.173,-0.49625
201.557,-0.02875
201.941,-0.17875
202.325,-0.25875
202.709,-0.56750
203.093,-0.15500
203.477,-0.30500
203.861,-0.40625
204.245,-0.79625
204.629,-0.65000
205.013,-0.53500
205.397,-0.15000
205.780,0.00875
206.164,-0.31625
206.548,-0.22875
206.931,-0.08125
207.315,-0.18000
207.698,-0.12500
208.082,-0.14375
208.465,-0.26250
208.848,-0.37500
209.232,-0.66625
209.615,-0.60375
209.998,-0.29250
210.382,-0.31125
210.765,-0.08250
211.148,0.09375
211.531,-0.05500
211.914,0.78875
212.297,-0.06750
212.680,-0.25375
213.063,-0.68500
213.446,-0.48250
213.829,0.05000
214.212,-0.06750
214.595,-0.15625
214.977,-0.29625
215.360,-0.27375
215.743,-0.53125
216.125,-0.30875
216.508,-0.11375
216.891,-0.11125
217.273,0.10000
217.656,-0.19625
218.038,0.13500
218.420,-0.07750
218.803,-0.45625
219.185,-0.37250
219.567,0.38000
219.950,-0.18875
220.332,0.07375
220.714,0.03125
221.096,0.20250
221.478,0.15250
221.860,0.24750
222.242,-0.01625
222.624,-0.54750
223.006,-0.21750
223.388,0.06625
223.770,-0.50500
224.152,-0.56000
224.534,-0.64125
224.915,-0.41125
225.297,-0.43125
225.679,-0.47000
226.060,-0.89875
226.442,-0.44500
226.823,-0.72125
227.205,-0.24375
227.587,-0.34250
227.968,-0.07875
228.349,-0.21500
228.731,-0.73000
229.112,-0.61375
229.493,-0.76750
229.874,-0.38375
230.256,-0.19500
230.637,-0.53750
231.018,-0.20625
231.399,-0.51500
231.780,-0.67375
232.161,-0.48500
232.542,-0.09250
232.923,-0.75250
233.304,-0.59000
233.685,-0.34375
234.065,-0.03750
234.446,-0.58125
234.827,-0.52500
235.207,-0.31875
235.588,-0.09375
235.969,0.21875
236.349,0.17750
236.730,0.19375
237.110,-0.52500
237.491,-0.18750
237.871,-0.39250
238.251,-0.56000
238.632,-0.64375
239.012,-0.49125
239.392,-0.64125
239.772,-0.59125
240.153,-0.45375
240.533,-0.61750
240.913,-0.52375
241.293,-0.54250
241.673,-0.56375
242.053,-0.53375
242.433,-0.84125
242.813,-0.90625
243.192,-0.41000
243.572,-0.49375
243.952,0.21125
244.332,0.36750
244.711,-0.08000
245.091,-0.16000
245.471,-0.88125
245.850,-1.22250
246.230,-0.88125
246.609,-0.98375
246.989,-0.85375
247.368,-0.95500
247.747,-0.98750
248.127,-0.56250
248.506,0.45750
248.885,0.75000
249.264,0.19375
249.644,-0.27625
250.023,-0.75000
250.402,-0.51875
250.781,-0.81125
251.160,-0.11750
251.539,-0.42750
251.918,-0.72625
252.297,-0.21125
252.675,-0.32750
253.054,-0.47125
253.433,-0.26000
253.812,-0.23000
254.190,-0.86750
254.569,-0.83750
254.948,-0.71125
255.326,-0.84250
255.705,-0.61500
256.083,-0.36250
256.462,0.15750
256.840,0.78875
257.219,0.41375
257.597,-0.25375
257.975,-0.04875
258.353,-0.36750
258.731,-0.04625
259.110,-0.15625
259.488,-0.63125
259.866,-0.11750
260.244,0.51250
260.622,0.26375
261.000,0.03250
261.378,-0.17125
261.756,-0.18625
262.134,0.15125
262.511,0.48875
262.889,-0.37875
263.267,-0.51000
263.645,0.25250
264.022,0.33000
264.400,0.08875
264.777,-0.19250
265.155,-0.15250
265.532,-0.37875
265.910,-0.58500
266.287,-0.59375
266.665,-0.30250
267.042,-0.37500
267.419,-0.32500
267.796,-0.04250
268.174,-0.69250
268.551,-0.40625
268.928,-0.10375
269.305,-0.29750
269.682,-0.17125
270.059,-0.20375
270.436,0.08250
270.813,0.03875
271.190,-0.00500
271.567,-0.31750
271.943,-0.33750
272.320,-0.55000
272.697,-0.33125
273.074,0.09125
273.450,0.17000
273.827,-0.08125
274.204,0.27500
274.580,0.00625
274.957,0.13875
275.333,0.27125
275.709,-0.10250
276.086,-0.16875
276.462,-0.58250
276.838,-0.54875
277.214,-0.10750
277.591,0.51250
277.967,0.28250
278.343,-0.48000
278.719,-0.24875
279.095,-0.23750
279.471,0.36875
279.847,-0.35000
280.223,-0.66125
280.599,-0.52125
280.975,-0.10625
281.351,-0.58750
281.726,-0.56875
282.102,-0.63750
282.478,-0.45875
282.853,-0.42125
283.229,-0.28250
283.604,-0.13125
283.980,0.25125
284.355,0.75000
284.731,-0.15375
285.106,-0.09250
285.482,-0.31750
285.857,-0.74625
286.232,-0.56250
286.607,0.38750
286.983,0.73375
287.358,0.12500
287.733,0.13125
288.108,0.45000
288.483,-0.07250
288.858,-0.37375
289.233,-0.22500
289.608,-0.11625
289.983,-0.20375
290.358,-0.16875
290.732,-0.53000
291.107,-0.69375
291.482,-0.74625
291.856,0.30125
292.231,-0.16250
292.606,-0.41000
292.980,-0.29750
293.355,-0.20625
293.729,-0.37625
294.104,0.03500
294.478,0.12625
294.852,-0.24375
295.227,0.13750
295.601,0.22625
295.975,-0.18000
296.349,0.40750
296.723,0.30000
297.098,0.35875
297.472,0.59125
297.846,0.51625
298.219,0.87250
298.594,0.40250
298.967,0.43500
299.341,-0.11875
299.715,-0.14250
300.089,0.00125
300.463,0.43750
300.836,0.58250
301.210,-0.01750
301.584,0.51875
301.957,-0.29000
302.331,-0.51750
302.704,-0.16625
303.077,-0.00000
303.451,-0.12250
303.824,-0.09750
304.198,-0.19875
304.571,0.49625
304.944,0.45000
305.317,0.23875
305.691,0.59125
306.064,0.77500
306.437,1.07125
306.810,1.39375
307.183,1.42625
307.556,1.19500
307.929,1.04500
308.302,1.13750
308.674,1.04000
309.047,1.21375
309.420,1.10125
309.793,1.28125
310.165,1.40875
310.538,1.16875
310.911,0.93750
311.283,0.88500
311.656,0.86750
312.028,0.84750
312.401,0.87500
312.773,0.66875
313.145,0.82500
313.518,1.16875
313.890,0.79375
314.262,0.92625
314.634,1.03750
315.006,1.23750
315.378,1.24375
315.751,1.00625
316.123,0.88250
316.495,0.87000
316.866,0.40125
317.238,0.52500
317.610,0.81875
317.982,0.82000
318.354,0.92500
318.726,0.48125
319.097,0.82500
319.469,1.02000
319.841,0.63500
320.212,0.26375
320.584,0.30125
320.955,0.18750
321.327,0.53250
321.698,0.55000
322.069,0.60000
322.441,0.10625
322.812,-0.13000
323.183,0.42000
323.555,0.32125
323.926,0.61375
324.297,0.58125
324.668,0.82500
325.039,1.16375
325.410,0.69500
325.781,0.27250
326.152,0.91250
326.523,0.34250
326.894,0.67875
327.264,0.13875
327.635,0.96500
328.006,1.08250
328.376,1.24250
328.747,1.34625
329.118,0.89500
329.488,0.87000
329.859,0.76375
330.229,0.47750
330.599,0.61375
330.970,0.85000
331.340,1.00125
331.711,1.03125
332.081,0.70750
332.451,0.66375
332.821,0.54250
333.191,0.29125
333.562,0.45750
333.932,0.95125
334.301,0.82500
334.671,0.77500
335.041,0.44375
335.411,0.50750
335.781,0.78625
336.151,0.64125
336.521,0.55625
336.890,0.53125
337.260,0.49625
337.630,0.59000
337.999,0.76500
338.369,0.89000
338.738,0.66125
339.108,1.01375
339.477,0.77250
339.847,0.60750
340.216,0.64375
340.586,0.84625
340.955,0.74875
341.324,0.58125
341.693,1.00375
342.062,1.12625
342.431,0.96375
342.800,1.05000
343.170,1.03750
343.538,1.19500
343.907,1.29125
344.276,0.79375
344.645,0.88500
345.014,0.76250
345.383,0.95375
345.752,0.93750
346.120,0.54125
346.489,1.00375
346.858,1.23375
347.226,1.21125
347.595,1.18875
347.963,1.21875
348.332,1.00000
348.700,0.72000
349.068,1.17750
349.437,1.00250
349.805,0.99375
350.173,1.04500
350.541,0.99250
350.909,1.28875
351.278,0.90125
351.646,0.52625
352.014,1.15625
352.382,1.48125
352.750,1.60000
353.118,1.52125
353.485,1.19625
353.853,0.98250
354.221,0.99000
354.589,0.98250
354.957,1.27500
355.324,1.24375
355.692,1.30625
356.059,1.30375
356.427,1.50250
356.794,1.32625
357.162,2.03875
357.529,1.56250
357.897,1.78875
358.264,1.25375
358.631,1.44875
358.998,1.16750
359.366,1.13250
359.733,1.06500
360.100,1.38250
360.467,1.32750
360.834,1.29500
361.201,1.41875
361.568,1.16875
361.935,1.38375
362.302,1.58125
362.669,1.52125
363.035,1.51375
363.402,1.58125
363.769,1.55375
364.135,1.26875
364.502,1.36500
364.869,1.51375
365.235,1.59000
365.602,1.55875
365.968,1.39375
366.335,1.71250
366.701,1.58375
367.067,1.57375
367.434,1.74500
367.800,1.76250
368.166,1.73375
368.532,1.78750
368.898,1.53750
369.264,1.40750
369.630,1.03250
369.996,1.21250
370.362,1.35125
370.728,1.79125
371.094,1.58750
371.460,1.45625
371.826,1.16375
372.192,2.09375
372.557,1.87125
372.923,1.80000
373.288,1.62875
373.654,2.28125
374.020,2.09250
374.385,1.79000
374.751,1.49250
375.116,1.51250
375.481,1.65375
375.847,1.86875
376.212,2.05750
376.577,2.29000
376.942,2.22125
377.308,2.29125
377.673,2.07000
378.038,1.97250
378.403,1.90875
378.768,2.10625
379.133,2.43125
379.498,2.65000
379.863,2.27500
380.227,2.29375
380.592,2.26375
380.957,2.13125
381.322,2.38000
381.686,2.06375
382.051,2.25750
382.415,2.13250
382.780,2.35625
383.144,2.27000
383.509,2.24500
383.873,2.12125
384.238,2.61375
384.602,2.70125
384.966,1.63750
385.330,1.60625
385.695,1.80000
386.059,1.88750
386.423,2.02250
386.787,2.45375
387.151,1.69375
387.515,1.94375
387.879,1.91500
388.243,2.27000
388.607,2.55000
388.971,2.42625
389.334,2.52000
389.698,2.24625
390.062,1.69000
390.425,1.35125
390.789,1.33625
391.153,2.09875
391.516,2.32750
391.880,2.52875
392.243,2.50625
392.606,2.59375
392.970,2.50250
393.333,2.58250
393.697,2.38125
394.060,2.76875
394.423,3.10125
394.786,2.93875
395.149,2.61250
395.512,2.58375
395.875,2.78750
396.238,2.78250
396.601,3.22250
396.964,2.97875
397.327,3.24375
397.690,3.29375
398.053,3.08250
398.415,3.18250
398.778,3.42125
399.140,3.58500
399.503,3.23375
399.866,3.06375
400.228,3.59625
400.591,3.32625
400.953,3.44625
401.315,3.43125
401.678,4.20000
402.040,3.89000
402.402,3.76875
402.765,4.01500
403.127,3.17250
403.489,3.27625
403.851,3.37250
404.213,3.31250
404.575,3.25625
404.937,2.88875
405.299,3.77000
405.661,4.36000
406.023,4.38625
406.385,3.78500
406.746,2.83500
407.108,2.63000
407.470,3.45125
407.831,3.71750
408.193,3.07125
408.554,3.23375
408.916,3.08875
409.277,3.53875
409.639,3.18750
410.000,3.25875
410.361,3.30000
410.723,3.15750
411.084,3.42125
411.445,3.72500
411.806,4.01250
412.168,3.79625
412.529,3.91250
412.890,4.70000
413.251,3.96500
413.612,3.70125
413.973,3.85000
414.333,3.96875
414.694,4.13750
415.055,4.37750
415.416,4.20000
415.776,4.37500
416.137,4.79375
416.498,4.39375
416.858,4.43750
417.219,4.50125
417.579,4.56125
417.940,4.44625
418.300,4.43875
418.660,4.70000
419.021,4.47500
419.381,4.46375
419.741,4.23875
420.101,4.59000
420.462,5.38250
420.822,5.62625
421.182,5.02625
421.542,5.08250
421.902,5.37125
422.262,5.55250
422.622,4.95250
422.981,3.95250
423.341,3.97000
423.701,4.68750
424.061,5.14000
424.420,5.28250
424.780,5.14375
425.140,4.95000
425.499,4.83750
425.859,5.23750
426.218,5.55250
426.577,6.59125
426.937,8.07500
427.296,8.75500
427.656,8.66375
428.015,9.29375
428.374,10.24813
428.733,9.95688
429.092,9.10250
429.451,9.45625
429.810,9.10250
430.169,8.63875
430.528,8.29375
430.887,8.09375
431.246,8.82000
431.605,9.12250
431.964,9.08125
432.322,9.45250
432.681,9.55875
433.040,9.40000
433.398,9.50000
433.757,9.01375
434.115,8.81500
434.474,8.84750
434.832,8.28250
435.191,8.10625
435.549,7.31688
435.908,7.76875
436.266,7.63375
436.624,7.96750
436.982,8.00750
437.340,8.64375
437.698,8.56000
438.056,9.24750
438.414,9.01375
438.772,9.67000
439.130,9.72125
439.488,9.58750
439.846,9.93125
440.204,9.68250
440.562,10.29250
440.919,9.79375
441.277,9.58125
441.635,9.67875
441.992,9.55750
442.350,9.49625
442.707,10.45625
443.065,10.48125
443.422,10.49500
443.779,10.51875
444.137,9.93125
444.494,9.65500
444.851,9.37000
445.209,10.04500
445.566,10.95625
445.923,10.04375
446.280,9.67500
446.637,9.52250
446.994,9.54500
447.351,9.73125
447.708,9.54500
448.065,9.17500
448.421,8.82625
448.778,8.60250
449.135,8.96000
449.492,9.13250
449.848,9.16500
450.205,9.37750
450.561,9.83000
450.918,9.55750
451.274,9.08375
451.631,9.25625
451.987,9.90125
452.344,10.06000
452.700,10.02000
453.056,10.09500
453.412,9.95000
453.768,9.86250
454.125,9.49125
454.481,9.85000
454.837,10.36000
455.193,9.48500
455.549,8.89000
455.904,8.23750
456.260,8.27125
456.616,9.08375
456.972,8.47500
457.328,7.91375
457.683,8.67500
458.039,8.50000
458.395,8.35625
458.750,7.97500
459.106,8.19250
459.461,8.45000
459.817,8.88500
460.172,8.65375
460.527,8.62250
460.883,8.18125
461.238,8.25375
461.593,8.82875
461.948,9.29500
462.303,9.63250
462.659,9.36375
463.014,9.51875
463.369,10.19750
463.724,10.44500
464.079,10.75000
464.433,11.25875
464.788,11.62750
465.143,11.49375
465.498,11.72125
465.852,11.77125
466.207,11.87125
466.562,12.25000
466.916,12.54125
467.271,12.70000
467.625,13.09750
467.980,13.24625
468.334,13.43750
468.688,13.62750
469.043,13.07500
469.397,14.10250
469.751,13.75750
470.106,15.02125
470.460,15.37875
470.814,16.07750
471.168,15.66250
471.522,16.03750
471.876,15.82500
472.230,15.99500
472.584,16.53125
472.937,16.99000
473.291,16.64750
473.645,16.85875
473.999,16.74625
474.352,16.80000
474.706,17.31250
475.060,17.56375
475.413,18.29750
475.767,19.25125
476.120,17.94625
476.473,18.25500
476.827,19.31125
477.180,19.61375
477.533,19.32625
477.887,19.78375
478.240,20.45125
478.593,19.17500
478.946,20.02375
479.299,19.16375
479.652,18.77625
480.005,18.97500
480.358,18.67250
480.711,18.24625
481.064,18.72375
481.416,18.45500
481.769,19.41625
482.122,19.60125
482.474,20.05875
482.827,20.20625
483.180,20.42375
483.532,20.68750
483.885,21.39000
484.237,21.93625
484.589,22.15750
484.942,22.35750
485.294,23.00000
485.647,22.96250
485.999,23.35250
486.351,23.26250
486.703,24.58375
487.055,24.25000
487.407,24.50125
487.759,25.17625
488.111,26.44000
488.463,26.80625
488.815,26.85875
489.167,26.93500
489.519,28.54000
489.870,29.66875
490.222,29.41750
490.574,30.47375
490.925,30.83625
491.277,31.02875
491.628,30.72500
491.980,30.76250
492.331,31.27125
492.683,31.93375
493.034,32.13750
493.385,31.63375
493.737,32.02000
494.088,31.32500
494.439,31.00000
494.790,30.37500
495.141,30.41250
495.492,30.28125
495.843,28.82000
496.194,29.66875
496.545,29.60625
496.896,30.06500
497.247,31.06375
497.598,32.21875
497.948,30.98375
498.299,32.20625
498.650,31.56250
499.000,32.29125
499.351,33.56125
499.702,34.22500
500.052,34.58750
500.402,34.84375
500.753,35.70000
501.103,36.95750
501.454,38.29375
501.804,38.75375
502.154,39.38750
502.504,41.04875
502.854,41.67625
503.204,40.96125
503.554,41.26750
503.904,42.31625
504.254,46.26375
504.604,48.14500
504.954,48.50250
505.304,50.61625
505.654,50.92625
506.003,50.81625
506.353,51.35375
506.703,51.36000
507.052,50.97500
507.402,50.88000
507.751,50.10250
508.101,50.60875
508.450,50.27750
508.800,50.13875
509.149,49.78125
509.498,47.17875
509.848,47.79500
510.197,47.85750
510.546,48.56625
510.895,48.92500
511.244,48.60000
511.593,49.21250
511.942,47.69875
512.291,46.47438
512.640,46.50250
512.989,47.16000
513.338,47.53500
513.687,47.39375
514.035,47.75500
514.384,43.42750
514.732,48.42188
515.081,49.06375
515.430,49.16250
515.778,51.16000
516.127,52.53625
516.475,53.50500
516.823,53.98375
517.172,55.53625
517.520,57.59625
517.868,59.24250
518.216,59.84875
518.565,61.01000
518.913,62.46250
519.261,63.48375
519.609,64.11000
519.957,64.90875
520.305,64.87500
520.653,67.09375
521.000,67.59375
521.348,67.74000
521.696,68.44000
522.044,69.92500
522.391,69.30875
522.739,71.02125
523.087,71.05250
523.434,71.50125
523.782,72.69000
524.129,70.17125
524.476,70.67500
524.824,69.47375
525.171,69.74750
525.518,69.00250
525.865,66.70125
526.213,65.60125
526.560,64.41750
526.907,62.71625
527.254,62.34625
527.601,64.80875
527.948,65.79875
528.295,65.79875
528.642,67.19000
528.989,68.15875
529.335,70.21500
529.682,71.66875
530.029,71.81250
530.375,72.45000
530.722,72.10625
531.069,71.54125
531.415,71.90125
531.761,70.91000
532.108,70.49125
532.454,70.18000
532.801,71.20750
533.147,72.49375
533.493,73.00500
533.839,74.06250
534.186,74.60000
534.532,75.97500
534.878,77.25000
535.224,78.43125
535.570,79.62625
535.916,81.30500
536.262,82.85000
536.607,83.43750
536.953,84.66375
537.299,84.58500
537.645,85.53500
537.990,87.14000
538.336,87.89625
538.682,88.62625
539.027,88.80125
539.373,89.72875
539.718,89.65750
540.063,90.58625
540.409,89.62500
540.754,91.04750
541.100,91.12500
541.445,91.95625
541.790,91.33750
542.135,93.51500
542.480,93.21750
542.825,95.18875
543.170,94.96375
543.515,94.87625
543.860,96.16875
544.205,97.01250
544.550,96.52625
544.894,97.30625
545.239,95.88125
545.584,97.09000
545.929,97.52250
546.273,98.49125
546.618,98.36500
546.962,98.70125
547.307,98.32000
547.651,98.56875
547.995,98.28750
548.340,98.95250
548.684,98.35625
549.028,97.84625
549.373,96.91750
549.717,90.58875
550.061,90.34875
550.405,87.91875
550.749,87.98750
551.093,82.63125
551.437,82.30000
551.781,79.01125
552.125,76.63375
552.468,74.16000
552.812,73.14875
553.156,71.82625
553.500,70.05125
553.843,68.87625
554.187,66.27500
554.530,64.94875
554.874,64.58875
555.217,64.46875
555.561,60.66125
555.904,59.07875
556.247,57.17125
556.591,55.25625
556.934,54.69500
557.277,51.52500
557.620,50.24750
557.963,49.48250
558.306,47.35000
558.649,45.26250
558.992,44.74125
559.335,41.88500
559.678,40.40875
560.021,39.87500
560.364,38.47875
560.706,38.90625
561.049,37.00875
561.391,37.58000
561.734,35.79000
562.077,35.84500
562.419,35.08250
562.762,33.85625
563.104,33.62000
563.446,33.65625
563.789,32.60125
564.131,32.51125
564.473,31.70375
564.816,30.69250
565.158,30.86750
565.500,29.86500
565.842,29.50750
566.184,29.27750
566.526,29.78125
566.868,29.77250
567.210,28.03875
567.551,27.32500
567.893,27.36750
568.235,26.71875
568.577,25.62375
568.918,25.25125
569.260,25.30750
569.601,25.18875
569.943,26.23750
570.284,25.20875
570.626,25.57125
570.967,23.51250
571.308,24.08875
571.650,22.95625
571.991,23.04375
572.332,22.36500
572.673,22.47813
573.014,20.21438
573.356,20.04000
573.697,19.85250
574.038,19.31875
574.379,19.04625
574.719,19.07125
575.060,18.17625
575.401,17.89125
575.742,18.11250
576.082,17.79375
576.423,16.71250
576.764,16.75750
577.104,16.07125
577.445,16.17000
577.785,16.38375
578.126,16.24625
578.466,16.12875
578.807,16.31625
579.147,15.63750
579.487,15.07000
579.827,15.51000
580.167,15.27875
580.508,15.14375
580.848,15.69750
581.188,14.36250
581.528,13.75750
581.868,13.20500
582.207,11.96375
582.547,12.08500
582.887,12.31250
583.227,11.87625
583.567,12.45875
583.906,12.33875
584.246,12.05861
584.585,11.29593
584.925,12.04245
585.264,12.00929
585.604,11.75064
585.943,11.90312
586.283,12.06770
586.622,11.88492
586.961,11.35625
587.300,11.11876
587.640,11.20310
587.979,11.29346
588.318,10.57355
588.657,11.04933
588.996,10.68747
589.335,10.73750
589.674,10.70053
590.013,10.67422
590.351,10.78159
590.690,10.86301
591.029,10.46275
591.367,10.77521
591.706,10.14491
592.045,10.32952
592.383,10.38993
592.722,10.08638
593.060,9.55249
593.399,9.67484
593.737,10.37389
594.075,10.36250
594.413,10.05375
594.752,9.86250
595.090,9.11500
595.428,9.05000
595.766,9.58125
596.104,9.58875
596.442,9.40125
596.780,9.32125
597.118,9.63875
597.456,9.39375
597.794,9.55000
598.131,9.22625
598.469,9.10250
598.807,9.40875
599.144,9.43750
599.482,9.00875
599.819,9.27625
600.157,9.14375
600.494,8.53125
600.832,8.55125
601.169,9.07125
601.506,9.44500
601.844,9.13125
602.181,9.32375
602.518,9.85250
602.855,9.65750
603.192,10.07625
603.529,10.17250
603.866,10.52000
604.203,11.48875
604.540,11.21125
604.877,11.96000
605.214,13.58500
605.551,14.33125
605.887,15.47875
606.224,15.56250
606.561,15.47625
606.897,16.04625
607.234,15.06875
607.570,14.91875
607.907,14.45750
608.243,13.96875
608.580,13.51375
608.916,12.84000
609.252,11.39687
609.588,11.28750
609.924,11.51500
610.260,10.91000
610.597,10.70625
610.933,11.26000
611.269,10.82000
611.605,10.75625
611.941,10.18750
612.276,10.20625
612.612,10.10250
612.948,11.55750
613.284,10.59750
613.619,10.31250
613.955,11.83875
614.290,10.94000
614.626,11.77250
614.962,10.58500
615.297,11.24062
615.632,12.97250
615.968,12.38500
616.303,13.15250
616.638,12.92000
616.973,12.77250
617.309,12.89500
617.644,13.49375
617.979,11.54625
618.314,10.82375
618.649,10.54000
618.984,10.54375
619.319,10.77500
619.653,10.52875
619.988,9.43875
620.323,9.37750
620.658,9.00750
620.992,9.08250
621.327,8.64625
621.662,8.29000
621.996,8.17500
622.331,8.79063
622.665,6.69000
622.999,7.74125
623.334,7.58875
623.668,7.89000
624.002,7.71500
624.336,7.77500
624.671,7.93250
625.005,7.98250
625.339,8.00000
625.673,8.62875
626.007,9.24375
626.341,9.63750
626.675,10.41500
627.008,10.65625
627.342,11.32250
627.676,11.06250
628.010,11.92625
628.343,12.02125
628.677,11.17125
629.010,11.45000
629.344,11.95000
629.677,12.69375
630.011,11.80625
630.344,12.34750
630.678,12.38375
631.011,12.07750
631.344,11.63375
631.677,11.24625
632.010,10.78125
632.343,10.90875
632.677,11.07750
633.010,10.91875
633.342,10.47125
633.675,10.48500
634.008,10.26500
634.341,9.98625
634.674,9.51875
635.007,9.66375
635.339,9.66375
635.672,9.12875
636.005,8.86000
636.337,9.21375
636.670,8.72500
637.002,8.73250
637.334,8.14000
637.667,7.84875
637.999,7.55375
638.331,7.76875
638.664,7.73125
638.996,7.62625
639.328,7.70375
639.660,7.58500
639.992,7.73125
640.324,7.89125
640.656,7.73250
640.988,7.21750
641.320,6.79000
641.652,6.73125
641.983,6.89750
642.315,6.55125
642.647,6.81375
642.978,6.18625
643.310,6.50125
643.641,7.18875
643.973,6.80000
644.304,6.88625
644.636,6.44375
644.967,6.48750
645.298,6.28125
645.630,6.18750
645.961,6.43875
646.292,6.05750
646.623,6.39625
646.954,6.42500
647.285,5.60000
647.616,6.12875
647.947,5.36500
648.278,5.22500
648.609,5.51375
648.940,5.55000
649.270,5.30750
649.601,5.32750
649.932,5.72625
650.262,5.53875
650.593,5.99500
650.923,6.24375
651.254,6.00875
651.584,5.76125
651.915,6.03750
652.245,6.51375
652.575,5.98500
652.905,4.80375
653.236,5.73250
653.566,6.53125
653.896,6.83375
654.226,6.62500
654.556,6.77000
654.886,6.76375
655.216,7.15375
655.546,7.32000
655.875,6.93875
656.205,7.17500
656.535,7.28750
656.865,7.25625
657.194,7.25750
657.524,7.71875
657.853,7.66375
658.183,7.90000
658.512,8.49125
658.842,8.03250
659.171,8.51500
659.500,8.90625
659.830,9.08500
660.159,9.55250
660.488,9.57000
660.817,10.03750
661.146,9.97375
661.475,10.42875
661.804,10.82500
662.133,10.08062
662.462,9.30750
662.791,9.47625
663.120,9.94000
663.448,9.77875
663.777,9.49375
664.106,9.01375
664.434,9.10250
664.763,9.03250
665.091,8.40625
665.420,8.53125
665.748,8.32500
666.077,7.35500
666.405,7.27125
666.733,7.32625
667.062,6.52250
667.390,6.45500
667.718,6.35375
668.046,5.94625
668.374,6.15625
668.702,5.96875
669.030,6.38375
669.358,8.26625
669.686,9.69750
670.014,10.35750
670.341,11.03000
670.669,10.31625
670.997,9.74750
671.324,8.37875
671.652,7.29375
671.980,6.83125
672.307,6.19000
672.634,5.90250
672.962,5.28750
673.289,5.07875
673.616,4.25625
673.944,4.41875
674.271,4.41375
674.598,4.29500
674.925,4.32625
675.252,3.99375
675.579,4.20625
675.906,3.81875
676.233,4.14750
676.560,3.87750
676.887,4.69313
677.214,3.43375
677.540,3.37625
677.867,3.30125
678.194,2.70750
678.520,3.05625
678.847,3.96875
679.173,3.61875
679.500,3.81250
679.826,3.36750
680.153,3.10875
680.479,3.01875
680.805,3.40000
681.131,3.46500
681.458,3.38500
681.784,3.27500
682.110,3.64750
682.436,3.96625
682.762,4.17125
683.088,3.08750
683.414,3.36500
683.740,3.31500
684.065,3.40875
684.391,3.31875
684.717,3.48125
685.042,3.24375
685.368,3.20125
685.694,3.16875
686.019,3.02750
686.345,3.43750
686.670,3.22250
686.995,2.97375
687.321,3.10000
687.646,3.06875
687.971,2.68125
688.296,3.11875
688.622,3.09500
688.947,2.76375
689.272,2.44625
689.597,2.56875
689.922,2.93500
690.247,3.24500
690.572,3.17500
690.896,2.98875
691.221,3.18500
691.546,3.31000
691.870,3.09125
692.195,3.86000
692.520,3.16875
692.844,2.72500
693.169,2.96500
693.493,2.83125
693.817,3.10125
694.142,3.35875
694.466,2.60125
694.790,2.78125
695.115,2.81250
695.439,2.78875
695.763,3.34000
696.087,3.57375
696.411,3.07625
696.735,2.88375
697.059,3.08750
697.383,3.48500
697.707,3.18000
698.030,3.24375
698.354,3.26250
698.678,3.18375
699.001,3.26250
699.325,2.83625
699.648,2.89875
699.972,2.63750
700.295,3.33000
700.619,2.74250
700.942,2.97250
701.265,3.35750
701.589,3.27500
701.912,2.87000
702.235,2.80000
702.558,3.00125
702.881,2.77125
703.204,3.05000
703.527,3.22375
703.850,3.33500
704.173,3.10250
704.496,3.85375
704.819,2.22000
705.141,2.67625
705.464,2.73375
705.787,2.98750
706.109,2.58750
706.432,2.72875
706.754,2.90750
707.077,2.78250
707.399,3.53000
707.722,2.65125
708.044,2.55125
708.366,2.53125
708.688,2.90125
709.011,3.10750
709.333,2.82750
709.655,2.87750
709.977,2.72250
710.299,3.04625
710.621,2.76750
710.943,2.90625
711.264,2.98125
711.586,2.85375
711.908,2.68375
712.230,2.70000
712.551,2.40500
712.873,2.30750
713.194,2.51250
713.516,3.12000
713.837,3.23750
714.159,3.04375
714.480,2.78125
714.802,3.01875
715.123,3.14250
715.444,3.20875
715.765,2.97125
716.086,3.58875
716.407,3.64375
716.728,3.72500
717.049,3.96875
717.370,3.17500
717.691,3.50125
718.012,3.41875
718.333,3.46125
718.654,3.74375
718.974,3.66500
719.295,4.12875
719.615,3.29500
719.936,3.15000
720.257,3.13125
720.577,3.58375
720.898,3.04000
721.218,3.39875
721.538,3.13750
721.858,2.78750
722.179,2.47750
722.499,2.62250
722.819,2.77000
723.139,2.84125
723.459,2.86250
723.779,2.68250
724.099,3.10750
724.419,3.45875
724.739,3.45875
725.058,3.63375
725.378,3.50000
725.698,3.40125
726.018,3.57125
726.337,2.83375
726.657,3.39500
726.976,3.32500
727.296,3.15000
727.615,2.85750
727.934,2.87000
728.254,2.95000
728.573,3.27750
728.892,2.94500
729.212,3.37625
729.531,3.15250
729.850,3.13125
730.169,3.02000
730.488,2.96000
730.807,2.75250
731.125,3.13375
731.444,2.95750
731.763,3.24250
732.082,3.09125
732.401,3.26000
732.719,3.43125
733.038,3.34375
733.356,3.31250
733.675,3.10125
733.993,3.18250
734.312,3.16250
734.630,3.34750
734.948,2.45000
735.267,3.09750
735.585,3.08125
735.903,2.88375
736.221,3.15125
736.539,3.51000
736.857,2.74375
737.175,2.97750
737.493,2.92750
737.811,2.69000
738.129,2.79375
738.447,2.46375
738.764,2.59375
739.082,2.86875
739.400,3.13250
739.717,3.35000
740.035,2.73875
740.352,2.49750
740.670,2.34625
740.987,2.72625
741.305,2.50125
741.622,2.13750
741.939,2.47625
742.256,2.07000
742.574,2.20625
742.891,2.35750
743.208,2.58625
743.525,2.19375
743.842,2.18875
744.159,2.42875
744.476,2.52500
744.792,2.77500
745.109,2.36375
745.426,2.50000
745.743,2.08625
746.059,1.85500
746.376,2.20625
746.692,2.44125
747.009,2.79500
747.325,2.94500
747.642,2.81375
747.958,2.41125
748.274,2.21500
748.591,2.08000
748.907,2.05250
749.223,2.83000
749.539,1.93750
749.855,2.28250
750.171,2.24750
750.487,2.52125
750.803,2.73125
751.119,2.37000
751.435,1.79500
751.750,2.51375
752.066,2.27500
752.382,2.51250
752.697,2.62000
753.013,2.29375
753.328,2.63875
753.644,2.36875
753.959,1.73750
754.275,1.75750
754.590,1.87000
754.905,1.83375
755.221,1.82750
755.536,2.38250
755.851,2.37750
756.166,2.23750
756.481,2.54625
756.796,2.63375
757.111,2.62875
757.426,2.43250
757.741,2.61250
758.056,2.67750
758.370,2.28250
758.685,1.82000
759.000,1.66250
759.314,2.08250
759.629,2.46000
759.943,2.22625
760.258,1.91375
760.572,2.34375
760.887,2.45000
761.201,2.49861
761.515,2.47593
761.830,2.80620
762.144,2.75429
762.458,2.65930
762.772,2.78667
763.086,3.01060
763.400,2.88719
763.714,2.41787
764.028,2.23973
764.342,2.38341
764.655,2.53310
764.969,1.87252
765.283,2.40762
765.596,2.10506
765.910,2.21441
766.224,2.23672
766.537,2.26970
766.851,2.43635
767.164,2.57706
767.477,2.23606
767.791,2.60778
768.104,2.03672
768.417,2.28059
768.730,2.40023
769.043,2.15591
769.356,1.90410
769.669,1.82855
769.982,1.92468
770.295,2.07801
770.608,1.72134
770.921,1.90743
771.234,1.89289
771.547,2.05216
771.859,1.93708
772.172,1.94682
772.484,1.64916
772.797,1.76143
773.109,1.97779
773.422,2.13960
773.734,1.37591
774.047,2.14347
774.359,1.99229
774.671,1.67762
774.983,1.88945
775.295,2.09375
775.607,2.01250
775.919,1.91750
776.231,1.85125
776.543,1.77000
776.855,1.86875
777.167,1.68875
777.479,1.51250
777.791,1.63250
778.102,1.93250
778.414,1.95375
778.726,1.93750
779.037,1.97875
779.349,1.44750
779.660,1.39875
779.972,1.99625
780.283,1.34125
780.594,1.59125
780.906,1.71750
781.217,1.34125
781.528,1.33250
781.839,1.23750
782.150,0.85500
782.461,1.20250
782.772,1.46375
783.083,1.32625
783.394,1.21875
783.705,1.47250
784.016,1.12500
784.326,1.27000
784.637,1.73125
784.948,1.73875
785.258,1.80625
785.569,1.68875
785.879,1.22625
786.190,1.45250
786.500,1.11125
786.810,0.80750
787.121,0.97500
787.431,1.24750
787.741,0.86875
788.051,1.23250
788.361,1.58750
788.671,0.75125
788.981,0.90625
789.291,1.32250
789.601,1.47875
789.911,1.27625
790.221,1.57750
790.531,1.65375
790.840,1.17625
791.150,1.27750
791.460,1.66125
791.769,1.07500
792.079,1.20000
792.388,1.52250
792.698,1.19375
793.007,1.16875
793.316,1.31125
793.625,1.17875
793.935,0.73250
794.244,1.25375
794.553,1.20250
794.862,1.04000
795.171,1.53500
795.480,1.23875
795.789,1.45750
796.098,1.13375
796.407,1.30750
796.716,0.77125
797.024,0.79500
797.333,0.85125
797.641,0.75750
797.950,1.06875
798.259,0.96500
798.567,1.21750
798.875,1.05125
799.184,1.14625
799.492,1.24125
799.801,1.74750
800.109,1.37375
800.417,1.23375
800.725,1.20375
801.033,1.17500
801.341,1.74750
801.649,1.49500
801.957,1.32250
802.265,1.18375
802.573,1.03875
802.881,1.05750
803.188,1.46000
803.496,1.00875
803.804,1.35875
804.111,1.28750
804.419,1.08875
804.726,1.03125
805.034,1.16375
805.341,1.05000
805.649,1.35750
805.956,1.51875
806.263,1.41375
806.570,1.35875
806.878,1.16375
807.185,1.58875
807.492,1.28875
807.799,1.15250
808.106,0.97500
808.413,1.13375
808.719,1.03375
809.026,1.26250
809.333,1.16250
809.640,1.48125
809.946,0.77750
810.253,1.04375
810.559,0.86500
810.866,0.83750
811.173,0.96250
811.479,0.94625
811.785,1.45750
812.092,1.42625
812.398,1.54250
812.704,1.03750
813.010,1.26250
813.316,1.78125
813.622,1.86250
813.928,1.01375
814.235,0.86000
814.540,0.87625
814.846,1.25875
815.152,1.34500
815.458,1.25000
815.764,1.32125
816.069,1.21250
816.375,1.14625
816.681,0.93250
816.986,1.26875
817.292,1.46250
817.597,1.25625
817.902,1.20750
818.208,1.17250
818.513,1.58750
818.818,1.76875
819.123,1.39000
819.428,1.18875
819.734,0.92000
820.039,0.94375
820.343,0.94625
820.649,1.10000
820.953,1.28125
821.258,1.08875
821.563,0.85875
821.868,0.75375
822.172,0.72875
822.477,0.70250
822.782,0.66875
823.086,1.17250
823.391,1.49750
823.695,1.19500
824.000,0.70750
824.304,0.90625
824.608,1.28125
824.912,1.43500
825.217,0.70250
825.521,1.09375
825.825,1.37500
826.129,1.04000
826.433,1.22250
826.737,0.74125
827.041,0.75000
827.345,0.98125
827.648,0.93000
827.952,0.57875
828.256,0.78125
828.559,0.77500
828.863,0.78375
829.167,1.24625
829.470,1.45000
829.774,1.25250
830.077,1.03125
830.380,1.68125
830.684,0.99250
830.987,1.08750
831.290,1.16125
831.593,1.40000
831.896,1.03875
832.199,0.95750
832.502,0.59750
832.805,0.20625
833.108,0.60000
833.411,0.51500
833.714,1.10750
834.017,1.23875
834.319,0.97375
834.622,0.65375
834.925,1.00125
835.227,0.84625
835.530,0.77000
835.832,0.97125
836.135,1.63750
836.437,1.75750
836.739,1.59625
837.042,1.09500
837.344,1.24500
837.646,0.72250
837.948,0.50375
838.250,0.54375
838.552,1.03875
838.854,0.97625
839.156,0.68000
839.458,0.99500
839.760,1.26125
840.061,0.78875
840.363,0.78375
840.665,0.68750
840.966,0.77750
841.268,0.23500
841.569,0.31875
841.871,0.41625
842.172,0.41375
842.474,0.56625
842.775,0.03250
843.076,-0.24875
843.377,-0.28750
843.679,0.11375
843.980,0.53750
844.281,0.37250
844.582,-0.04375
844.883,0.01500
845.184,0.16625
845.485,0.58125
845.785,0.56000
846.086,0.51875
846.387,0.75750
846.687,0.56250
846.988,0.82500
847.289,0.96375
847.589,1.14125
847.890,1.05375
848.190,0.82625
848.490,0.52875
848.791,0.22750
849.091,0.44375
849.391,0.39000
849.691,0.27625
849.991,0.55500
850.292,0.46625
850.591,0.05000
850.891,0.45625
851.191,0.02625
851.491,0.18375
851.791,0.62500
852.091,0.26250
852.390,0.31375
852.690,0.78125
852.990,1.38000
853.289,1.08625
853.589,1.15250
853.888,0.82375
854.188,0.81250
854.487,1.16375
854.786,0.92000
855.086,0.61250
855.385,0.44125
855.684,0.61250
855.983,0.07750
856.282,-0.15500
856.581,0.16250
856.880,0.09500
857.179,0.52125
857.478,0.63125
857.777,0.43625
858.076,0.27250
858.374,0.51500
858.673,0.15625
858.972,-0.13750
859.270,-0.02375
859.569,-0.10000
859.867,0.36500
860.165,0.48625
860.464,0.53500
860.762,0.24375
861.060,0.13000
861.359,0.45625
861.657,0.07125
861.955,0.34625
862.253,0.77625
862.551,0.53875
862.849,0.07000
863.147,0.50250
863.445,0.74875
863.742,0.58750
864.040,0.33750
864.338,0.12875
864.636,0.24750
864.933,0.65375
865.231,0.52125
865.528,0.21250
865.826,0.05000
866.123,-0.09000
866.420,0.01000
866.718,0.08250
867.015,-0.22875
867.312,0.15125
867.609,0.18875
867.907,-0.26250
868.204,0.31875
868.501,0.45625
868.798,0.92625
869.095,0.58125
869.391,0.52875
869.688,0.29125
869.985,0.37750
870.282,0.84750
870.578,0.44000
870.875,0.22375
871.171,0.28125
871.468,-0.13125
871.764,-0.08125
872.061,0.18875
872.357,0.39625
872.653,0.00875
872.950,0.09375
873.246,0.35125
873.542,0.56875
873.838,0.83875
874.134,0.55000
874.430,0.28250
874.726,-0.24375
875.022,-0.12375
875.318,-0.33750
875.614,-0.03750
875.909,0.05750
876.205,-0.10000
876.501,0.06250
876.796,-0.29250
877.092,-0.17500
