# Ferro (Fe) - saggio alla fiamma, USB2000 S/N USB2G16606
# registrazione: ffe_usb2000_spettrogramma_20260921_162437
# selezione: riga piu intensa in 365-445 nm (7 righe)
# integrazione: 200 ms · rumore: 0.40 conteggi
# fondo strumentale sottratto; punte di 1-2 pixel rimosse
wavelength_nm,intensity_counts
176.507,0.38400
176.894,0.10400
177.280,0.88400
177.667,0.52400
178.054,1.24400
178.440,2.03400
178.827,0.82400
179.213,0.57400
179.599,0.08400
179.986,0.78400
180.372,1.07400
180.758,0.09400
181.144,0.44400
181.530,0.73400
181.917,0.75400
182.303,0.02400
182.689,0.11400
183.075,0.08400
183.461,-0.19600
183.847,0.39400
184.232,1.87400
184.618,1.72400
185.004,1.63400
185.390,1.52400
185.776,0.67400
186.161,0.91400
186.547,1.38400
186.933,1.92400
187.318,1.82400
187.704,1.83400
188.089,1.44400
188.475,0.59400
188.860,0.57400
189.245,-0.45600
189.631,-0.30600
190.016,-0.05600
190.401,-0.05600
190.787,-0.07600
191.172,0.57400
191.557,0.95400
191.942,0.57400
192.327,-0.03600
192.712,-0.32600
193.097,0.18400
193.482,0.48400
193.867,0.80400
194.252,-0.21600
194.637,-0.46600
195.022,-0.51600
195.406,-0.24600
195.791,-0.12600
196.176,0.83400
196.560,1.10400
196.945,0.10400
197.330,-0.32600
197.714,0.57400
198.099,1.73400
198.483,1.71400
198.868,1.10400
199.252,0.17400
199.636,0.78400
200.020,1.68400
200.405,0.79400
200.789,0.18400
201.173,0.39400
201.557,0.82400
201.941,-0.37600
202.325,-0.50600
202.709,0.35400
203.093,1.40400
203.477,0.95400
203.861,0.73400
204.245,1.39400
204.629,0.73400
205.013,0.27400
205.397,-0.21600
205.780,-0.32600
206.164,-0.47600
206.548,0.32400
206.931,-0.41600
207.315,-0.19600
207.698,0.48400
208.082,0.93400
208.465,0.88400
208.848,0.98400
209.232,1.72400
209.615,1.27400
209.998,1.10400
210.382,0.85400
210.765,0.41400
211.148,0.38400
211.531,0.05400
211.914,0.42400
212.297,1.35400
212.680,1.52400
213.063,0.82400
213.446,0.31400
213.829,0.53400
214.212,0.05400
214.595,0.18400
214.977,0.04400
215.360,0.90400
215.743,0.98400
216.125,0.09400
216.508,0.61400
216.891,-0.14600
217.273,-0.66600
217.656,-0.80600
218.038,-0.50600
218.420,-1.00600
218.803,-0.86600
219.185,-0.07600
219.567,1.35400
219.950,0.84400
220.332,-0.14600
220.714,1.15400
221.096,0.72400
221.478,0.57400
221.860,0.69400
222.242,0.57400
222.624,-0.62600
223.006,-0.49600
223.388,0.34400
223.770,-1.39600
224.152,0.34400
224.534,0.67400
224.915,1.55400
225.297,0.53400
225.679,0.06400
226.060,0.10400
226.442,-0.13600
226.823,0.69400
227.205,0.43400
227.587,0.45400
227.968,0.12400
228.349,-0.20600
228.731,1.15400
229.112,1.21400
229.493,0.35400
229.874,0.59400
230.256,0.76400
230.637,0.63400
231.018,0.08400
231.399,0.14400
231.780,-0.19600
232.161,0.37400
232.542,0.35400
232.923,-0.20600
233.304,-0.30600
233.685,-0.41600
234.065,-0.26600
234.446,-1.46600
234.827,-1.21600
235.207,-0.16600
235.588,0.08400
235.969,0.28400
236.349,-0.37600
236.730,0.28400
237.110,0.53400
237.491,0.38400
237.871,0.95400
238.251,-0.07600
238.632,-0.56600
239.012,0.27400
239.392,1.42400
239.772,1.27400
240.153,0.57400
240.533,-0.14600
240.913,-0.04600
241.293,0.25400
241.673,0.66400
242.053,0.14400
242.433,0.57400
242.813,0.28400
243.192,-0.42600
243.572,-0.46600
243.952,-0.11600
244.332,0.83400
244.711,1.00400
245.091,0.57400
245.471,0.03400
245.850,-0.92600
246.230,0.03400
246.609,-0.00600
246.989,-0.67600
247.368,-0.24600
247.747,0.08400
248.127,-0.11600
248.506,-0.19600
248.885,0.40400
249.264,0.73400
249.644,1.61400
250.023,1.18400
250.402,1.98400
250.781,1.50400
251.160,1.25400
251.539,1.39400
251.918,0.41400
252.297,-0.09600
252.675,0.09400
253.054,-0.35600
253.433,-0.57600
253.812,-0.29600
254.190,0.10400
254.569,0.98400
254.948,1.10400
255.326,-0.04600
255.705,0.14400
256.083,0.58400
256.462,0.70400
256.840,1.65400
257.219,1.70400
257.597,0.37400
257.975,1.25400
258.353,0.75400
258.731,1.79400
259.110,1.63400
259.488,1.28400
259.866,1.00400
260.244,-0.26600
260.622,-0.30600
261.000,0.10400
261.378,0.34400
261.756,0.35400
262.134,1.25400
262.511,1.63400
262.889,0.72400
263.267,-0.07600
263.645,0.31400
264.022,-0.53600
264.400,-0.29600
264.777,0.90400
265.155,1.14400
265.532,0.72400
265.910,0.57400
266.287,0.78400
266.665,1.94400
267.042,2.33400
267.419,1.43400
267.796,0.20400
268.174,-0.04600
268.551,0.28400
268.928,-0.12600
269.305,0.57400
269.682,0.29400
270.059,0.02400
270.436,-0.19600
270.813,-0.39600
271.190,0.75400
271.567,-0.04600
271.943,0.38400
272.320,0.63400
272.697,1.13400
273.074,2.04400
273.450,1.55400
273.827,0.68400
274.204,0.13400
274.580,0.08400
274.957,0.20400
275.333,0.57400
275.709,0.39400
276.086,-0.21600
276.462,-0.43600
276.838,-0.04600
277.214,0.41400
277.591,0.48400
277.967,0.10400
278.343,-0.89600
278.719,1.35400
279.095,1.08400
279.471,1.68400
279.847,1.53400
280.223,1.05400
280.599,-0.25600
280.975,-0.11600
281.351,-1.11600
281.726,-1.06600
282.102,-0.61600
282.478,-0.60600
282.853,-0.35600
283.229,-1.18600
283.604,0.38400
283.980,0.85400
284.355,1.03400
284.731,0.57400
285.106,0.60400
285.482,0.40400
285.857,0.44400
286.232,0.68400
286.607,0.83400
286.983,0.57400
287.358,-0.26600
287.733,-0.41600
288.108,-0.31600
288.483,-0.22600
288.858,-0.14600
289.233,-0.01600
289.608,-0.02600
289.983,-0.02600
290.358,0.13400
290.732,-0.64600
291.107,-0.16600
291.482,0.69400
291.856,1.82400
292.231,1.09400
292.606,0.07400
292.980,0.22400
293.355,0.43400
293.729,-0.13600
294.104,0.34400
294.478,0.20400
294.852,-0.21600
295.227,-1.31600
295.601,-0.19600
295.975,-0.04600
296.349,-0.59600
296.723,-0.91600
297.098,0.17400
297.472,0.68400
297.846,0.34400
298.219,0.39400
298.594,0.57400
298.967,0.29400
299.341,0.23400
299.715,0.55400
300.089,0.10400
300.463,-0.86600
300.836,0.20400
301.210,-0.04600
301.584,0.28400
301.957,-0.15600
302.331,-0.19600
302.704,0.67400
303.077,0.93400
303.451,0.72400
303.824,0.22400
304.198,0.40400
304.571,-0.12600
304.944,-0.06600
305.317,0.65400
305.691,1.79400
306.064,1.58400
306.437,0.57400
306.810,0.03400
307.183,0.65400
307.556,-0.14600
307.929,-0.39600
308.302,0.13400
308.674,0.12400
309.047,0.95400
309.420,0.85400
309.793,0.83400
310.165,1.22400
310.538,0.68400
310.911,0.28400
311.283,-0.50600
311.656,-0.23600
312.028,0.84400
312.401,1.28400
312.773,1.28400
313.145,0.93400
313.518,0.08400
313.890,-0.51600
314.262,0.10400
314.634,0.73400
315.006,0.63400
315.378,0.43400
315.751,-0.46600
316.123,-0.89600
316.495,-0.14600
316.866,-0.89600
317.238,-0.51600
317.610,1.23400
317.982,0.85400
318.354,1.18400
318.726,0.98400
319.097,1.18400
319.469,0.10400
319.841,-0.30600
320.212,0.15400
320.584,-0.64600
320.955,-1.26600
321.327,-0.49600
321.698,-0.01600
322.069,0.33400
322.441,0.53400
322.812,0.15400
323.183,-0.04600
323.555,-0.17600
323.926,0.25400
324.297,0.53400
324.668,-0.06600
325.039,0.85400
325.410,0.60400
325.781,1.16400
326.152,1.03400
326.523,0.68400
326.894,0.57400
327.264,0.57400
327.635,0.47400
328.006,0.35400
328.376,0.61400
328.747,-0.02600
329.118,-0.24600
329.488,-0.14600
329.859,0.60400
330.229,0.57400
330.599,1.10400
330.970,0.58400
331.340,0.10400
331.711,1.13400
332.081,0.55400
332.451,0.75400
332.821,0.81400
333.191,0.60400
333.562,0.57400
333.932,1.10400
334.301,0.88400
334.671,0.28400
335.041,-0.31600
335.411,0.55400
335.781,1.26400
336.151,1.49400
336.521,0.98400
336.890,0.73400
337.260,0.57400
337.630,0.57400
337.999,0.57400
338.369,0.57400
338.738,0.46400
339.108,0.55400
339.477,0.89400
339.847,-0.09600
340.216,0.58400
340.586,1.22400
340.955,1.06400
341.324,0.98400
341.693,1.39400
342.062,0.85400
342.431,0.60400
342.800,0.53400
343.170,0.68400
343.538,1.00400
343.907,0.09400
344.276,-0.26600
344.645,-0.25600
345.014,0.88400
345.383,0.94400
345.752,0.58400
346.120,0.14400
346.489,0.24400
346.858,-0.06600
347.226,-0.73600
347.595,-0.64600
347.963,0.48400
348.332,1.38400
348.700,0.60400
349.068,0.57400
349.437,1.27400
349.805,0.93400
350.173,-0.19600
350.541,-0.48600
350.909,0.15400
351.278,-0.24600
351.646,-0.09600
352.014,0.73400
352.382,1.93400
352.750,1.28400
353.118,0.57400
353.485,0.27400
353.853,-0.09600
354.221,0.27400
354.589,-0.14600
354.957,0.53400
355.324,0.33400
355.692,0.83400
356.059,0.69400
356.427,0.57400
356.794,0.70400
357.162,0.05400
357.529,0.23400
357.897,0.65400
358.264,-0.40600
358.631,0.51400
358.998,-0.33600
359.366,-0.39600
359.733,0.57400
360.100,0.60400
360.467,0.57400
360.834,0.85400
361.201,0.48400
361.568,0.63400
361.935,0.32400
362.302,0.33400
362.669,0.32400
363.035,0.35400
363.402,-0.06600
363.769,0.69400
364.135,0.98400
364.502,0.92400
364.869,0.10400
365.235,-0.12600
365.602,-0.22600
365.968,0.03400
366.335,0.18400
366.701,0.57400
367.067,1.26400
367.434,0.50400
367.800,0.08400
368.166,0.57400
368.532,0.68400
368.898,0.23400
369.264,-0.04600
369.630,-0.24600
369.996,0.43400
370.362,0.95400
370.728,0.09400
371.094,-0.56600
371.460,0.28400
371.826,0.35400
372.192,0.48400
372.557,0.07400
372.923,0.23400
373.288,-0.50600
373.654,-0.61600
374.020,0.06400
374.385,0.92400
374.751,1.66400
375.116,2.73400
375.481,2.19400
375.847,1.78400
376.212,1.30400
376.577,0.82400
376.942,-0.32600
377.308,-0.25600
377.673,-0.29600
378.038,-0.15600
378.403,-0.72600
378.768,-1.16600
379.133,-0.61600
379.498,0.33400
379.863,0.73400
380.227,0.68400
380.592,0.35400
380.957,0.68400
381.322,1.31400
381.686,-0.39600
382.051,-0.39600
382.415,-0.09600
382.780,0.38400
383.144,-0.34600
383.509,0.38400
383.873,0.57400
384.238,0.40400
384.602,0.85400
384.966,0.63400
385.330,1.33400
385.695,1.18400
386.059,1.28400
386.423,0.99400
386.787,1.49400
387.151,0.73400
387.515,1.33400
387.879,0.47400
388.243,-0.89600
388.607,-0.71600
388.971,-0.64600
389.334,-0.64600
389.698,0.52400
390.062,0.12400
390.425,-0.24600
390.789,0.86400
391.153,1.91400
391.516,0.57400
391.880,-0.00600
392.243,-0.16600
392.606,0.53400
392.970,0.72400
393.333,0.85400
393.697,0.93400
394.060,1.33400
394.423,1.60400
394.786,1.50400
395.149,1.58400
395.512,1.37400
395.875,1.33400
396.238,0.60400
396.601,0.09400
396.964,0.39400
397.327,0.38400
397.690,0.28400
398.053,0.45400
398.415,0.55400
398.778,0.57400
399.140,-0.00600
399.503,-0.17600
399.866,0.55400
400.228,0.17400
400.591,-0.09600
400.953,0.32400
401.315,-0.36600
401.678,0.63400
402.040,0.82400
402.402,0.53400
402.765,0.57400
403.127,0.94400
403.489,0.00400
403.851,-0.10600
404.213,0.48400
404.575,0.48400
404.937,1.40400
405.299,1.35400
405.661,1.39400
406.023,1.36400
406.385,1.29400
406.746,1.60400
407.108,0.88400
407.470,0.88400
407.831,1.46400
408.193,1.67400
408.554,1.22400
408.916,0.35400
409.277,1.25400
409.639,0.68400
410.000,0.57400
410.361,1.83400
410.723,1.25400
411.084,0.57400
411.445,0.33400
411.806,0.78400
412.168,0.57400
412.529,0.83400
412.890,1.88400
413.251,1.22400
413.612,1.50400
413.973,0.57400
414.333,0.13400
414.694,0.23400
415.055,0.47400
415.416,1.53400
415.776,0.93400
416.137,0.63400
416.498,-0.21600
416.858,0.08400
417.219,0.55400
417.579,0.81400
417.940,0.57400
418.300,0.25400
418.660,0.73400
419.021,-0.01600
419.381,-0.29600
419.741,0.05400
420.101,0.97400
420.462,0.65400
420.822,1.30400
421.182,0.90400
421.542,0.75400
421.902,0.42400
422.262,1.12400
422.622,0.57400
422.981,0.35400
423.341,0.22400
423.701,0.93400
424.061,0.57400
424.420,0.65400
424.780,0.08400
425.140,-0.46600
425.499,-0.06600
425.859,0.28400
426.218,0.67400
426.577,0.54400
426.937,0.68400
427.296,0.79400
427.656,1.24400
428.015,0.35400
428.374,0.18400
428.733,0.10400
429.092,0.07400
429.451,0.98400
429.810,0.57400
430.169,0.75400
430.528,0.58400
430.887,1.18400
431.246,0.50400
431.605,0.49400
431.964,0.93400
432.322,0.57400
432.681,0.77400
433.040,0.28400
433.398,0.23400
433.757,0.40400
434.115,0.77400
434.474,1.14400
434.832,0.85400
435.191,1.63400
435.549,1.98400
435.908,0.63400
436.266,0.97400
436.624,1.16400
436.982,0.85400
437.340,0.33400
437.698,-0.10600
438.056,-0.25600
438.414,-0.09600
438.772,-0.49600
439.130,0.37400
439.488,0.83400
439.846,-0.11600
440.204,-1.24600
440.562,-0.13600
440.919,0.08400
441.277,0.18400
441.635,-0.45600
441.992,-1.49600
442.350,-0.42600
442.707,0.43400
443.065,0.48400
443.422,1.00400
443.779,0.28400
444.137,0.88400
444.494,1.36400
444.851,0.85400
445.209,-0.09600
445.566,-0.26600
445.923,-0.11600
446.280,0.13400
446.637,-0.00600
446.994,-0.64600
447.351,-0.26600
447.708,-0.34600
448.065,-0.11600
448.421,-0.54600
448.778,0.57400
449.135,0.74400
449.492,2.10400
449.848,2.02400
450.205,1.97400
450.561,1.71400
450.918,1.70400
451.274,0.72400
451.631,-0.71600
451.987,-0.04600
452.344,0.19400
452.700,-0.39600
453.056,-0.09600
453.412,0.08400
453.768,0.73400
454.125,0.74400
454.481,0.63400
454.837,0.19400
455.193,0.79400
455.549,0.97400
455.904,-0.06600
456.260,0.57400
456.616,0.57400
456.972,0.48400
457.328,-0.04600
457.683,0.18400
458.039,-0.86600
458.395,-0.81600
458.750,-0.86600
459.106,-0.23600
459.461,0.68400
459.817,1.24400
460.172,1.19400
460.527,0.44400
460.883,0.48400
461.238,0.59400
461.593,0.69400
461.948,0.55400
462.303,0.30400
462.659,-0.64600
463.014,-0.91600
463.369,-0.25600
463.724,0.95400
464.079,1.33400
464.433,0.57400
464.788,0.57400
465.143,1.33400
465.498,0.37400
465.852,0.02400
466.207,-0.52600
466.562,-0.06600
466.916,-0.55600
467.271,0.33400
467.625,0.54400
467.980,0.57400
468.334,0.38400
468.688,0.17400
469.043,0.38400
469.397,0.57400
469.751,0.25400
470.106,0.57400
470.460,0.39400
470.814,0.57400
471.168,1.33400
471.522,1.08400
471.876,0.73400
472.230,1.60400
472.584,1.53400
472.937,1.62400
473.291,1.44400
473.645,0.62400
473.999,-0.37600
474.352,0.23400
474.706,0.33400
475.060,0.05400
475.413,0.24400
475.767,-0.21600
476.120,-0.26600
476.473,0.35400
476.827,0.96400
477.180,0.57400
477.533,0.35400
477.887,0.22400
478.240,-0.27600
478.593,-0.06600
478.946,0.66400
479.299,0.70400
479.652,0.60400
480.005,0.58400
480.358,0.89400
480.711,0.16400
481.064,-0.28600
481.416,-0.08600
481.769,0.29400
482.122,0.25400
482.474,0.57400
482.827,-0.05600
483.180,0.01400
483.532,-0.01600
483.885,0.57400
484.237,0.71400
484.589,1.20400
484.942,1.70400
485.294,1.18400
485.647,0.73400
485.999,0.57400
486.351,0.08400
486.703,0.57400
487.055,1.43400
487.407,0.85400
487.759,-0.54600
488.111,-0.22600
488.463,0.03400
488.815,0.57400
489.167,2.10400
489.519,1.73400
489.870,0.78400
490.222,0.60400
490.574,-0.14600
490.925,-1.14600
491.277,-0.71600
491.628,0.50400
491.980,0.81400
492.331,0.57400
492.683,0.02400
493.034,-0.16600
493.385,0.57400
493.737,0.70400
494.088,0.63400
494.439,0.97400
494.790,0.63400
495.141,0.68400
495.492,-0.46600
495.843,-0.19600
496.194,-0.96600
496.545,-1.11600
496.896,-1.09600
497.247,-0.64600
497.598,0.13400
497.948,0.32400
498.299,-0.16600
498.650,0.38400
499.000,-0.07600
499.351,-0.59600
499.702,-0.46600
500.052,-0.06600
500.402,0.83400
500.753,0.63400
501.103,-0.74600
501.454,-1.16600
501.804,0.04400
502.154,0.55400
502.504,0.44400
502.854,0.44400
503.204,0.73400
503.554,1.03400
503.904,0.70400
504.254,-0.64600
504.604,-0.14600
504.954,-0.11600
505.304,0.67400
505.654,0.74400
506.003,0.49400
506.353,0.34400
506.703,0.24400
507.052,-0.06600
507.402,0.75400
507.751,1.12400
508.101,1.27400
508.450,1.20400
508.800,1.85400
509.149,0.68400
509.498,0.79400
509.848,0.27400
510.197,0.17400
510.546,0.10400
510.895,-0.00600
511.244,0.48400
511.593,0.57400
511.942,0.70400
512.291,0.08400
512.640,-0.32600
512.989,-0.22600
513.338,-0.15600
513.687,-0.54600
514.035,-0.70600
514.384,0.18400
514.732,-0.65600
515.081,0.05400
515.430,1.47400
515.778,1.10400
516.127,-0.18600
516.475,-0.09600
516.823,-0.15600
517.172,0.21400
517.520,0.57400
517.868,0.35400
518.216,-0.11600
518.565,-0.98600
518.913,0.58400
519.261,0.85400
519.609,0.91400
519.957,0.75400
520.305,0.08400
520.653,0.13400
521.000,0.38400
521.348,-0.26600
521.696,1.10400
522.044,1.23400
522.391,1.13400
522.739,0.29400
523.087,0.35400
523.434,-0.01600
523.782,-0.16600
524.129,-1.11600
524.476,-0.39600
524.824,0.73400
525.171,0.57400
525.518,0.50400
525.865,0.55400
526.213,-0.19600
526.560,-0.11600
526.907,-0.11600
527.254,1.18400
527.601,-0.36600
527.948,-1.84600
528.295,-0.61600
528.642,-0.24600
528.989,0.62400
529.335,0.38400
529.682,-0.61600
530.029,0.13400
530.375,-0.06600
530.722,0.23400
531.069,0.97400
531.415,1.28400
531.761,1.35400
532.108,0.50400
532.454,0.35400
532.801,0.07400
533.147,0.48400
533.493,0.63400
533.839,-0.16600
534.186,0.08400
534.532,1.48400
534.878,1.33400
535.224,1.03400
535.570,0.05400
535.916,1.99400
536.262,2.40400
536.607,1.15400
536.953,0.57400
537.299,-0.72600
537.645,-1.14600
537.990,-0.71600
538.336,0.48400
538.682,1.90400
539.027,1.69400
539.373,1.66400
539.718,1.38400
540.063,0.15400
540.409,0.53400
540.754,0.18400
541.100,0.48400
541.445,0.76400
541.790,-0.01600
542.135,1.16400
542.480,0.85400
542.825,0.57400
543.170,0.25400
543.515,-0.94600
543.860,-1.16600
544.205,-0.34600
544.550,0.19400
544.894,0.71400
545.239,1.68400
545.584,1.75400
545.929,0.66400
546.273,0.19400
546.618,-0.49600
546.962,0.49400
547.307,0.01400
547.651,0.48400
547.995,0.83400
548.340,0.28400
548.684,-0.26600
549.028,-0.49600
549.373,0.24400
549.717,1.03400
550.061,1.80400
550.405,1.33400
550.749,0.98400
551.093,0.93400
551.437,0.28400
551.781,0.51400
552.125,-0.41600
552.468,-0.34600
552.812,-0.20600
553.156,0.25400
553.500,0.55400
553.843,-0.19600
554.187,-0.52600
554.530,0.43400
554.874,0.00400
555.217,0.21400
555.561,-0.63600
555.904,0.44400
556.247,0.57400
556.591,0.13400
556.934,0.10400
557.277,0.13400
557.620,0.04400
557.963,0.57400
558.306,0.18400
558.649,1.08400
558.992,0.99400
559.335,0.88400
559.678,1.10400
560.021,0.66400
560.364,0.54400
560.706,1.38400
561.049,1.50400
561.391,1.21400
561.734,0.39400
562.077,1.10400
562.419,0.88400
562.762,-0.26600
563.104,0.00400
563.446,0.57400
563.789,1.36400
564.131,1.47400
564.473,0.35400
564.816,-0.84600
565.158,-1.06600
565.500,-0.52600
565.842,0.80400
566.184,0.68400
566.526,0.83400
566.868,0.57400
567.210,0.25400
567.551,0.43400
567.893,0.56400
568.235,0.23400
568.577,-1.03600
568.918,-0.39600
569.260,-0.04600
569.601,-0.04600
569.943,0.57400
570.284,0.57400
570.626,0.57400
570.967,-0.66600
571.308,-0.89600
571.650,-1.01600
571.991,0.03400
572.332,0.82400
572.673,0.85400
573.014,0.90400
573.356,0.72400
573.697,0.67400
574.038,-0.03600
574.379,0.97400
574.719,0.57400
575.060,0.00400
575.401,-0.85600
575.742,-1.06600
576.082,0.18400
576.423,0.78400
576.764,0.75400
577.104,0.62400
577.445,0.80400
577.785,1.32400
578.126,1.07400
578.466,0.64400
578.807,-0.10600
579.147,-0.66600
579.487,-1.14600
579.827,0.39400
580.167,0.09400
580.508,-0.36600
580.848,-0.35600
581.188,0.68400
581.528,1.10400
581.868,0.57400
582.207,0.65400
582.547,0.99400
582.887,0.48400
583.227,0.25400
583.567,0.57400
583.906,0.50400
584.246,0.08400
584.585,-0.11600
584.925,0.57400
585.264,0.13400
585.604,-0.80600
585.943,-0.39600
586.283,0.26400
586.622,0.97400
586.961,1.10400
587.300,1.90400
587.640,2.13400
587.979,0.85400
588.318,1.53400
588.657,2.10400
588.996,0.27400
589.335,0.38400
589.674,0.53400
590.013,0.40400
590.351,0.05400
590.690,0.03400
591.029,0.93400
591.367,1.61400
591.706,0.63400
592.045,0.85400
592.383,1.56400
592.722,1.66400
593.060,0.85400
593.399,0.57400
593.737,0.57400
594.075,-0.11600
594.413,-0.30600
594.752,-0.01600
595.090,0.67400
595.428,0.88400
595.766,0.73400
596.104,0.45400
596.442,0.15400
596.780,0.42400
597.118,0.60400
597.456,0.28400
597.794,-0.06600
598.131,-0.64600
598.469,-0.42600
598.807,0.57400
599.144,0.48400
599.482,-0.02600
599.819,-0.14600
600.157,0.13400
600.494,-0.01600
600.832,-0.49600
601.169,-0.72600
601.506,-0.39600
601.844,0.83400
602.181,1.04400
602.518,1.33400
602.855,0.75400
603.192,0.55400
603.529,0.44400
603.866,-0.19600
604.203,-1.09600
604.540,0.01400
604.877,0.59400
605.214,0.09400
605.551,-0.01600
605.887,0.49400
606.224,0.18400
606.561,1.05400
606.897,0.77400
607.234,0.68400
607.570,0.38400
607.907,0.35400
608.243,-0.61600
608.580,-0.54600
608.916,0.43400
609.252,1.05400
609.588,0.98400
609.924,0.94400
610.260,-0.10600
610.597,-0.51600
610.933,-0.55600
611.269,-1.24600
611.605,0.03400
611.941,0.63400
612.276,0.98400
612.612,0.72400
612.948,0.65400
613.284,1.10400
613.619,1.08400
613.955,1.30400
614.290,0.57400
614.626,-0.02600
614.962,0.10400
615.297,0.35400
615.632,-0.71600
615.968,-0.76600
616.303,-0.82600
616.638,-0.34600
616.973,-0.10600
617.309,-0.24600
617.644,-0.35600
617.979,0.42400
618.314,0.56400
618.649,0.57400
618.984,0.78400
619.319,0.58400
619.653,-0.50600
619.988,-0.64600
620.323,-0.12600
620.658,-0.64600
620.992,-0.89600
621.327,-0.07600
621.662,0.32400
621.996,0.48400
622.331,0.76400
622.665,0.54400
622.999,0.44400
623.334,0.05400
623.668,0.42400
624.002,0.57400
624.336,-0.36600
624.671,0.05400
625.005,0.10400
625.339,-0.26600
625.673,-0.75600
626.007,-0.46600
626.341,-0.06600
626.675,-0.07600
627.008,-0.66600
627.342,-0.35600
627.676,0.68400
628.010,0.05400
628.343,0.57400
628.677,0.57400
629.010,0.83400
629.344,0.28400
629.677,1.58400
630.011,1.68400
630.344,1.34400
630.678,0.42400
631.011,0.27400
631.344,0.57400
631.677,0.57400
632.010,0.78400
632.343,0.57400
632.677,0.12400
633.010,0.57400
633.342,0.62400
633.675,0.95400
634.008,0.92400
634.341,-0.08600
634.674,-1.01600
635.007,-0.84600
635.339,-0.14600
635.672,0.19400
636.005,-0.10600
636.337,-0.04600
636.670,0.53400
637.002,0.55400
637.334,0.27400
637.667,0.26400
637.999,0.39400
638.331,1.08400
638.664,1.08400
638.996,1.05400
639.328,1.19400
639.660,1.24400
639.992,0.53400
640.324,-0.01600
640.656,-0.19600
640.988,-0.08600
641.320,-0.62600
641.652,-0.56600
641.983,0.44400
642.315,0.75400
642.647,1.45400
642.978,0.56400
643.310,-0.64600
643.641,0.60400
643.973,0.93400
644.304,0.56400
644.636,-0.06600
644.967,0.23400
645.298,-0.76600
645.630,-0.46600
645.961,0.00400
646.292,-0.69600
646.623,-0.67600
646.954,-0.91600
647.285,-0.61600
647.616,-1.19600
647.947,-0.94600
648.278,-1.36600
648.609,-0.84600
648.940,-1.36600
649.270,-0.49600
649.601,0.57400
649.932,0.95400
650.262,0.60400
650.593,-0.34600
650.923,-1.36600
651.254,-1.32600
651.584,-0.63600
651.915,-0.51600
652.245,-0.09600
652.575,0.10400
652.905,0.18400
653.236,-0.19600
653.566,0.48400
653.896,0.57400
654.226,0.98400
654.556,1.65400
654.886,1.15400
655.216,0.99400
655.546,0.60400
655.875,0.20400
656.205,-0.26600
656.535,0.33400
656.865,0.18400
657.194,1.00400
657.524,1.68400
657.853,0.85400
658.183,0.38400
658.512,0.09400
658.842,0.10400
659.171,0.57400
659.500,-0.11600
659.830,-0.15600
660.159,0.42400
660.488,0.35400
660.817,0.98400
661.146,0.86400
661.475,0.24400
661.804,0.33400
662.133,0.48400
662.462,0.37400
662.791,0.35400
663.120,0.57400
663.448,0.29400
663.777,0.08400
664.106,0.10400
664.434,0.22400
664.763,0.15400
665.091,-0.41600
665.420,-0.16600
665.748,0.08400
666.077,0.06400
666.405,0.12400
666.733,0.10400
667.062,-0.65600
667.390,-0.88600
667.718,-0.20600
668.046,0.57400
668.374,-0.51600
668.702,-0.51600
669.030,0.52400
669.358,-0.55600
669.686,0.29400
670.014,-0.44600
670.341,0.16400
670.669,0.04400
670.997,-0.45600
671.324,-0.55600
671.652,-0.46600
671.980,0.23400
672.307,0.67400
672.634,0.87400
672.962,-0.06600
673.289,0.29400
673.616,1.13400
673.944,1.83400
674.271,2.05400
674.598,1.85400
674.925,-0.09600
675.252,-0.26600
675.579,1.03400
675.906,0.88400
676.233,0.04400
676.560,-0.12600
676.887,0.48400
677.214,0.22400
677.540,-0.69600
677.867,-0.59600
678.194,-0.39600
678.520,0.33400
678.847,1.58400
679.173,0.98400
679.500,0.58400
679.826,0.41400
680.153,0.62400
680.479,0.03400
680.805,0.28400
681.131,0.57400
681.458,0.49400
681.784,-0.01600
682.110,-0.35600
682.436,0.49400
682.762,-0.21600
683.088,0.04400
683.414,-0.17600
683.740,-0.02600
684.065,0.57400
684.391,0.83400
684.717,-0.26600
685.042,-0.01600
685.368,0.60400
685.694,0.43400
686.019,0.57400
686.345,0.53400
686.670,-0.35600
686.995,-0.23600
687.321,1.08400
687.646,1.23400
687.971,0.98400
688.296,1.38400
688.622,1.35400
688.947,1.55400
689.272,0.92400
689.597,0.88400
689.922,-0.45600
690.247,-0.16600
690.572,0.78400
690.896,0.50400
691.221,0.44400
691.546,1.19400
691.870,1.99400
692.195,2.09400
692.520,1.63400
692.844,0.13400
693.169,-0.57600
693.493,0.08400
693.817,1.15400
694.142,0.57400
694.466,-0.44600
694.790,0.13400
695.115,-0.76600
695.439,-1.14600
695.763,-0.82600
696.087,0.31400
696.411,1.05400
696.735,0.57400
697.059,-0.96600
697.383,-0.35600
697.707,-0.28600
698.030,-0.61600
698.354,0.53400
698.678,0.74400
699.001,0.88400
699.325,0.60400
699.648,0.47400
699.972,0.03400
700.295,0.47400
700.619,0.49400
700.942,0.64400
701.265,0.80400
701.589,0.78400
701.912,0.60400
702.235,0.03400
702.558,0.00400
702.881,0.57400
703.204,0.08400
703.527,0.41400
703.850,0.79400
704.173,0.57400
704.496,0.03400
704.819,-0.44600
705.141,-0.39600
705.464,0.07400
705.787,0.08400
706.109,-0.11600
706.432,0.09400
706.754,0.05400
707.077,0.35400
707.399,-0.26600
707.722,-0.00600
708.044,0.10400
708.366,1.23400
708.688,0.90400
709.011,0.20400
709.333,-0.37600
709.655,-0.17600
709.977,0.24400
710.299,0.27400
710.621,-0.93600
710.943,-1.21600
711.264,-0.51600
711.586,0.84400
711.908,1.32400
712.230,0.88400
712.551,0.21400
712.873,-0.84600
713.194,-0.76600
713.516,-0.39600
713.837,0.08400
714.159,0.83400
714.480,0.18400
714.802,-0.11600
715.123,-0.18600
715.444,0.57400
715.765,0.68400
716.086,0.15400
716.407,0.48400
716.728,1.43400
717.049,1.03400
717.370,-0.11600
717.691,0.20400
718.012,0.88400
718.333,1.06400
718.654,2.13400
718.974,1.47400
719.295,1.19400
719.615,1.05400
719.936,0.83400
720.257,0.83400
720.577,0.57400
720.898,-0.72600
721.218,-0.43600
721.538,-0.51600
721.858,-0.91600
722.179,-0.62600
722.499,-0.45600
722.819,0.00400
723.139,0.19400
723.459,0.28400
723.779,0.05400
724.099,0.30400
724.419,0.57400
724.739,1.17400
725.058,1.02400
725.378,0.68400
725.698,0.40400
726.018,0.27400
726.337,0.57400
726.657,0.60400
726.976,0.68400
727.296,0.43400
727.615,0.00400
727.934,0.10400
728.254,0.08400
728.573,0.57400
728.892,-0.14600
729.212,-0.39600
729.531,0.22400
729.850,0.73400
730.169,0.90400
730.488,1.39400
730.807,1.92400
731.125,1.37400
731.444,0.90400
731.763,1.21400
732.082,0.99400
732.401,0.49400
732.719,0.03400
733.038,0.03400
733.356,-0.16600
733.675,0.10400
733.993,-0.24600
734.312,0.18400
734.630,0.64400
734.948,0.18400
735.267,0.19400
735.585,-0.01600
735.903,0.57400
736.221,1.20400
736.539,-0.05600
736.857,0.18400
737.175,0.57400
737.493,0.57400
737.811,-0.72600
738.129,-1.06600
738.447,-1.19600
738.764,-0.31600
739.082,0.58400
739.400,-0.14600
739.717,0.23400
740.035,-0.34600
740.352,-0.05600
740.670,0.57400
740.987,0.40400
741.305,-0.34600
741.622,-0.16600
741.939,0.05400
742.256,0.35400
742.574,0.33400
742.891,0.45400
743.208,0.36400
743.525,-0.06600
743.842,-0.14600
744.159,1.09400
744.476,2.13400
744.792,1.58400
745.109,1.05400
745.426,1.48400
745.743,0.66400
746.059,1.21400
746.376,1.38400
746.692,1.04400
747.009,1.65400
747.325,1.55400
747.642,1.75400
747.958,1.81400
748.274,1.67400
748.591,0.41400
748.907,0.87400
749.223,0.85400
749.539,0.59400
749.855,0.80400
750.171,-0.70600
750.487,0.27400
750.803,0.33400
751.119,0.10400
751.435,-0.44600
751.750,0.25400
752.066,0.08400
752.382,0.28400
752.697,-0.39600
753.013,-0.81600
753.328,0.00400
753.644,0.13400
753.959,-0.06600
754.275,-0.14600
754.590,-0.49600
754.905,0.87400
755.221,0.57400
755.536,0.85400
755.851,0.22400
756.166,-0.06600
756.481,-0.12600
756.796,0.57400
757.111,1.39400
757.426,1.05400
757.741,1.18400
758.056,0.57400
758.370,-0.64600
758.685,-0.44600
759.000,0.43400
759.314,0.10400
759.629,-0.30600
759.943,-0.04600
760.258,0.35400
760.572,0.33400
760.887,0.48400
761.201,0.57400
761.515,-0.58600
761.830,-0.40600
762.144,-0.24600
762.458,-0.02600
762.772,0.57400
763.086,0.50400
763.400,-0.08600
763.714,0.79400
764.028,0.74400
764.342,0.75400
764.655,0.57400
764.969,0.23400
765.283,-0.14600
765.596,0.13400
765.910,0.41400
766.224,-0.46600
766.537,-0.45600
766.851,-0.14600
767.164,-0.05600
767.477,1.13400
767.791,0.57400
768.104,-0.61600
768.417,0.13400
768.730,0.50400
769.043,0.72400
769.356,0.37400
769.669,0.05400
769.982,0.15400
770.295,1.15400
770.608,0.83400
770.921,0.27400
771.234,-0.16600
771.547,-0.79600
771.859,-0.49600
772.172,-0.66600
772.484,-0.39600
772.797,-0.68600
773.109,-0.09600
773.422,-0.11600
773.734,0.08400
774.047,0.40400
774.359,-0.69600
774.671,-0.41600
774.983,0.48400
775.295,0.13400
775.607,-0.76600
775.919,-0.18600
776.231,-0.39600
776.543,-0.64600
776.855,-0.66600
777.167,-0.89600
777.479,-0.26600
777.791,0.40400
778.102,0.90400
778.414,1.09400
778.726,0.78400
779.037,0.04400
779.349,-0.55600
779.660,-1.28600
779.972,-0.74600
780.283,0.43400
780.594,1.09400
780.906,0.86400
781.217,0.14400
781.528,-0.34600
781.839,-0.06600
782.150,0.41400
782.461,0.57400
782.772,-0.49600
783.083,-1.24600
783.394,-0.46600
783.705,0.44400
784.016,1.18400
784.326,0.30400
784.637,-0.71600
784.948,0.65400
785.258,0.93400
785.569,0.55400
785.879,0.25400
786.190,0.57400
786.500,-0.23600
786.810,-0.09600
787.121,0.68400
787.431,0.39400
787.741,-0.46600
788.051,0.00400
788.361,0.28400
788.671,0.30400
788.981,0.53400
789.291,0.34400
789.601,0.29400
789.911,0.65400
790.221,0.22400
790.531,0.44400
790.840,0.95400
791.150,0.57400
791.460,1.91400
791.769,0.88400
792.079,0.98400
792.388,1.49400
792.698,0.23400
793.007,0.58400
793.316,0.71400
793.625,-0.40600
793.935,-0.39600
794.244,-0.45600
794.553,-0.12600
794.862,-0.47600
795.171,-0.85600
795.480,-0.89600
795.789,-0.54600
796.098,-0.07600
796.407,0.65400
796.716,0.57400
797.024,0.50400
797.333,1.70400
797.641,1.40400
797.950,1.03400
798.259,0.57400
798.567,-0.58600
798.875,-0.49600
799.184,0.12400
799.492,0.64400
799.801,1.29400
800.109,0.86400
800.417,0.12400
800.725,-0.05600
801.033,0.28400
801.341,0.44400
801.649,0.33400
801.957,0.39400
802.265,-0.22600
802.573,-0.74600
802.881,-0.14600
803.188,0.64400
803.496,0.37400
803.804,0.57400
804.111,-0.06600
804.419,0.10400
804.726,0.88400
805.034,0.71400
805.341,0.63400
805.649,0.20400
805.956,0.53400
806.263,0.95400
806.570,0.57400
806.878,0.30400
807.185,0.50400
807.492,1.40400
807.799,0.57400
808.106,0.53400
808.413,1.47400
808.719,1.22400
809.026,0.28400
809.333,0.88400
809.640,0.43400
809.946,0.57400
810.253,0.58400
810.559,-0.02600
810.866,0.58400
811.173,0.18400
811.479,-0.67600
811.785,0.35400
812.092,0.65400
812.398,0.61400
812.704,0.83400
813.010,0.88400
813.316,1.33400
813.622,1.08400
813.928,0.25400
814.235,-0.50600
814.540,0.20400
814.846,0.22400
815.152,0.25400
815.458,0.43400
815.764,0.57400
816.069,0.68400
816.375,0.57400
816.681,0.60400
816.986,1.23400
817.292,0.73400
817.597,-0.21600
817.902,0.15400
818.208,0.64400
818.513,0.53400
818.818,0.38400
819.123,0.57400
819.428,1.05400
819.734,0.30400
820.039,0.43400
820.343,0.57400
820.649,-0.11600
820.953,-0.91600
821.258,-0.39600
821.563,0.57400
821.868,1.14400
822.172,0.69400
822.477,1.32400
822.782,0.03400
823.086,0.09400
823.391,0.74400
823.695,1.50400
824.000,0.95400
824.304,-0.01600
824.608,0.08400
824.912,0.44400
825.217,0.57400
825.521,0.28400
825.825,0.78400
826.129,0.57400
826.433,0.54400
826.737,0.19400
827.041,-0.16600
827.345,0.13400
827.648,0.89400
827.952,1.22400
828.256,1.18400
828.559,-0.01600
828.863,0.57400
829.167,2.12400
829.470,1.48400
829.774,1.32400
830.077,1.43400
830.380,1.80400
830.684,1.18400
830.987,0.53400
831.290,-0.43600
831.593,0.18400
831.896,0.20400
832.199,0.25400
832.502,0.34400
832.805,-0.51600
833.108,0.13400
833.411,0.87400
833.714,1.15400
834.017,1.00400
834.319,1.11400
834.622,1.59400
834.925,1.60400
835.227,0.57400
835.530,0.85400
835.832,0.57400
836.135,0.28400
836.437,-0.24600
836.739,0.57400
837.042,0.10400
837.344,0.45400
837.646,-0.20600
837.948,0.04400
838.250,-0.71600
838.552,-0.99600
838.854,-0.09600
839.156,-0.78600
839.458,-0.69600
839.760,-0.63600
840.061,-0.39600
840.363,0.57400
840.665,-0.26600
840.966,1.42400
841.268,1.09400
841.569,0.63400
841.871,-0.05600
842.172,-0.29600
842.474,0.64400
842.775,0.65400
843.076,1.60400
843.377,0.78400
843.679,0.75400
843.980,1.13400
844.281,1.54400
844.582,1.03400
844.883,0.27400
845.184,0.79400
845.485,0.18400
845.785,-0.40600
846.086,0.23400
846.387,0.30400
846.687,-0.01600
846.988,-0.81600
847.289,-0.14600
847.589,0.29400
847.890,-0.10600
848.190,0.35400
848.490,-0.10600
848.791,0.07400
849.091,1.28400
849.391,1.27400
849.691,1.35400
849.991,0.76400
850.292,-0.15600
850.591,-0.51600
850.891,0.18400
851.191,-0.24600
851.491,-0.87600
851.791,-0.36600
852.091,-0.36600
852.390,1.35400
852.690,1.38400
852.990,0.47400
853.289,0.26400
853.589,0.07400
853.888,-0.48600
854.188,-0.66600
854.487,-0.99600
854.786,-0.49600
855.086,0.28400
855.385,0.39400
855.684,0.28400
855.983,0.62400
856.282,1.20400
856.581,1.58400
856.880,1.65400
857.179,0.57400
857.478,0.56400
857.777,0.37400
858.076,0.54400
858.374,1.27400
858.673,0.93400
858.972,0.68400
859.270,0.60400
859.569,-0.01600
859.867,0.57400
860.165,0.61400
860.464,1.29400
860.762,0.73400
861.060,-0.43600
861.359,0.13400
861.657,0.57400
861.955,-0.52600
862.253,-0.69600
862.551,0.25400
862.849,0.05400
863.147,-0.27600
863.445,-0.58600
863.742,-0.56600
864.040,-0.36600
864.338,-0.45600
864.636,0.44400
864.933,-0.40600
865.231,0.42400
865.528,0.23400
865.826,0.78400
866.123,0.69400
866.420,-0.40600
866.718,-0.04600
867.015,0.22400
867.312,0.15400
867.609,-0.39600
867.907,-0.11600
868.204,0.33400
868.501,0.38400
868.798,0.85400
869.095,0.53400
869.391,0.49400
869.688,0.39400
869.985,0.52400
870.282,-0.05600
870.578,0.22400
870.875,-0.23600
871.171,1.03400
871.468,0.58400
871.764,0.18400
872.061,0.15400
872.357,0.43400
872.653,0.57400
872.950,1.08400
873.246,-0.19600
873.542,0.18400
873.838,0.25400
874.134,-0.21600
874.430,0.05400
874.726,-0.66600
875.022,0.15400
875.318,0.58400
875.614,0.23400
875.909,-0.14600
876.205,0.23400
876.501,-0.06600
876.796,-0.44600
877.092,-0.21600
