# Potassio (K) - saggio alla fiamma, USB2000 S/N USB2G16606
# registrazione: fk_usb2000_spettrogramma_20260921_162948
# selezione: media delle 8 righe piu intense in 760-775 nm (su 25, 6 scartate per taglio nella finestra)
# integrazione: 200 ms · rumore: 0.22 conteggi
# fondo strumentale sottratto; punte di 1-2 pixel rimosse
# cancellato Na a 589 nm +-5 nm (c'era un picco da 26 conteggi)
wavelength_nm,intensity_counts
176.507,0.55575
176.894,0.12575
177.280,-0.26925
177.667,-0.37925
178.054,-0.03425
178.440,0.03075
178.827,-0.20425
179.213,0.07075
179.599,0.25575
179.986,0.33075
180.372,-0.10425
180.758,0.04075
181.144,0.09075
181.530,0.05575
181.917,-0.09925
182.303,-0.25425
182.689,0.16075
183.075,-0.14425
183.461,-0.69925
183.847,-0.23425
184.232,-0.20425
184.618,-0.07925
185.004,-0.11925
185.390,0.17075
185.776,0.07075
186.161,0.41075
186.547,0.18075
186.933,0.47075
187.318,-0.10425
187.704,-0.34425
188.089,-0.00925
188.475,-0.48425
188.860,-0.07925
189.245,-0.13425
189.631,-0.03425
190.016,0.19075
190.401,0.24075
190.787,0.17075
191.172,0.39575
191.557,-0.22425
191.942,-0.15425
192.327,-0.41425
192.712,-0.55425
193.097,0.15575
193.482,0.45575
193.867,0.10075
194.252,0.10575
194.637,0.10575
195.022,0.18075
195.406,0.07575
195.791,-0.10425
196.176,0.00575
196.560,-0.09925
196.945,-0.22425
197.330,-0.30425
197.714,-0.60425
198.099,-0.44425
198.483,-0.01425
198.868,-0.02425
199.252,-0.40425
199.636,0.05575
200.020,0.50575
200.405,0.14075
200.789,-0.31925
201.173,-0.10925
201.557,-0.10425
201.941,-0.12925
202.325,0.01575
202.709,-0.22425
203.093,-0.02425
203.477,-0.04925
203.861,-0.24425
204.245,-0.58425
204.629,-0.31925
205.013,0.29575
205.397,0.48075
205.780,0.59575
206.164,0.19575
206.548,-0.02925
206.931,0.10575
207.315,0.25075
207.698,-0.19425
208.082,-0.14425
208.465,-0.06925
208.848,-0.21925
209.232,-0.15425
209.615,0.19575
209.998,0.32575
210.382,0.07575
210.765,0.08575
211.148,0.13075
211.531,0.35075
211.914,1.01175
212.297,0.40075
212.680,0.09575
213.063,-0.72925
213.446,-0.66425
213.829,0.08075
214.212,0.42575
214.595,0.73075
214.977,0.61575
215.360,0.32575
215.743,0.00575
216.125,0.21575
216.508,0.36075
216.891,0.15075
217.273,0.45575
217.656,0.19075
218.038,0.36575
218.420,0.09075
218.803,0.00575
219.185,0.22075
219.567,0.95025
219.950,0.99775
220.332,1.21075
220.714,0.68575
221.096,0.14575
221.478,0.57075
221.860,0.24075
222.242,0.19575
222.624,-0.15425
223.006,0.22575
223.388,0.39075
223.770,-0.22425
224.152,0.37075
224.534,0.39575
224.915,0.40075
225.297,0.10575
225.679,-0.18925
226.060,-0.54925
226.442,-0.13925
226.823,0.14075
227.205,0.55575
227.587,0.52575
227.968,0.54575
228.349,0.41575
228.731,0.42575
229.112,0.66075
229.493,0.07575
229.874,0.19075
230.256,0.23575
230.637,-0.14425
231.018,0.08075
231.399,0.11575
231.780,0.40075
232.161,0.39575
232.542,0.67575
232.923,0.14075
233.304,-0.20925
233.685,-0.24425
234.065,0.35575
234.446,0.30575
234.827,-0.19425
235.207,0.13075
235.588,0.28075
235.969,0.40575
236.349,0.04575
236.730,-0.04425
237.110,-0.59425
237.491,-0.11925
237.871,0.05075
238.251,0.09575
238.632,-0.19425
239.012,-0.12925
239.392,-0.32925
239.772,-0.15425
240.153,0.14575
240.533,-0.07425
240.913,-0.03550
241.293,-0.37425
241.673,-0.46425
242.053,-0.13425
242.433,-0.45425
242.813,-0.39425
243.192,-0.32925
243.572,0.10575
243.952,1.27475
244.332,0.87275
244.711,0.25075
245.091,0.39575
245.471,0.30575
245.850,0.17075
246.230,0.48075
246.609,0.06575
246.989,-0.42925
247.368,0.07575
247.747,0.15575
248.127,-0.21925
248.506,0.86075
248.885,0.79925
249.264,0.63075
249.644,0.08575
250.023,-0.19425
250.402,0.05575
250.781,-0.24925
251.160,-0.07425
251.539,0.04075
251.918,-0.16425
252.297,-0.09925
252.675,0.04075
253.054,-0.13425
253.433,-0.05425
253.812,0.20075
254.190,-0.27425
254.569,-0.16925
254.948,-0.29925
255.326,-0.19925
255.705,0.04075
256.083,0.30575
256.462,0.30075
256.840,0.52575
257.219,0.35075
257.597,0.22075
257.975,0.32575
258.353,-0.32425
258.731,0.19075
259.110,0.10575
259.488,-0.16925
259.866,0.07575
260.244,0.68750
260.622,0.76175
261.000,0.22575
261.378,0.14075
261.756,0.17575
262.134,1.07275
262.511,1.08975
262.889,-0.05425
263.267,0.14575
263.645,1.04850
264.022,1.34575
264.400,0.50075
264.777,0.15075
265.155,0.31575
265.532,0.19575
265.910,0.19575
266.287,0.20575
266.665,0.51575
267.042,0.38075
267.419,0.53075
267.796,0.57575
268.174,-0.12425
268.551,0.18075
268.928,0.29575
269.305,-0.17925
269.682,-0.05925
270.059,0.37075
270.436,0.52575
270.813,0.12575
271.190,0.12575
271.567,-0.37425
271.943,0.13075
272.320,0.00575
272.697,0.05575
273.074,0.54075
273.450,0.25075
273.827,0.10575
274.204,0.88075
274.580,0.63075
274.957,0.75075
275.333,0.74575
275.709,0.26575
276.086,0.20575
276.462,-0.18925
276.838,-0.07425
277.214,-0.06425
277.591,0.40575
277.967,0.75075
278.343,-0.19925
278.719,-0.07425
279.095,0.10575
279.471,0.48075
279.847,0.15575
280.223,-0.24925
280.599,-0.23425
280.975,0.13075
281.351,-0.21925
281.726,0.05575
282.102,0.20575
282.478,0.36575
282.853,0.41575
283.229,0.21075
283.604,0.45575
283.980,0.80075
284.355,0.65575
284.731,-0.12925
285.106,0.10075
285.482,0.07575
285.857,0.09075
286.232,0.38075
286.607,0.83075
286.983,1.04575
287.358,0.38075
287.733,0.28075
288.108,0.30575
288.483,0.04575
288.858,0.25075
289.233,0.33075
289.608,0.19575
289.983,0.37075
290.358,0.50575
290.732,0.37575
291.107,-0.14425
291.482,-0.36425
291.856,0.67175
292.231,0.87975
292.606,0.14575
292.980,0.24575
293.355,0.40575
293.729,-0.08925
294.104,0.11575
294.478,0.17575
294.852,-0.36925
295.227,-0.26925
295.601,0.25075
295.975,0.45075
296.349,0.62575
296.723,0.65575
297.098,1.09275
297.472,1.14075
297.846,0.56575
298.219,0.89075
298.594,-0.05425
298.967,-0.08425
299.341,-0.26925
299.715,0.02575
300.089,0.20075
300.463,0.10575
300.836,0.40075
301.210,0.22575
301.584,0.48075
301.957,0.16575
302.331,0.05075
302.704,0.67075
303.077,0.63075
303.451,0.39575
303.824,0.14575
304.198,0.10075
304.571,0.64575
304.944,0.78075
305.317,0.72575
305.691,0.71575
306.064,0.48075
306.437,0.64575
306.810,1.35575
307.183,1.70075
307.556,1.37575
307.929,0.92575
308.302,1.23075
308.674,1.02075
309.047,1.02575
309.420,0.95075
309.793,0.68075
310.165,0.77075
310.538,0.73075
310.911,0.53075
311.283,0.04075
311.656,0.21075
312.028,0.46575
312.401,0.43075
312.773,0.30575
313.145,0.85575
313.518,0.65575
313.890,0.33075
314.262,0.65075
314.634,0.48075
315.006,0.78075
315.378,1.50575
315.751,1.33075
316.123,0.72575
316.495,0.82575
316.866,0.62575
317.238,0.53075
317.610,0.55575
317.982,0.92575
318.354,1.60575
318.726,1.13075
319.097,0.95575
319.469,0.82575
319.841,0.71575
320.212,0.72575
320.584,0.65075
320.955,0.63075
321.327,1.20075
321.698,0.95575
322.069,0.63075
322.441,-0.04425
322.812,-0.12425
323.183,0.52575
323.555,0.42075
323.926,0.30075
324.297,0.13075
324.668,0.25575
325.039,0.57575
325.410,0.35075
325.781,0.84575
326.152,0.88075
326.523,1.15175
326.894,1.22175
327.264,0.89575
327.635,0.92075
328.006,0.67575
328.376,1.18575
328.747,1.49575
329.118,1.05075
329.488,0.75075
329.859,0.90075
330.229,1.07075
330.599,1.12575
330.970,1.30575
331.340,1.65075
331.711,1.13075
332.081,1.12575
332.451,1.25075
332.821,1.38575
333.191,1.68975
333.562,1.07075
333.932,1.62575
334.301,1.33075
334.671,1.53075
335.041,1.03075
335.411,1.07575
335.781,1.43575
336.151,1.04075
336.521,1.10575
336.890,1.18075
337.260,1.02075
337.630,0.99575
337.999,0.79575
338.369,1.04575
338.738,0.98575
339.108,1.17575
339.477,1.29075
339.847,0.90075
340.216,0.75575
340.586,0.69575
340.955,0.51075
341.324,0.93075
341.693,1.31575
342.062,1.60075
342.431,1.40075
342.800,1.03075
343.170,1.20575
343.538,1.67575
343.907,1.71575
344.276,0.98075
344.645,0.96575
345.014,0.83075
345.383,1.26575
345.752,1.30575
346.120,1.26575
346.489,1.66575
346.858,1.75575
347.226,1.36075
347.595,1.50075
347.963,1.80575
348.332,1.58075
348.700,1.42575
349.068,1.62075
349.437,1.42075
349.805,1.48075
350.173,1.70075
350.541,1.61075
350.909,1.55075
351.278,1.37575
351.646,1.45075
352.014,1.93075
352.382,2.05575
352.750,1.93075
353.118,1.74575
353.485,1.57075
353.853,1.57575
354.221,1.32075
354.589,1.35075
354.957,1.70575
355.324,2.15575
355.692,1.98075
356.059,1.89075
356.427,2.09575
356.794,2.10075
357.162,2.47575
357.529,2.08075
357.897,2.35075
358.264,2.34075
358.631,2.43575
358.998,2.03575
359.366,2.15075
359.733,1.79575
360.100,1.72575
360.467,1.84575
360.834,2.35075
361.201,2.58075
361.568,2.33075
361.935,2.07075
362.302,2.18075
362.669,2.29575
363.035,2.02575
363.402,2.20575
363.769,2.56575
364.135,2.50575
364.502,2.49575
364.869,2.30075
365.235,2.39575
365.602,2.22075
365.968,1.90575
366.335,2.18075
366.701,2.57075
367.067,2.51075
367.434,2.37575
367.800,2.05575
368.166,2.29575
368.532,2.28075
368.898,2.43075
369.264,2.60075
369.630,2.17575
369.996,2.38075
370.362,2.45075
370.728,2.58325
371.094,1.93075
371.460,2.03075
371.826,2.27575
372.192,2.93075
372.557,2.84575
372.923,2.88075
373.288,2.31575
373.654,3.18075
374.020,3.43575
374.385,3.29575
374.751,3.33575
375.116,2.83075
375.481,2.97700
375.847,2.83075
376.212,3.17575
376.577,2.94575
376.942,3.22075
377.308,3.34075
377.673,3.35075
378.038,3.11575
378.403,3.44575
378.768,3.38075
379.133,3.23075
379.498,3.53075
379.863,3.90575
380.227,3.68075
380.592,3.37575
380.957,3.33075
381.322,3.53575
381.686,3.45075
382.051,3.95075
382.415,3.80075
382.780,3.90575
383.144,3.35075
383.509,3.32575
383.873,3.32075
384.238,3.45075
384.602,3.12575
384.966,2.83075
385.330,2.80575
385.695,2.80575
386.059,3.35575
386.423,3.76575
386.787,3.94075
387.151,2.78075
387.515,2.63075
387.879,2.74575
388.243,3.27575
388.607,3.55575
388.971,3.20075
389.334,3.22575
389.698,3.07075
390.062,2.97075
390.425,2.72575
390.789,2.91075
391.153,3.53575
391.516,3.79575
391.880,4.01575
392.243,3.80575
392.606,3.75575
392.970,4.04575
393.333,4.55075
393.697,4.18075
394.060,4.33075
394.423,4.32575
394.786,3.82575
395.149,3.63075
395.512,3.64575
395.875,4.23075
396.238,4.00075
396.601,4.39075
396.964,4.39075
397.327,4.50575
397.690,4.48075
398.053,4.47575
398.415,4.25075
398.778,4.57075
399.140,5.01575
399.503,4.69575
399.866,4.27575
400.228,4.77075
400.591,4.42575
400.953,4.04575
401.315,3.98075
401.678,4.55575
402.040,4.34575
402.402,4.48075
402.765,4.89575
403.127,4.69075
403.489,5.50075
403.851,5.91575
404.213,6.08075
404.575,5.95575
404.937,5.45075
405.299,5.42575
405.661,5.39075
406.023,5.26075
406.385,5.01575
406.746,5.49275
407.108,3.90425
407.470,4.05575
407.831,3.76075
408.193,3.87075
408.554,4.52075
408.916,4.25075
409.277,4.17575
409.639,4.25575
410.000,4.32075
410.361,4.41700
410.723,4.40075
411.084,4.59575
411.445,4.28075
411.806,4.58075
412.168,4.69575
412.529,4.33075
412.890,5.20575
413.251,4.62075
413.612,4.47575
413.973,4.72050
414.333,4.33075
414.694,4.28075
415.055,4.54575
415.416,4.58075
415.776,5.03075
416.137,5.18075
416.498,5.43075
416.858,5.60575
417.219,5.52575
417.579,5.56075
417.940,5.59575
418.300,5.40075
418.660,5.13075
419.021,4.95575
419.381,4.82575
419.741,4.72575
420.101,5.44575
420.462,5.97575
420.822,6.05075
421.182,5.50075
421.542,5.37575
421.902,5.64575
422.262,5.84575
422.622,5.12075
422.981,5.58675
423.341,4.64675
423.701,4.65575
424.061,4.79575
424.420,5.07575
424.780,5.20575
425.140,5.03075
425.499,4.70575
425.859,5.03075
426.218,5.04575
426.577,5.06575
426.937,5.10575
427.296,4.99075
427.656,5.28175
428.015,4.33100
428.374,4.58075
428.733,4.55075
429.092,3.74575
429.451,4.45575
429.810,4.33450
430.169,4.42575
430.528,3.98075
430.887,4.28075
431.246,4.57575
431.605,4.49075
431.964,4.65575
432.322,4.34575
432.681,4.19575
433.040,4.40575
433.398,4.50575
433.757,4.70075
434.115,4.64575
434.474,4.56575
434.832,4.50575
435.191,4.55575
435.549,4.17075
435.908,4.00575
436.266,3.79575
436.624,4.21075
436.982,4.52575
437.340,4.93075
437.698,4.46700
438.056,4.54075
438.414,4.85075
438.772,4.90075
439.130,4.89575
439.488,4.85575
439.846,4.93075
440.204,4.65075
440.562,5.21075
440.919,4.80575
441.277,4.80575
441.635,4.29075
441.992,3.97575
442.350,4.57075
442.707,5.25575
443.065,4.93075
443.422,4.70075
443.779,4.85575
444.137,4.88075
444.494,4.61075
444.851,4.30075
445.209,4.35075
445.566,5.03075
445.923,4.48075
446.280,4.00575
446.637,4.01575
446.994,4.72575
447.351,4.30575
447.708,4.50075
448.065,4.83075
448.421,4.55075
448.778,4.62075
449.135,4.54075
449.492,4.12575
449.848,4.27075
450.205,4.24575
450.561,4.31075
450.918,4.15075
451.274,3.77075
451.631,3.78075
451.987,4.10075
452.344,4.06575
452.700,3.40075
453.056,3.35075
453.412,3.95575
453.768,4.10575
454.125,3.71575
454.481,3.83075
454.837,4.21575
455.193,3.79075
455.549,3.14575
455.904,2.95575
456.260,3.39575
456.616,3.62075
456.972,3.38075
457.328,2.95075
457.683,3.20575
458.039,3.35575
458.395,3.10575
458.750,3.05575
459.106,3.43575
459.461,3.68075
459.817,3.46575
460.172,3.21575
460.527,3.19075
460.883,2.78075
461.238,2.89075
461.593,3.24075
461.948,3.42575
462.303,4.00075
462.659,3.52575
463.014,3.35575
463.369,3.49075
463.724,3.42575
464.079,3.43075
464.433,3.39575
464.788,3.57075
465.143,3.25575
465.498,3.14575
465.852,3.22075
466.207,3.07075
466.562,3.53075
466.916,3.86575
467.271,4.03075
467.625,3.66575
467.980,3.47075
468.334,3.53075
468.688,3.49575
469.043,3.40575
469.397,3.79575
469.751,3.52575
470.106,3.92075
470.460,3.84075
470.814,3.44575
471.168,3.60575
471.522,3.83075
471.876,3.43075
472.230,4.12575
472.584,3.85575
472.937,3.74575
473.291,3.66575
473.645,3.59575
473.999,3.77700
474.352,3.35575
474.706,3.73075
475.060,4.02575
475.413,4.31575
475.767,4.25575
476.120,3.90575
476.473,3.55075
476.827,4.01075
477.180,4.04575
477.533,3.55075
477.887,3.77075
478.240,4.04575
478.593,3.73075
478.946,4.21075
479.299,3.95075
479.652,3.60075
480.005,3.25575
480.358,3.16575
480.711,2.93575
481.064,3.41075
481.416,3.33575
481.769,3.49075
482.122,3.45075
482.474,3.64575
482.827,3.81575
483.180,3.61075
483.532,3.25575
483.885,3.59575
484.237,3.71075
484.589,3.70075
484.942,3.57575
485.294,3.88075
485.647,3.63075
485.999,3.39575
486.351,3.60575
486.703,3.87075
487.055,3.48075
487.407,3.30075
487.759,3.32575
488.111,3.32075
488.463,3.15575
488.815,3.02075
489.167,2.90075
489.519,3.38075
489.870,3.33075
490.222,3.17575
490.574,3.67575
490.925,3.92575
491.277,3.45575
491.628,3.63475
491.980,3.26075
492.331,3.27075
492.683,2.77075
493.034,2.83075
493.385,3.02075
493.737,3.40075
494.088,3.45575
494.439,3.37075
494.790,3.33075
495.141,3.33075
495.492,3.25575
495.843,3.35075
496.194,3.15575
496.545,3.08075
496.896,2.75075
497.247,3.30075
497.598,3.60575
497.948,3.27075
498.299,3.05575
498.650,3.00575
499.000,2.67075
499.351,3.32575
499.702,3.40575
500.052,2.98075
500.402,2.93075
500.753,2.75575
501.103,3.07575
501.454,3.50575
501.804,3.49075
502.154,2.97575
502.504,3.09075
502.854,3.44075
503.204,3.30075
503.554,2.87075
503.904,3.30075
504.254,3.22575
504.604,3.17575
504.954,3.43075
505.304,3.64575
505.654,3.09075
506.003,3.04075
506.353,3.39075
506.703,3.81575
507.052,3.53075
507.402,3.55075
507.751,3.22075
508.101,3.49575
508.450,3.67575
508.800,4.10075
509.149,3.60575
509.498,3.94450
509.848,4.07075
510.197,3.69575
510.546,3.87575
510.895,3.86575
511.244,3.75575
511.593,3.84575
511.942,3.33050
512.291,2.75650
512.640,3.14575
512.989,3.42075
513.338,3.89075
513.687,3.17575
514.035,3.67325
514.384,2.91475
514.732,2.79075
515.081,3.45075
515.430,2.89575
515.778,2.62575
516.127,3.16075
516.475,3.02575
516.823,2.66575
517.172,2.68575
517.520,2.99575
517.868,3.42575
518.216,2.88075
518.565,2.38575
518.913,2.40575
519.261,2.90075
519.609,3.18575
519.957,3.27575
520.305,2.90575
520.653,2.75575
521.000,2.88075
521.348,2.53075
521.696,3.12575
522.044,2.75575
522.391,2.65575
522.739,2.56575
523.087,2.35075
523.434,2.28075
523.782,2.58075
524.129,2.43075
524.476,2.22575
524.824,2.33075
525.171,2.47075
525.518,2.60075
525.865,2.77575
526.213,2.87575
526.560,3.24975
526.907,2.51175
527.254,2.38075
527.601,2.18075
527.948,1.90075
528.295,2.08075
528.642,2.45075
528.989,2.47075
529.335,2.63075
529.682,2.48075
530.029,2.15575
530.375,2.23075
530.722,1.90575
531.069,1.82075
531.415,1.88075
531.761,2.40075
532.108,2.32575
532.454,2.17575
532.801,2.19575
533.147,2.18075
533.493,2.15575
533.839,2.25575
534.186,2.25575
534.532,2.03075
534.878,1.78075
535.224,1.85575
535.570,1.62575
535.916,1.94075
536.262,2.00075
536.607,2.62575
536.953,2.09575
537.299,1.87075
537.645,2.20075
537.990,2.10575
538.336,2.28075
538.682,2.25075
539.027,2.31575
539.373,2.33575
539.718,1.33075
540.063,1.52575
540.409,1.70575
540.754,1.73075
541.100,2.30575
541.445,2.41075
541.790,2.23075
542.135,2.18575
542.480,2.25075
542.825,2.34575
543.170,2.35075
543.515,1.82575
543.860,2.20575
544.205,2.17575
544.550,1.69075
544.894,1.63575
545.239,1.65575
545.584,1.52575
545.929,1.41325
546.273,2.04075
546.618,1.97575
546.962,2.34075
547.307,2.36075
547.651,1.95575
547.995,2.08075
548.340,2.53075
548.684,2.45575
549.028,2.30075
549.373,2.54575
549.717,1.75675
550.061,1.75075
550.405,1.95575
550.749,2.18075
551.093,2.18075
551.437,2.45575
551.781,2.81075
552.125,2.38075
552.468,1.77575
552.812,1.59075
553.156,1.82575
553.500,2.27575
553.843,2.05075
554.187,1.59575
554.530,1.45575
554.874,1.92575
555.217,2.21075
555.561,1.73575
555.904,1.64075
556.247,1.24575
556.591,1.70575
556.934,1.87575
557.277,1.88075
557.620,1.51575
557.963,1.77075
558.306,2.10575
558.649,2.40575
558.992,2.21575
559.335,2.14075
559.678,1.52575
560.021,1.78575
560.364,1.81575
560.706,1.83075
561.049,1.72575
561.391,1.61075
561.734,1.41575
562.077,1.70075
562.419,1.68075
562.762,1.75575
563.104,1.35075
563.446,1.77075
563.789,1.73575
564.131,1.89575
564.473,2.17575
564.816,1.70075
565.158,2.13075
565.500,1.79575
565.842,1.90075
566.184,1.50575
566.526,1.53075
566.868,1.72075
567.210,1.67575
567.551,1.48075
567.893,1.53575
568.235,1.68075
568.577,1.26075
568.918,1.57575
569.260,1.55075
569.601,1.45075
569.943,1.54575
570.284,1.72075
570.626,1.64575
570.967,1.30575
571.308,1.40075
571.650,0.60575
571.991,0.65575
572.332,0.87075
572.673,1.71950
573.014,1.84675
573.356,1.49575
573.697,1.57075
574.038,1.28575
574.379,1.34575
574.719,1.24575
575.060,1.12575
575.401,0.81575
575.742,1.05575
576.082,1.18075
576.423,0.83075
576.764,0.72575
577.104,0.64575
577.445,1.30075
577.785,1.24575
578.126,1.07075
578.466,1.24075
578.807,1.26575
579.147,1.35575
579.487,1.17575
579.827,1.31575
580.167,1.56575
580.508,1.40575
580.848,1.49075
581.188,1.38075
581.528,1.50075
581.868,1.50775
582.207,1.10075
582.547,1.16575
582.887,1.18075
583.227,1.15075
583.567,1.29575
583.906,1.45075
584.246,1.35843
584.585,1.22667
584.925,1.58674
585.264,1.62884
585.604,1.47439
585.943,1.65850
586.283,1.85255
586.622,1.76055
586.961,1.38370
587.300,1.24662
587.640,1.37457
587.979,1.50747
588.318,0.97310
588.657,1.42338
588.996,1.18385
589.335,1.28352
589.674,1.31151
590.013,1.34829
590.351,1.49514
590.690,1.62063
591.029,1.34942
591.367,1.66515
591.706,1.20448
592.045,1.41492
592.383,1.52304
592.722,1.33145
593.060,1.18707
593.399,1.19283
593.737,1.64498
594.075,1.20575
594.413,1.26575
594.752,1.28075
595.090,0.84575
595.428,1.00575
595.766,1.15575
596.104,1.35075
596.442,1.25075
596.780,1.12075
597.118,1.10075
597.456,0.95575
597.794,0.95575
598.131,0.87575
598.469,0.97075
598.807,1.32075
599.144,1.08075
599.482,0.92075
599.819,1.22575
600.157,1.30575
600.494,1.00575
600.832,0.92575
601.169,1.09575
601.506,0.92575
601.844,0.98075
602.181,1.09075
602.518,1.35575
602.855,1.00075
603.192,1.27575
603.529,1.34075
603.866,1.32575
604.203,1.55075
604.540,1.43575
604.877,1.54075
605.214,1.59075
605.551,1.53075
605.887,1.59075
606.224,1.50575
606.561,1.47575
606.897,1.37075
607.234,0.90575
607.570,0.90575
607.907,1.15075
608.243,1.13075
608.580,1.17575
608.916,1.43675
609.252,1.29275
609.588,1.58075
609.924,1.69075
610.260,1.51575
610.597,0.78075
610.933,1.16575
611.269,1.12575
611.605,1.28075
611.941,1.10575
612.276,1.10575
612.612,1.17075
612.948,1.35075
613.284,1.50075
613.619,1.45575
613.955,1.85075
614.290,1.22075
614.626,1.06375
614.962,0.71075
615.297,0.27575
615.632,1.29775
615.968,1.46475
616.303,1.12075
616.638,0.60075
616.973,1.04075
617.309,1.02575
617.644,1.57975
617.979,1.34575
618.314,1.13575
618.649,0.84575
618.984,1.05575
619.319,1.23075
619.653,1.29075
619.988,0.82575
620.323,1.12075
620.658,1.22575
620.992,0.60075
621.327,0.89575
621.662,1.22075
621.996,1.20575
622.331,1.36075
622.665,1.46575
622.999,1.21575
623.334,0.62575
623.668,0.67075
624.002,0.79575
624.336,0.75575
624.671,0.95075
625.005,0.75075
625.339,0.60575
625.673,1.01575
626.007,1.08075
626.341,1.15575
626.675,0.97075
627.008,1.00575
627.342,0.91575
627.676,0.95575
628.010,1.17575
628.343,1.34575
628.677,1.12075
629.010,1.00575
629.344,1.20575
629.677,1.55575
630.011,0.93075
630.344,0.89075
630.678,1.04575
631.011,0.69575
631.344,1.17075
631.677,1.29575
632.010,1.30575
632.343,1.19575
632.677,1.07075
633.010,0.77075
633.342,0.59575
633.675,1.17575
634.008,1.19575
634.341,1.18575
634.674,1.03075
635.007,1.15075
635.339,0.82575
635.672,0.94075
636.005,0.74075
636.337,0.77575
636.670,0.73075
637.002,1.00075
637.334,0.99575
637.667,0.98575
637.999,1.01575
638.331,0.78075
638.664,0.45575
638.996,0.22575
639.328,0.34075
639.660,0.54075
639.992,1.03075
640.324,1.58075
640.656,0.92575
640.988,0.81075
641.320,0.57075
641.652,0.83075
641.983,0.86575
642.315,0.70075
642.647,0.80075
642.978,0.71075
643.310,1.17575
643.641,0.97575
643.973,0.88075
644.304,1.06075
644.636,0.53075
644.967,0.43075
645.298,0.33075
645.630,0.70575
645.961,1.07575
646.292,0.52575
646.623,1.02075
646.954,0.45575
647.285,0.50575
647.616,1.42575
647.947,1.39575
648.278,0.75575
648.609,1.20075
648.940,1.05575
649.270,0.75075
649.601,0.54575
649.932,0.67575
650.262,0.60075
650.593,1.35075
650.923,1.13075
651.254,0.72075
651.584,0.46075
651.915,0.53075
652.245,0.97575
652.575,1.03775
652.905,1.25575
653.236,0.92575
653.566,1.15575
653.896,1.47075
654.226,1.03075
654.556,1.05075
654.886,0.55075
655.216,0.94075
655.546,1.12575
655.875,1.00075
656.205,0.73075
656.535,0.98075
656.865,1.28075
657.194,1.15075
657.524,1.05575
657.853,0.95075
658.183,0.85575
658.512,1.01575
658.842,0.47575
659.171,0.59575
659.500,0.80575
659.830,1.11575
660.159,1.04575
660.488,0.40075
660.817,0.65575
661.146,0.68575
661.475,0.71575
661.804,1.14875
662.133,1.04975
662.462,0.85975
662.791,0.57575
663.120,0.69575
663.448,0.69075
663.777,0.73075
664.106,0.82575
664.434,0.72075
664.763,0.87575
665.091,0.70575
665.420,0.55575
665.748,0.38075
666.077,0.23575
666.405,0.47075
666.733,1.05075
667.062,0.76575
667.390,0.76075
667.718,0.66575
668.046,0.27075
668.374,0.48075
668.702,0.68075
669.030,0.92075
669.358,1.41575
669.686,3.06575
670.014,3.34950
670.341,4.11075
670.669,3.49075
670.997,3.04075
671.324,1.96575
671.652,1.60575
671.980,1.48075
672.307,1.04575
672.634,1.19575
672.962,0.95575
673.289,0.46575
673.616,-0.24425
673.944,0.23075
674.271,0.47575
674.598,0.77575
674.925,0.65075
675.252,0.38075
675.579,0.95575
675.906,0.75575
676.233,1.06575
676.560,0.97075
676.887,1.42575
677.214,1.06075
677.540,0.50075
677.867,0.30075
678.194,-0.34925
678.520,-0.21925
678.847,0.18075
679.173,0.30575
679.500,0.40575
679.826,0.31075
680.153,0.59575
680.479,0.68075
680.805,0.80575
681.131,0.79575
681.458,0.54075
681.784,0.58075
682.110,0.49075
682.436,0.96575
682.762,0.72975
683.088,0.82075
683.414,0.77075
683.740,0.97075
684.065,0.94575
684.391,0.93075
684.717,0.40575
685.042,0.75575
685.368,0.47575
685.694,0.55575
686.019,0.49575
686.345,0.85575
686.670,0.59075
686.995,0.51075
687.321,0.23075
687.646,0.20575
687.971,0.05575
688.296,0.78075
688.622,0.92575
688.947,0.85075
689.272,0.69575
689.597,0.43075
689.922,0.59075
690.247,0.78075
690.572,0.83075
690.896,0.95075
691.221,1.19075
691.546,1.01575
691.870,0.64075
692.195,1.22475
692.520,0.83075
692.844,1.03075
693.169,1.04575
693.493,0.73075
693.817,1.25075
694.142,1.64575
694.466,1.00075
694.790,1.00575
695.115,0.98075
695.439,0.62575
695.763,0.54575
696.087,0.93575
696.411,1.17575
696.735,1.09575
697.059,0.98075
697.383,0.94075
697.707,1.01075
698.030,1.13075
698.354,1.48075
698.678,1.57375
699.001,1.28075
699.325,1.45075
699.648,1.91475
699.972,1.10575
700.295,1.69375
700.619,1.48975
700.942,1.16575
701.265,1.45075
701.589,1.35575
701.912,1.52575
702.235,1.23075
702.558,1.07575
702.881,0.77075
703.204,0.95575
703.527,1.38575
703.850,1.39075
704.173,1.24575
704.496,2.02575
704.819,1.41575
705.141,0.70075
705.464,0.44575
705.787,0.65575
706.109,0.73075
706.432,1.09075
706.754,1.40075
707.077,1.65075
707.399,2.21675
707.722,1.62175
708.044,1.20075
708.366,1.18075
708.688,1.17575
709.011,1.67575
709.333,1.67075
709.655,1.29575
709.977,1.26575
710.299,1.30700
710.621,1.01075
710.943,1.05575
711.264,1.43075
711.586,1.39075
711.908,1.57075
712.230,1.73075
712.551,1.43575
712.873,1.50075
713.194,1.68075
713.516,1.70075
713.837,1.95575
714.159,1.90575
714.480,1.60575
714.802,1.55575
715.123,1.56075
715.444,2.02075
715.765,2.42475
716.086,2.22575
716.407,2.15575
716.728,2.43075
717.049,2.15575
717.370,1.68075
717.691,1.77575
718.012,2.03075
718.333,1.88575
718.654,2.53075
718.974,2.52075
719.295,2.39075
719.615,1.62575
719.936,1.55575
720.257,1.63075
720.577,1.77075
720.898,1.59575
721.218,1.86075
721.538,1.80575
721.858,1.65575
722.179,1.79575
722.499,1.69075
722.819,1.60075
723.139,1.66575
723.459,1.95575
723.779,2.02575
724.099,2.25075
724.419,2.37075
724.739,2.14575
725.058,2.07075
725.378,2.00575
725.698,2.32575
726.018,2.34575
726.337,2.12075
726.657,2.52575
726.976,2.55575
727.296,2.38075
727.615,2.50075
727.934,2.60075
728.254,2.55575
728.573,2.47075
728.892,2.45075
729.212,2.85075
729.531,3.12075
729.850,2.78075
730.169,2.70075
730.488,2.29075
730.807,2.29575
731.125,2.44575
731.444,2.35075
731.763,2.23575
732.082,2.54075
732.401,2.96575
732.719,3.20575
733.038,2.93075
733.356,3.20575
733.675,3.12575
733.993,3.12575
734.312,2.90575
734.630,2.79075
734.948,3.29875
735.267,3.04075
735.585,2.83075
735.903,2.89575
736.221,3.35075
736.539,3.50825
736.857,2.88075
737.175,3.14575
737.493,3.14575
737.811,3.17075
738.129,3.33075
738.447,3.55075
738.764,3.50575
739.082,3.63075
739.400,3.82575
739.717,4.23950
740.035,4.07575
740.352,3.74075
740.670,3.64325
740.987,3.90325
741.305,3.50075
741.622,3.48075
741.939,4.12575
742.256,4.20075
742.574,3.80575
742.891,3.82575
743.208,4.26075
743.525,4.05575
743.842,3.97575
744.159,4.34075
744.476,4.75575
744.792,4.63075
745.109,4.67575
745.426,4.78950
745.743,4.68575
746.059,4.43575
746.376,4.65575
746.692,5.39075
747.009,5.87575
747.325,6.52575
747.642,5.82575
747.958,5.73575
748.274,5.57075
748.591,5.86075
748.907,6.09575
749.223,6.10875
749.539,5.34675
749.855,6.20075
750.171,6.44075
750.487,6.64575
750.803,6.93075
751.119,7.15075
751.435,7.60075
751.750,8.21700
752.066,8.18075
752.382,8.20575
752.697,8.40075
753.013,7.85575
753.328,8.72575
753.644,8.68075
753.959,8.63075
754.275,9.25075
754.590,9.20075
754.905,9.57075
755.221,9.69575
755.536,10.55075
755.851,10.97075
756.166,11.88075
756.481,12.77075
756.796,13.07075
757.111,13.64075
757.426,13.17575
757.741,14.33075
758.056,14.79075
758.370,14.82575
758.685,15.50325
759.000,17.15575
759.314,17.76700
759.629,19.39075
759.943,19.90075
760.258,21.00075
760.572,22.63075
760.887,22.83075
761.201,24.62075
761.515,26.18575
761.830,29.29075
762.144,32.35075
762.458,36.39575
762.772,41.94575
763.086,48.82575
763.400,54.58575
763.714,67.19075
764.028,92.39075
764.342,144.85075
764.655,403.07075
764.969,1666.68075
765.283,3040.80075
765.596,3040.80075
765.910,3040.80075
766.224,2813.98075
766.537,2217.14075
766.851,1666.97575
767.164,1076.34075
767.477,816.80575
767.791,816.80575
768.104,816.80575
768.417,1683.18075
768.730,2614.05075
769.043,2614.05075
769.356,2614.05075
769.669,2012.30075
769.982,1394.85075
770.295,906.57575
770.608,666.80575
770.921,520.27075
771.234,403.60575
771.547,314.25075
771.859,234.17575
772.172,146.13475
772.484,95.06925
772.797,77.05125
773.109,52.20075
773.422,38.28075
773.734,30.55575
774.047,25.45075
774.359,23.02575
774.671,20.78075
774.983,19.60575
775.295,17.63075
775.607,17.20575
775.919,15.84075
776.231,15.07325
776.543,14.32575
776.855,14.28075
777.167,12.90075
777.479,11.38075
777.791,10.97575
778.102,10.25075
778.414,10.24075
778.726,9.98075
779.037,9.84075
779.349,9.41575
779.660,9.68575
779.972,9.56075
780.283,6.96525
780.594,7.44075
780.906,7.31075
781.217,7.09075
781.528,7.05075
781.839,6.73075
782.150,6.18575
782.461,6.22075
782.772,6.02575
783.083,5.37450
783.394,5.20575
783.705,5.71575
784.016,5.40575
784.326,5.47575
784.637,5.23075
784.948,5.12575
785.258,5.48075
785.569,5.32575
785.879,4.85075
786.190,5.08075
786.500,4.23575
786.810,3.72575
787.121,3.93075
787.431,4.39075
787.741,3.65575
788.051,3.72575
788.361,4.08075
788.671,3.65075
788.981,3.88075
789.291,3.76575
789.601,3.56575
789.911,3.30075
790.221,3.72075
790.531,4.06575
790.840,3.52575
791.150,3.28450
791.460,3.66075
791.769,3.33075
792.079,3.40575
792.388,3.11575
792.698,2.78075
793.007,2.68075
793.316,2.48575
793.625,2.59075
793.935,2.65075
794.244,3.04075
794.553,2.94575
794.862,3.14575
795.171,3.19075
795.480,3.20075
795.789,3.45075
796.098,2.89575
796.407,2.82575
796.716,2.19575
797.024,2.42575
797.333,2.25075
797.641,1.95075
797.950,2.13075
798.259,2.09575
798.567,2.06075
798.875,2.02575
799.184,2.44575
799.492,2.41575
799.801,2.76575
800.109,2.11075
800.417,1.79575
800.725,1.59075
801.033,1.70575
801.341,2.61575
801.649,2.36475
801.957,1.81575
802.265,1.82075
802.573,1.85075
802.881,1.80075
803.188,2.39075
803.496,1.92075
803.804,2.14575
804.111,1.68075
804.419,1.47575
804.726,1.75575
805.034,1.52375
805.341,1.63475
805.649,1.80075
805.956,1.85575
806.263,1.32575
806.570,1.57075
806.878,1.67575
807.185,1.97575
807.492,1.72575
807.799,1.64575
808.106,1.78075
808.413,1.57075
808.719,1.24575
809.026,1.33075
809.333,0.85575
809.640,1.30575
809.946,0.94575
810.253,1.28075
810.559,0.84575
810.866,0.80575
811.173,1.03075
811.479,0.82075
811.785,1.40075
812.092,1.62575
812.398,1.36075
812.704,0.98075
813.010,1.28075
813.316,1.38075
813.622,1.63075
813.928,1.12575
814.235,0.91575
814.540,1.35075
814.846,1.44575
815.152,1.35075
815.458,1.60575
815.764,1.59575
816.069,0.98075
816.375,1.07075
816.681,0.90075
816.986,1.05575
817.292,1.33075
817.597,1.20575
817.902,1.20075
818.208,0.89075
818.513,0.90575
818.818,1.13075
819.123,1.24575
819.428,1.20075
819.734,1.00075
820.039,0.90575
820.343,0.67075
820.649,0.78075
820.953,0.68075
821.258,0.55075
821.563,0.52075
821.868,0.41575
822.172,0.36575
822.477,0.27075
822.782,0.35575
823.086,0.81575
823.391,1.21575
823.695,0.82575
824.000,0.47575
824.304,0.93075
824.608,0.53075
824.912,0.69075
825.217,0.62075
825.521,0.50575
825.825,0.93075
826.129,0.99575
826.433,1.31575
826.737,0.89075
827.041,0.48075
827.345,0.55575
827.648,0.99375
827.952,0.86675
828.256,0.58075
828.559,0.63075
828.863,1.02075
829.167,1.69575
829.470,1.33075
829.774,0.94575
830.077,0.93075
830.380,1.07275
830.684,0.83975
830.987,0.68075
831.290,0.66075
831.593,0.73075
831.896,0.90075
832.199,0.92575
832.502,0.46575
832.805,0.05575
833.108,0.50575
833.411,0.27075
833.714,0.75075
834.017,1.05075
834.319,0.66075
834.622,0.29075
834.925,0.45075
835.227,0.64575
835.530,0.60075
835.832,0.69575
836.135,1.05575
836.437,1.02575
836.739,0.89575
837.042,0.72575
837.344,1.17575
837.646,0.89075
837.948,0.99075
838.250,0.80575
838.552,0.95075
838.854,0.67575
839.156,0.81075
839.458,1.45075
839.760,0.96075
840.061,-0.14925
840.363,-0.07925
840.665,-0.01925
840.966,0.09575
841.268,0.09075
841.569,0.18075
841.871,0.09075
842.172,0.42575
842.474,0.51575
842.775,0.00075
843.076,0.07575
843.377,-0.14425
843.679,0.35075
843.980,1.13075
844.281,0.69075
844.582,0.33075
844.883,0.14575
845.184,0.31575
845.485,0.88075
845.785,0.61575
846.086,0.50575
846.387,0.65075
846.687,0.40200
846.988,0.30575
847.289,0.45075
847.589,0.61575
847.890,0.86575
848.190,0.82575
848.490,0.61575
848.791,0.79575
849.091,0.55575
849.391,0.87075
849.691,0.72575
849.991,0.58575
850.292,0.76575
850.591,0.80575
850.891,1.28075
851.191,0.62575
851.491,0.22075
851.791,0.13075
852.091,0.48075
852.390,0.87575
852.690,0.83075
852.990,0.89675
853.289,0.58575
853.589,0.87075
853.888,0.76075
854.188,0.63075
854.487,0.87575
854.786,0.72575
855.086,0.50575
855.385,0.41575
855.684,0.55575
855.983,0.37075
856.282,0.50075
856.581,0.80575
856.880,0.35075
857.179,1.11775
857.478,0.59675
857.777,0.97275
858.076,0.31575
858.374,0.49575
858.673,0.23075
858.972,0.28075
859.270,0.07575
859.569,-0.06925
859.867,0.52075
860.165,0.51075
860.464,0.29075
860.762,0.30575
861.060,0.23575
861.359,0.13075
861.657,-0.17925
861.955,-0.00425
862.253,1.10075
862.551,1.27575
862.849,0.60075
863.147,0.82075
863.445,0.71075
863.742,0.75575
864.040,0.45575
864.338,0.14075
864.636,0.31575
864.933,0.54075
865.231,0.64575
865.528,0.28075
865.826,0.03075
866.123,-0.15925
866.420,-0.03425
866.718,0.35075
867.015,0.02075
867.312,0.12575
867.609,0.17575
867.907,0.08075
868.204,0.20575
868.501,0.00575
868.798,0.42575
869.095,0.38075
869.391,0.39075
869.688,0.11575
869.985,0.27075
870.282,0.66575
870.578,0.27075
870.875,0.41075
871.171,0.53075
871.468,0.28075
871.764,0.68075
872.061,0.82575
872.357,0.77375
872.653,-0.07925
872.950,0.25575
873.246,0.35075
873.542,0.38075
873.838,0.62575
874.134,0.20575
874.430,0.02575
874.726,-0.19425
875.022,0.10075
875.318,0.15575
875.614,0.70575
875.909,0.67575
876.205,0.45575
876.501,0.23075
876.796,-0.07425
877.092,0.20575
