# Litio (Li) - saggio alla fiamma, USB2000 S/N USB2G16606
# registrazione: nightli_usb2000_spettrogramma_20260921_231929
# selezione: media delle 2 righe piu intense in 665-675 nm (su 14, 4 scartate per taglio nella finestra)
# integrazione: 800 ms · rumore: 0.89 conteggi
# fondo strumentale sottratto; punte di 1-2 pixel rimosse
# cancellato Na a 589 nm +-5 nm (c'era un picco da 8 conteggi)
# cancellato K a 768 nm +-7 nm (c'era un picco da 10 conteggi)
wavelength_nm,intensity_counts
176.507,14.79300
176.894,14.79300
177.280,11.03800
177.667,9.84800
178.054,8.47800
178.440,7.88800
178.827,5.67300
179.213,5.17300
179.599,5.17300
179.986,3.76300
180.372,4.04800
180.758,5.25300
181.144,5.40300
181.530,5.56300
181.917,6.14300
182.303,5.84800
182.689,8.33300
183.075,8.08800
183.461,8.08800
183.847,4.70300
184.232,5.74800
184.618,5.77300
185.004,5.41300
185.390,7.22300
185.776,6.82300
186.161,7.53300
186.547,7.28800
186.933,9.07300
187.318,6.92300
187.704,4.58800
188.089,7.65300
188.475,5.37800
188.860,5.42300
189.245,5.30300
189.631,5.15300
190.016,5.02800
190.401,4.98800
190.787,4.19800
191.172,3.92300
191.557,2.94300
191.942,4.42300
192.327,4.85800
192.712,3.94800
193.097,5.98800
193.482,6.31300
193.867,4.34300
194.252,3.76300
194.637,3.76300
195.022,3.43800
195.406,3.51800
195.791,3.24800
196.176,2.33800
196.560,2.91800
196.945,2.54300
197.330,2.32300
197.714,1.42300
198.099,1.56300
198.483,2.35800
198.868,2.04300
199.252,0.69800
199.636,1.51300
200.020,2.86300
200.405,2.80300
200.789,2.23800
201.173,2.57800
201.557,2.67300
201.941,2.99800
202.325,1.47800
202.709,0.16800
203.093,1.11800
203.477,1.19300
203.861,1.81300
204.245,0.32800
204.629,0.06300
205.013,1.47300
205.397,0.38800
205.780,1.57300
206.164,0.97300
206.548,0.54800
206.931,0.71300
207.315,0.96800
207.698,0.81300
208.082,-0.26200
208.465,-0.08700
208.848,1.56300
209.232,-0.72700
209.615,2.22300
209.998,0.04300
210.382,-1.20700
210.765,-0.34200
211.148,0.53800
211.531,-1.78200
211.914,-1.78200
212.297,-4.83200
212.680,-2.90200
213.063,-3.45200
213.446,-2.61700
213.829,-0.36200
214.212,-0.65700
214.595,-0.51200
214.977,-0.69700
215.360,-1.13200
215.743,-3.06200
216.125,-1.87200
216.508,-0.79200
216.891,-0.45700
217.273,0.08800
217.656,-1.34700
218.038,0.85300
218.420,-0.27200
218.803,-0.83700
219.185,-2.30200
219.567,13.71400
219.950,12.31200
220.332,12.10500
220.714,11.81500
221.096,-4.35200
221.478,-2.45200
221.860,-1.84700
222.242,-1.20200
222.624,-2.87700
223.006,-2.60700
223.388,-2.24700
223.770,-3.95700
224.152,-2.17700
224.534,-2.30200
224.915,-2.40700
225.297,-2.98700
225.679,-3.11700
226.060,-4.45700
226.442,-2.79200
226.823,-2.59700
227.205,-2.13700
227.587,-2.68200
227.968,-2.37700
228.349,-2.44700
228.731,-2.50700
229.112,-1.89200
229.493,-3.20700
229.874,-3.12200
230.256,-2.06700
230.637,-3.58700
231.018,-3.78700
231.399,-4.04700
231.780,-3.28200
232.161,-4.25200
232.542,-2.20700
232.923,-4.44700
233.304,-4.34700
233.685,-5.03700
234.065,-2.93700
234.446,-3.48700
234.827,-3.86200
235.207,-2.66200
235.588,-2.28700
235.969,-1.48700
236.349,-2.50200
236.730,-3.36200
237.110,-4.48700
237.491,-5.46200
237.871,-6.05700
238.251,-5.80200
238.632,-4.88700
239.012,-4.02700
239.392,-5.05200
239.772,-5.90200
240.153,-4.95200
240.533,-5.58200
240.913,-5.18200
241.293,-4.60700
241.673,-5.46700
242.053,-4.67200
242.433,-5.57700
242.813,-5.36200
243.192,-5.82700
243.572,-4.11200
243.952,-4.11200
244.332,-4.11200
244.711,-6.35700
245.091,-5.45200
245.471,-4.48700
245.850,-4.20200
246.230,-3.73700
246.609,-4.39700
246.989,-5.70200
247.368,-6.23200
247.747,-5.91200
248.127,-6.08700
248.506,-5.23700
248.885,-5.43700
249.264,-5.43700
249.644,-6.04200
250.023,-6.13700
250.402,-4.31200
250.781,-4.73200
251.160,-3.85700
251.539,-5.04700
251.918,-5.71700
252.297,-4.13200
252.675,-6.49700
253.054,-7.54700
253.433,-6.30200
253.812,-5.05700
254.190,-6.33200
254.569,-6.43700
254.948,-5.83200
255.326,-5.18200
255.705,-2.79700
256.083,-3.78700
256.462,-4.05700
256.840,-3.00700
257.219,-3.30700
257.597,-4.87700
257.975,-4.23200
258.353,-5.35700
258.731,-4.07200
259.110,-4.08700
259.488,-5.48700
259.866,-4.98200
260.244,-4.92200
260.622,3.48550
261.000,-6.70700
261.378,-5.87200
261.756,-5.33200
262.134,-5.10200
262.511,11.03600
262.889,-7.60200
263.267,-6.30200
263.645,12.40900
264.022,-5.28200
264.400,-5.30700
264.777,-5.38200
265.155,-3.04700
265.532,-2.97700
265.910,-3.70200
266.287,-4.48700
266.665,-3.09700
267.042,-5.28700
267.419,-3.88700
267.796,-3.43200
268.174,-3.93200
268.551,-3.11200
268.928,-3.25200
269.305,-3.57700
269.682,-2.69700
270.059,-4.77700
270.436,-4.15700
270.813,-6.20700
271.190,-4.48200
271.567,-3.93200
271.943,-3.96200
272.320,-5.83700
272.697,-5.21200
273.074,-2.82200
273.450,-4.15700
273.827,-5.38700
274.204,-2.96200
274.580,-4.28700
274.957,-3.30700
275.333,-1.70200
275.709,-3.79700
276.086,-4.36200
276.462,-5.86700
276.838,-5.93200
277.214,-4.46700
277.591,-2.18700
277.967,-2.58200
278.343,-4.95700
278.719,-4.20700
279.095,-5.03700
279.471,-3.88700
279.847,-4.23700
280.223,-4.03200
280.599,-5.77200
280.975,-4.71200
281.351,-6.46200
281.726,-5.26200
282.102,-4.96200
282.478,-4.29700
282.853,-4.04700
283.229,-4.99200
283.604,-3.71200
283.980,-2.95700
284.355,-1.86200
284.731,-5.07700
285.106,-4.45700
285.482,-4.75700
285.857,-6.09700
286.232,-5.13700
286.607,-2.66200
286.983,-2.57700
287.358,-3.68700
287.733,-4.16200
288.108,-3.26200
288.483,-2.52700
288.858,-3.33200
289.233,-4.93700
289.608,-4.97700
289.983,-3.97700
290.358,-3.08700
290.732,-4.95700
291.107,-4.53700
291.482,-5.84700
291.856,-4.53700
292.231,-3.35200
292.606,-5.45200
292.980,-3.35200
293.355,-3.63700
293.729,-4.41700
294.104,-2.37200
294.478,-2.18200
294.852,-3.36200
295.227,-3.26200
295.601,-3.03200
295.975,-1.43200
296.349,-3.63200
296.723,-4.28700
297.098,-3.37700
297.472,-0.67200
297.846,-4.12200
298.219,-0.67200
298.594,-1.82700
298.967,-2.44700
299.341,-4.43700
299.715,-3.90700
300.089,-1.95700
300.463,-3.21200
300.836,-2.68200
301.210,-3.55700
301.584,-2.61200
301.957,-3.62200
302.331,-4.53200
302.704,-2.80200
303.077,-1.13700
303.451,-3.10200
303.824,-4.10200
304.198,-4.88200
304.571,-2.00200
304.944,-3.13700
305.317,-3.50700
305.691,-3.07200
306.064,-2.16200
306.437,-1.95200
306.810,-0.23700
307.183,-0.63200
307.556,-1.33200
307.929,-2.95700
308.302,-2.33700
308.674,-1.12700
309.047,-4.18200
309.420,-4.58200
309.793,-2.53700
310.165,-2.10200
310.538,-3.01200
310.911,-3.23700
311.283,-3.39700
311.656,-3.31700
312.028,-3.24700
312.401,-3.48700
312.773,-3.23700
313.145,-0.51200
313.518,-0.53700
313.890,-3.68700
314.262,-1.83200
314.634,-0.93700
315.006,0.16300
315.378,1.11300
315.751,-0.11200
316.123,-1.58200
316.495,-1.58200
316.866,-2.45700
317.238,-1.68700
317.610,-0.43700
317.982,-2.08200
318.354,1.23800
318.726,-1.31200
319.097,0.36300
319.469,1.41800
319.841,0.65300
320.212,-2.00700
320.584,-1.45700
320.955,-0.93700
321.327,1.76800
321.698,1.81300
322.069,-0.91200
322.441,-2.61200
322.812,-3.50700
323.183,-1.93200
323.555,-3.07700
323.926,-1.98200
324.297,-2.11200
324.668,-0.76200
325.039,-0.08200
325.410,-0.95700
325.781,-0.08200
326.152,-1.48700
326.523,11.88800
326.894,11.88800
327.264,11.36500
327.635,-3.85200
328.006,-1.83200
328.376,0.33300
328.747,0.39800
329.118,-0.73200
329.488,0.16800
329.859,0.79300
330.229,1.67300
330.599,0.66800
330.970,1.21300
331.340,2.79300
331.711,0.16300
332.081,-0.03200
332.451,-0.35700
332.821,0.63300
333.191,0.83800
333.562,1.22800
333.932,0.66800
334.301,0.91300
334.671,0.26300
335.041,0.61300
335.411,0.34300
335.781,0.93300
336.151,-0.52200
336.521,-1.68700
336.890,-0.18700
337.260,-0.07700
337.630,0.42300
337.999,-0.07700
338.369,1.17300
338.738,1.23300
339.108,0.46800
339.477,-0.67200
339.847,-0.38200
340.216,-0.53700
340.586,2.02300
340.955,-2.61700
341.324,-1.18700
341.693,0.95300
342.062,0.79300
342.431,-0.08200
342.800,-0.23700
343.170,1.11300
343.538,0.76800
343.907,0.37800
344.276,-0.68700
344.645,-0.52200
345.014,-2.33700
345.383,-0.97200
345.752,0.46300
346.120,0.07800
346.489,1.97800
346.858,2.11300
347.226,0.93300
347.595,1.29300
347.963,1.56300
348.332,1.41300
348.700,-0.33200
349.068,1.79800
349.437,1.34800
349.805,-0.76200
350.173,-0.53200
350.541,0.30800
350.909,1.24300
351.278,0.14300
351.646,-0.25700
352.014,1.56300
352.382,3.48800
352.750,4.51300
353.118,-0.20200
353.485,0.09800
353.853,1.11800
354.221,1.59800
354.589,0.79300
354.957,0.26300
355.324,1.58800
355.692,2.96300
356.059,2.27800
356.427,1.29800
356.794,0.31800
357.162,4.09300
357.529,0.81300
357.897,1.49300
358.264,1.50300
358.631,1.55800
358.998,0.78300
359.366,0.04300
359.733,1.92300
360.100,0.66800
360.467,0.04800
360.834,0.91800
361.201,1.68800
361.568,1.41300
361.935,1.54800
362.302,1.58800
362.669,1.54800
363.035,1.04300
363.402,0.98800
363.769,1.65300
364.135,1.81300
364.502,1.94800
364.869,1.66800
365.235,1.37300
365.602,0.59800
365.968,0.76300
366.335,0.98800
366.701,1.04800
367.067,1.43300
367.434,2.89300
367.800,3.96300
368.166,1.42300
368.532,5.48800
368.898,2.81300
369.264,0.31800
369.630,0.39300
369.996,-0.38700
370.362,-0.43200
370.728,1.68300
371.094,-1.38700
371.460,-0.48700
371.826,-0.33200
372.192,3.56300
372.557,1.17300
372.923,0.93800
373.288,0.97800
373.654,2.91300
374.020,2.75800
374.385,2.44800
374.751,2.03300
375.116,2.43800
375.481,2.52800
375.847,1.63800
376.212,2.96800
376.577,2.92300
376.942,3.19800
377.308,3.22800
377.673,1.69300
378.038,1.50300
378.403,2.59800
378.768,2.33800
379.133,2.41300
379.498,2.83800
379.863,2.43800
380.227,2.48800
380.592,1.16800
380.957,1.73800
381.322,2.13300
381.686,3.29300
382.051,4.04300
382.415,3.86800
382.780,4.78800
383.144,2.86800
383.509,2.66800
383.873,2.54800
384.238,4.24300
384.602,2.66800
384.966,-0.58700
385.330,-0.41200
385.695,0.73800
386.059,1.88800
386.423,2.35300
386.787,2.85300
387.151,-0.56200
387.515,1.33800
387.879,1.64800
388.243,2.29300
388.607,2.76300
388.971,2.41800
389.334,3.16800
389.698,1.72300
390.062,0.49800
390.425,-0.48200
390.789,-0.04200
391.153,0.28300
391.516,1.79800
391.880,1.97800
392.243,1.46300
392.606,2.63800
392.970,2.64800
393.333,3.79300
393.697,3.48800
394.060,2.96300
394.423,2.91800
394.786,2.01800
395.149,1.21300
395.512,0.24800
395.875,1.96300
396.238,1.54300
396.601,3.00300
396.964,2.82800
397.327,3.41300
397.690,3.51300
398.053,2.31800
398.415,2.71800
398.778,4.04800
399.140,3.10300
399.503,2.42300
399.866,1.21800
400.228,2.82300
400.591,1.74300
400.953,1.29800
401.315,1.28800
401.678,3.66300
402.040,1.17300
402.402,1.76300
402.765,3.67300
403.127,0.65300
403.489,0.76800
403.851,1.57800
404.213,2.43800
404.575,2.56300
404.937,1.61800
405.299,2.54300
405.661,3.45300
406.023,4.20800
406.385,5.80300
406.746,5.80300
407.108,5.80300
407.470,-1.21200
407.831,0.85800
408.193,0.82300
408.554,3.77300
408.916,3.66800
409.277,4.26800
409.639,1.61300
410.000,2.54800
410.361,3.21300
410.723,2.14300
411.084,2.92300
411.445,2.46300
411.806,3.01300
412.168,2.79800
412.529,2.96300
412.890,4.41800
413.251,2.52300
413.612,1.14300
413.973,1.14300
414.333,-0.33700
414.694,-0.31200
415.055,2.77300
415.416,2.51300
415.776,3.98800
416.137,3.91300
416.498,3.01300
416.858,1.83800
417.219,2.34300
417.579,3.88300
417.940,3.54800
418.300,4.39300
418.660,4.06300
419.021,2.18800
419.381,2.19300
419.741,1.46800
420.101,1.89800
420.462,4.24300
420.822,4.71800
421.182,1.24300
421.542,1.76800
421.902,3.57300
422.262,5.62300
422.622,2.92300
422.981,5.62300
423.341,2.92300
423.701,-1.63700
424.061,0.04800
424.420,1.61800
424.780,3.08800
425.140,1.51300
425.499,0.73800
425.859,2.13800
426.218,2.07300
426.577,2.67800
426.937,2.98800
427.296,2.80300
427.656,2.98800
428.015,3.04800
428.374,-0.63700
428.733,2.66800
429.092,-0.57700
429.451,1.81300
429.810,1.79800
430.169,1.51800
430.528,1.46300
430.887,1.61300
431.246,1.89300
431.605,2.47800
431.964,3.11300
432.322,3.42300
432.681,1.97300
433.040,1.63800
433.398,1.68800
433.757,2.49300
434.115,2.47300
434.474,2.45300
434.832,1.41800
435.191,1.41300
435.549,1.41800
435.908,-0.71200
436.266,1.52300
436.624,3.65800
436.982,2.79300
437.340,3.96300
437.698,1.70300
438.056,3.22800
438.414,2.61800
438.772,3.64300
439.130,2.12300
439.488,1.21300
439.846,4.03800
440.204,2.39300
440.562,5.20800
440.919,2.08800
441.277,2.23800
441.635,1.55300
441.992,1.76800
442.350,4.04800
442.707,6.73800
443.065,4.56300
443.422,3.89300
443.779,3.76300
444.137,3.91300
444.494,1.20800
444.851,-0.33200
445.209,1.11800
445.566,0.57800
445.923,1.03800
446.280,0.53800
446.637,0.97800
446.994,3.41800
447.351,2.81300
447.708,2.99300
448.065,1.91300
448.421,1.94300
448.778,2.42300
449.135,2.22800
449.492,2.79300
449.848,2.34800
450.205,2.77300
450.561,3.85800
450.918,1.69300
451.274,0.64800
451.631,1.13800
451.987,3.31800
452.344,3.02800
452.700,2.04300
453.056,2.74300
453.412,3.71300
453.768,4.06300
454.125,3.10300
454.481,3.03800
454.837,5.15300
455.193,0.67800
455.549,-0.85200
455.904,-1.26200
456.260,0.54800
456.616,-0.48200
456.972,-0.18700
457.328,-1.18200
457.683,1.36300
458.039,2.03800
458.395,1.61300
458.750,1.53800
459.106,2.30800
459.461,3.11300
459.817,1.97800
460.172,2.15300
460.527,2.65300
460.883,0.93800
461.238,1.12800
461.593,1.77800
461.948,2.71800
462.303,2.21800
462.659,1.66800
463.014,2.21300
463.369,2.72800
463.724,2.31800
464.079,2.71300
464.433,2.67300
464.788,2.79800
465.143,2.58800
465.498,2.12300
465.852,1.34800
466.207,0.39800
466.562,1.11300
466.916,1.90300
467.271,2.46300
467.625,2.42800
467.980,2.04800
468.334,2.41300
468.688,3.07300
469.043,2.41300
469.397,2.04800
469.751,2.01800
470.106,3.92300
470.460,3.32800
470.814,4.54800
471.168,2.83800
471.522,3.08800
471.876,1.68800
472.230,3.16800
472.584,3.26300
472.937,3.12300
473.291,1.40300
473.645,1.74800
473.999,0.87300
474.352,0.81300
474.706,1.96300
475.060,1.09300
475.413,2.47800
475.767,2.05300
476.120,-0.81200
476.473,-0.70700
476.827,2.73300
477.180,2.04800
477.533,0.04300
477.887,1.14800
478.240,2.52300
478.593,1.98800
478.946,4.03300
479.299,3.56800
479.652,2.91800
480.005,2.96300
480.358,1.45300
480.711,-0.21700
481.064,1.60800
481.416,2.65800
481.769,3.67800
482.122,2.64300
482.474,3.54800
482.827,3.90300
483.180,2.80800
483.532,2.56300
483.885,3.67300
484.237,2.73300
484.589,2.19300
484.942,2.56800
485.294,4.61300
485.647,2.31300
485.999,1.67300
486.351,1.58800
486.703,3.29800
487.055,1.11300
487.407,-0.20700
487.759,0.06800
488.111,1.72300
488.463,0.26300
488.815,0.17300
489.167,1.41800
489.519,3.68800
489.870,3.38800
490.222,1.79300
490.574,2.41800
490.925,4.29300
491.277,2.63800
491.628,2.63800
491.980,-2.61700
492.331,-1.07700
492.683,0.47300
493.034,1.71300
493.385,1.67300
493.737,2.56800
494.088,2.78800
494.439,3.02300
494.790,2.16300
495.141,1.73800
495.492,2.38800
495.843,1.96800
496.194,2.26300
496.545,1.78800
496.896,0.74300
497.247,3.04300
497.598,4.66300
497.948,3.04800
498.299,1.71300
498.650,0.41300
499.000,0.32300
499.351,2.86800
499.702,2.51300
500.052,2.73800
500.402,2.83800
500.753,2.53800
501.103,2.39300
501.454,3.33800
501.804,3.30300
502.154,1.46800
502.504,2.27800
502.854,4.27800
503.204,4.27800
503.554,12.77500
503.904,1.04300
504.254,-0.58200
504.604,1.04300
504.954,0.91300
505.304,3.69800
505.654,1.97800
506.003,2.22800
506.353,4.37800
506.703,4.72800
507.052,2.61300
507.402,2.64300
507.751,0.37300
508.101,1.84800
508.450,3.31800
508.800,3.79300
509.149,0.23800
509.498,2.42800
509.848,3.84800
510.197,1.94800
510.546,3.16800
510.895,3.72800
511.244,3.06300
511.593,2.92300
511.942,3.06300
512.291,2.92300
512.640,-2.30200
512.989,0.72300
513.338,1.12800
513.687,0.56800
514.035,1.22300
514.384,11.79400
514.732,0.77300
515.081,-0.28200
515.430,0.77300
515.778,0.91800
516.127,2.63300
516.475,2.24300
516.823,0.50300
517.172,1.10800
517.520,1.79800
517.868,2.66800
518.216,0.78800
518.565,0.80800
518.913,1.33800
519.261,1.54300
519.609,1.65800
519.957,2.14300
520.305,0.96300
520.653,1.78800
521.000,2.66300
521.348,0.56300
521.696,5.16800
522.044,5.06300
522.391,2.28800
522.739,2.17800
523.087,2.91800
523.434,1.68800
523.782,1.68800
524.129,-0.46200
524.476,-0.08200
524.824,1.31300
525.171,1.92300
525.518,2.76800
525.865,1.71800
526.213,0.21800
526.560,1.71800
526.907,0.62800
527.254,-1.63700
527.601,0.16300
527.948,-1.13200
528.295,0.53800
528.642,4.14300
528.989,0.62300
529.335,2.66300
529.682,1.28800
530.029,1.53800
530.375,2.86300
530.722,1.81300
531.069,0.64800
531.415,0.88800
531.761,2.41800
532.108,2.26800
532.454,2.29300
532.801,1.79800
533.147,3.18800
533.493,2.28800
533.839,3.71300
534.186,3.96300
534.532,3.06300
534.878,1.71300
535.224,0.51300
535.570,0.09300
535.916,2.85300
536.262,2.74300
536.607,2.99300
536.953,0.79800
537.299,-0.65200
537.645,0.41800
537.990,0.13800
538.336,1.81300
538.682,2.24300
539.027,1.27800
539.373,0.53300
539.718,0.16300
540.063,3.99300
540.409,0.88800
540.754,0.98800
541.100,2.93800
541.445,4.80800
541.790,2.18800
542.135,2.90800
542.480,2.04300
542.825,4.17300
543.170,1.01800
543.515,-0.40700
543.860,1.33800
544.205,3.11800
544.550,1.40300
544.894,1.23300
545.239,1.48800
545.584,1.14300
545.929,0.28300
546.273,1.27800
546.618,0.51800
546.962,1.97800
547.307,2.55800
547.651,1.06300
547.995,1.71300
548.340,2.88800
548.684,1.31300
549.028,3.26800
549.373,3.26800
549.717,11.63400
550.061,2.31300
550.405,-0.53700
550.749,2.31300
551.093,2.23800
551.437,2.63800
551.781,2.55800
552.125,2.21300
552.468,0.74300
552.812,0.17800
553.156,1.14300
553.500,3.71800
553.843,2.71800
554.187,0.52300
554.530,0.48800
554.874,2.14300
555.217,3.48300
555.561,0.95800
555.904,1.27800
556.247,0.04800
556.591,0.66300
556.934,2.41800
557.277,1.53800
557.620,1.67800
557.963,2.04800
558.306,2.48800
558.649,2.08800
558.992,1.97800
559.335,2.03300
559.678,1.66800
560.021,1.53300
560.364,1.67800
560.706,2.03800
561.049,1.14300
561.391,0.35800
561.734,-0.54700
562.077,1.04300
562.419,0.66300
562.762,0.93800
563.104,1.39300
563.446,2.67300
563.789,1.20800
564.131,3.77300
564.473,3.04300
564.816,1.99300
565.158,2.98800
565.500,1.89800
565.842,1.34300
566.184,0.48800
566.526,1.83800
566.868,3.54800
567.210,0.76800
567.551,1.48800
567.893,2.25800
568.235,2.43800
568.577,1.10800
568.918,1.91800
569.260,2.19300
569.601,1.94300
569.943,4.29800
570.284,4.42300
570.626,5.67300
570.967,-0.41200
571.308,1.41800
571.650,-0.81200
571.991,0.26300
572.332,0.54800
572.673,0.59300
573.014,1.19800
573.356,-0.72700
573.697,1.19800
574.038,1.60800
574.379,2.27300
574.719,1.79800
575.060,0.76800
575.401,0.95300
575.742,1.11300
576.082,1.61300
576.423,0.63800
576.764,0.51800
577.104,-0.50200
577.445,2.09300
577.785,3.04800
578.126,2.17300
578.466,2.95300
578.807,2.45300
579.147,1.58800
579.487,0.29300
579.827,0.95300
580.167,2.25300
580.508,3.16300
580.848,3.57800
581.188,1.73800
581.528,2.79300
581.868,1.73800
582.207,-3.75700
582.547,-1.52200
582.887,-0.31200
583.227,0.26800
583.567,1.17300
583.906,2.51800
584.246,1.45169
584.585,-0.45645
584.925,2.62707
585.264,3.38285
585.604,2.66115
585.943,3.33001
586.283,4.03972
586.622,3.57458
586.961,1.93949
587.300,1.28924
587.640,1.72750
587.979,2.18611
588.318,-0.09589
588.657,1.66630
588.996,0.59528
589.335,0.91744
589.674,0.94523
590.013,1.00911
590.351,1.52511
590.690,1.95336
591.029,0.75233
591.367,1.96196
591.706,-0.01720
592.045,0.75999
592.383,1.11700
592.722,0.24301
593.060,0.12072
593.399,-0.28543
593.737,2.38412
594.075,2.41300
594.413,2.90300
594.752,2.43800
595.090,0.69800
595.428,2.03800
595.766,2.68800
596.104,2.81800
596.442,2.11800
596.780,0.57300
597.118,0.54300
597.456,1.01300
597.794,1.23800
598.131,0.91800
598.469,0.67300
598.807,2.42300
599.144,2.43800
599.482,2.52300
599.819,3.04300
600.157,2.53800
600.494,1.31300
600.832,1.39300
601.169,2.09800
601.506,2.41800
601.844,1.96300
602.181,2.30300
602.518,5.08800
602.855,1.51800
603.192,0.96800
603.529,1.65300
603.866,1.96800
604.203,3.11800
604.540,2.30800
604.877,2.87800
605.214,3.62800
605.551,2.31300
605.887,3.22800
606.224,1.61300
606.561,1.46800
606.897,2.72300
607.234,1.23800
607.570,1.16300
607.907,2.79300
608.243,2.91300
608.580,3.06800
608.916,3.42800
609.252,7.80450
609.588,1.48300
609.924,3.52800
610.260,1.95300
610.597,0.93800
610.933,2.65300
611.269,1.89300
611.605,2.51300
611.941,1.66300
612.276,1.56300
612.612,1.14800
612.948,3.88300
613.284,1.79300
613.619,0.71300
613.955,3.06800
614.290,4.25800
614.626,7.42450
614.962,12.43200
615.297,12.88500
615.632,13.93900
615.968,0.61800
616.303,0.19800
616.638,0.61800
616.973,1.45300
617.309,2.01800
617.644,1.45300
617.979,-2.42700
618.314,0.38300
618.649,0.92300
618.984,1.63800
619.319,4.58800
619.653,2.85300
619.988,1.41800
620.323,2.37300
620.658,1.66800
620.992,2.04300
621.327,1.44800
621.662,2.04800
621.996,2.93800
622.331,2.93800
622.665,7.42450
622.999,-1.01200
623.334,-1.28200
623.668,1.07300
624.002,0.67300
624.336,0.16300
624.671,1.71800
625.005,2.54300
625.339,0.68800
625.673,1.22800
626.007,1.26300
626.341,2.48800
626.675,2.44800
627.008,2.96300
627.342,3.32800
627.676,1.61300
628.010,3.09300
628.343,4.17300
628.677,1.54800
629.010,1.58800
629.344,3.38800
629.677,4.36300
630.011,1.73800
630.344,3.12800
630.678,2.94800
631.011,2.47300
631.344,3.54800
631.677,3.04800
632.010,2.76300
632.343,3.29800
632.677,3.99800
633.010,2.67300
633.342,1.12300
633.675,2.94300
634.008,2.57300
634.341,2.28300
634.674,1.81300
635.007,3.36800
635.339,3.66800
635.672,3.15300
636.005,2.20300
636.337,2.56800
636.670,2.63800
637.002,3.96800
637.334,3.22300
637.667,2.18300
637.999,1.45300
638.331,2.08800
638.664,2.21300
638.996,2.34300
639.328,2.27800
639.660,2.47800
639.992,3.88800
640.324,5.18800
640.656,2.84300
640.988,3.15800
641.320,1.49800
641.652,1.98800
641.983,2.27800
642.315,2.39300
642.647,4.06800
642.978,2.13300
643.310,3.04300
643.641,3.54300
643.973,3.48800
644.304,3.38300
644.636,2.23800
644.967,2.68800
645.298,3.68800
645.630,5.13800
645.961,4.76800
646.292,3.09300
646.623,3.42300
646.954,5.96300
647.285,4.06300
647.616,10.88050
647.947,14.58400
648.278,3.16300
648.609,2.36800
648.940,3.16300
649.270,2.01800
649.601,2.79800
649.932,3.44300
650.262,3.29300
650.593,4.11800
650.923,5.41300
651.254,4.69800
651.584,3.95800
651.915,3.56300
652.245,5.49300
652.575,5.49300
652.905,13.67800
653.236,6.04800
653.566,3.56300
653.896,6.04800
654.226,6.68800
654.556,5.61800
654.886,5.74300
655.216,7.60300
655.546,6.54300
655.875,6.56800
656.205,5.81300
656.535,7.71300
656.865,7.61300
657.194,8.01800
657.524,7.48800
657.853,6.66800
658.183,7.28800
658.512,9.37800
658.842,8.91800
659.171,10.17300
659.500,8.41300
659.830,9.00300
660.159,10.82300
660.488,11.29300
660.817,12.43800
661.146,10.45800
661.475,10.72800
661.804,19.00500
662.133,22.38000
662.462,19.00500
662.791,11.04800
663.120,10.92300
663.448,12.80300
663.777,13.96300
664.106,16.91800
664.434,16.27300
664.763,19.61800
665.091,17.21300
665.420,19.08800
665.748,22.08800
666.077,22.75800
666.405,30.62300
666.733,32.54300
667.062,34.37800
667.390,40.08300
667.718,51.30300
668.046,60.42300
668.374,91.68800
668.702,229.93800
669.030,1056.09800
669.358,2554.15300
669.686,3485.92800
670.014,3898.46800
670.341,3901.69800
670.669,3901.69800
670.997,3861.17800
671.324,3735.65300
671.652,3548.63800
671.980,3174.31300
672.307,2461.19800
672.634,1522.99800
672.962,785.86300
673.289,409.05300
673.616,206.41300
673.944,112.21300
674.271,74.21800
674.598,54.54300
674.925,46.86800
675.252,37.06300
675.579,34.51300
675.906,27.03800
676.233,24.98300
676.560,19.99800
676.887,21.96700
677.214,22.38100
677.540,10.99300
677.867,10.99300
678.194,9.79300
678.520,12.71300
678.847,9.80300
679.173,9.31300
679.500,8.83800
679.826,10.78300
680.153,9.49800
680.479,9.26300
680.805,10.13800
681.131,8.42300
681.458,8.22800
681.784,8.81300
682.110,9.57800
682.436,10.10300
682.762,10.10300
683.088,10.10300
683.414,4.79800
683.740,6.14800
684.065,6.79800
684.391,6.96300
684.717,6.06300
685.042,7.43800
685.368,5.66800
685.694,6.36300
686.019,5.42300
686.345,7.01300
686.670,7.32800
686.995,6.43300
687.321,4.46300
687.646,4.56300
687.971,5.56300
688.296,7.73800
688.622,7.91800
688.947,2.59300
689.272,1.69800
689.597,3.03800
689.922,4.92800
690.247,3.58800
690.572,3.26300
690.896,2.26800
691.221,3.77800
691.546,3.90300
691.870,3.35300
692.195,3.35300
692.520,1.50800
692.844,1.53800
693.169,3.07300
693.493,4.33800
693.817,2.74300
694.142,3.92300
694.466,2.84300
694.790,3.03800
695.115,3.43800
695.439,4.16800
695.763,2.07300
696.087,4.00800
696.411,3.21800
696.735,2.04800
697.059,2.63800
697.383,3.57800
697.707,3.35800
698.030,3.16300
698.354,4.01300
698.678,4.21300
699.001,12.35900
699.325,12.35900
699.648,13.12300
699.972,12.35900
700.295,13.23600
700.619,1.84300
700.942,2.30300
701.265,1.84300
701.589,1.63800
701.912,1.66800
702.235,1.88800
702.558,1.51800
702.881,1.67300
703.204,2.08800
703.527,2.78300
703.850,2.80300
704.173,3.04800
704.496,3.11300
704.819,3.04800
705.141,0.91800
705.464,-0.95200
705.787,0.83800
706.109,1.28800
706.432,2.00300
706.754,4.21800
707.077,2.29300
707.399,4.21800
707.722,11.57900
708.044,0.49300
708.366,-2.43700
708.688,0.49300
709.011,2.19300
709.333,0.24800
709.655,0.42300
709.977,1.22800
710.299,2.09800
710.621,0.13300
710.943,2.51300
711.264,2.81300
711.586,2.37800
711.908,3.67300
712.230,2.66300
712.551,1.35800
712.873,0.99300
713.194,1.68800
713.516,2.91800
713.837,2.33800
714.159,2.33800
714.480,1.61300
714.802,1.41300
715.123,0.75800
715.444,1.17300
715.765,0.84800
716.086,-0.50700
716.407,0.43800
716.728,3.11300
717.049,3.13800
717.370,1.16300
717.691,2.06800
718.012,2.66300
718.333,3.00800
718.654,4.66300
718.974,3.89800
719.295,3.65300
719.615,1.71800
719.936,0.96300
720.257,2.21300
720.577,2.67300
720.898,0.84800
721.218,3.38300
721.538,0.43800
721.858,0.71300
722.179,1.87300
722.499,2.42800
722.819,1.14300
723.139,0.65300
723.459,2.13800
723.779,1.21800
724.099,2.46800
724.419,3.79800
724.739,3.19800
725.058,1.97300
725.378,2.11300
725.698,3.49300
726.018,3.22300
726.337,0.54800
726.657,2.16800
726.976,2.98800
727.296,1.86300
727.615,2.01800
727.934,2.79300
728.254,2.83800
728.573,3.04800
728.892,1.29300
729.212,2.91800
729.531,3.39800
729.850,1.81300
730.169,2.36800
730.488,1.95300
730.807,1.19800
731.125,3.12300
731.444,1.24300
731.763,0.60800
732.082,1.72800
732.401,3.47800
732.719,3.76300
733.038,3.01300
733.356,2.83800
733.675,1.91800
733.993,1.51800
734.312,2.23800
734.630,2.32800
734.948,1.90800
735.267,-1.47200
735.585,0.18800
735.903,1.17300
736.221,2.44300
736.539,1.29800
736.857,-0.63700
737.175,1.29800
737.493,0.79800
737.811,0.59800
738.129,1.98800
738.447,1.59300
738.764,2.11300
739.082,2.46300
739.400,2.54300
739.717,4.56300
740.035,2.24300
740.352,0.40300
740.670,0.17300
740.987,2.24300
741.305,2.11800
741.622,1.46300
741.939,1.46300
742.256,-0.58200
742.574,-0.16200
742.891,2.06800
743.208,1.70800
743.525,0.36300
743.842,0.66800
744.159,3.25300
744.476,3.28800
744.792,1.21300
745.109,1.09300
745.426,2.93800
745.743,1.90800
746.059,0.10800
746.376,0.41300
746.692,2.17800
747.009,3.99300
747.325,5.71800
747.642,1.39300
747.958,0.75800
748.274,0.07300
748.591,0.78300
748.907,1.87300
749.223,1.87300
749.539,1.87300
749.855,-0.90700
750.171,-0.69700
750.487,0.22300
750.803,0.46300
751.119,0.29300
751.435,-0.03200
751.750,2.89300
752.066,2.21300
752.382,2.51300
752.697,3.79300
753.013,0.86300
753.328,2.39300
753.644,2.03800
753.959,0.36300
754.275,1.04300
754.590,1.14300
754.905,0.37300
755.221,0.17300
755.536,1.04300
755.851,1.39800
756.166,1.98800
756.481,3.12300
756.796,3.79800
757.111,2.45300
757.426,-0.03200
757.741,1.11300
758.056,2.04800
758.370,1.16800
758.685,-0.03200
759.000,-0.26200
759.314,-0.70700
759.629,-0.09700
759.943,0.56800
760.258,1.66800
760.572,2.96300
760.887,1.18800
761.201,1.03669
761.515,-0.21145
761.830,2.20707
762.144,0.61285
762.458,0.41364
762.772,1.24996
763.086,2.12113
763.400,1.81745
763.714,0.34382
764.028,-0.14502
764.342,0.45465
764.655,1.07462
764.969,-1.04602
765.283,0.87748
765.596,-0.03221
765.910,0.45125
766.224,0.64027
766.537,0.86541
766.851,1.54262
767.164,2.13208
767.477,1.09222
767.791,2.46301
768.104,0.64498
768.417,1.58329
768.730,2.10137
769.043,1.38845
769.356,0.65015
769.669,0.50799
769.982,0.94653
770.295,1.57849
770.608,0.48546
770.921,1.22821
771.234,1.29235
771.547,1.94433
771.859,1.66835
772.172,1.81455
772.484,0.92099
772.797,1.41394
773.109,2.25897
773.422,2.91942
773.734,0.44954
774.047,2.23690
774.359,2.30995
774.671,1.04447
774.983,2.55212
775.295,1.66300
775.607,1.06300
775.919,2.50800
776.231,3.29300
776.543,2.04300
776.855,2.21300
777.167,0.91800
777.479,-1.06200
777.791,0.11800
778.102,1.11800
778.414,0.87800
778.726,0.38800
779.037,1.55300
779.349,0.40300
779.660,2.10800
779.972,2.10800
780.283,2.10800
780.594,-3.62200
780.906,-1.16700
781.217,0.45300
781.528,1.61800
781.839,1.98800
782.150,0.90800
782.461,0.92300
782.772,0.51800
783.083,-0.23200
783.394,0.26300
783.705,1.77800
784.016,1.48800
784.326,3.09300
784.637,-0.11200
784.948,0.36800
785.258,1.36300
785.569,1.46800
785.879,1.76800
786.190,2.54800
786.500,0.05800
786.810,0.24300
787.121,-0.01200
787.431,0.70300
787.741,-0.61200
788.051,2.39300
788.361,2.76300
788.671,-0.03200
788.981,1.76300
789.291,3.12800
789.601,2.67800
789.911,1.99300
790.221,2.27300
790.531,3.65300
790.840,2.19300
791.150,1.67300
791.460,3.28300
791.769,1.78800
792.079,6.18800
792.388,1.60300
792.698,-0.31200
793.007,1.08800
793.316,1.48300
793.625,1.00300
793.935,-0.70700
794.244,0.92800
794.553,0.87300
794.862,1.47300
795.171,2.70300
795.480,0.66800
795.789,1.94300
796.098,1.32300
796.407,1.99300
796.716,-0.82700
797.024,-0.23200
797.333,1.06800
797.641,0.61800
797.950,1.13800
798.259,1.04800
798.567,2.03300
798.875,1.51800
799.184,1.62300
799.492,1.32800
799.801,3.05300
800.109,1.33300
800.417,3.74800
800.725,0.65300
801.033,0.76300
801.341,0.83300
801.649,0.76300
801.957,-3.17200
802.265,-1.40200
802.573,-0.48200
802.881,0.04300
803.188,4.07800
803.496,1.74800
803.804,1.67300
804.111,0.48800
804.419,2.29300
804.726,2.53800
805.034,2.72800
805.341,2.53800
805.649,-1.18200
805.956,2.01300
806.263,0.69300
806.570,0.17300
806.878,-0.28200
807.185,2.51800
807.492,2.61800
807.799,0.92300
808.106,1.26300
808.413,1.77300
808.719,1.52300
809.026,1.88800
809.333,0.66300
809.640,1.36300
809.946,-0.20200
810.253,0.58800
810.559,0.39800
810.866,1.21300
811.173,0.36300
811.479,-0.95200
811.785,1.91800
812.092,3.24300
812.398,1.83300
812.704,-0.41200
813.010,0.78800
813.316,2.33800
813.622,3.08800
813.928,-0.10700
814.235,-0.02200
814.540,-0.00200
814.846,-0.97700
815.152,1.51800
815.458,2.36300
815.764,2.04800
816.069,0.73800
816.375,0.92300
816.681,0.04300
816.986,1.81300
817.292,3.93800
817.597,0.88800
817.902,1.49300
818.208,1.95300
818.513,1.57800
818.818,0.66300
819.123,0.42300
819.428,0.59300
819.734,0.21800
820.039,2.48800
820.343,-0.07700
820.649,0.16300
820.953,0.46300
821.258,-0.08200
821.563,-0.07700
821.868,-0.29700
822.172,-0.84700
822.477,-0.32700
822.782,-0.48700
823.086,1.00300
823.391,2.60300
823.695,1.26800
824.000,0.06800
824.304,1.18800
824.608,0.58800
824.912,2.77800
825.217,0.79800
825.521,1.26300
825.825,2.01300
826.129,1.42300
826.433,2.17800
826.737,1.40300
827.041,3.21300
827.345,0.16300
827.648,3.21300
827.952,0.16300
828.256,-2.88700
828.559,-1.81200
828.863,0.42300
829.167,4.87300
829.470,1.93800
829.774,1.54800
830.077,1.98800
830.380,1.98800
830.684,11.50800
830.987,1.86300
831.290,-1.36700
831.593,1.86300
831.896,2.06800
832.199,3.01800
832.502,1.25300
832.805,-0.06200
833.108,0.03800
833.411,-0.25200
833.714,0.11300
834.017,0.51800
834.319,-0.54200
834.622,-1.12200
834.925,0.16800
835.227,1.79800
835.530,2.29300
835.832,2.92300
836.135,3.63800
836.437,3.01800
836.739,2.92300
837.042,2.04300
837.344,2.31800
837.646,1.17800
837.948,0.05300
838.250,0.88800
838.552,2.76800
838.854,3.24300
839.156,0.85800
839.458,1.46800
839.760,2.08300
840.061,0.66800
840.363,0.67300
840.665,1.06300
840.966,1.44800
841.268,0.75300
841.569,1.78800
841.871,0.65300
842.172,0.06800
842.474,0.82800
842.775,-0.00700
843.076,-1.20700
843.377,-1.86200
843.679,0.01800
843.980,1.41300
844.281,0.17800
844.582,-0.36200
844.883,0.72300
845.184,1.05300
845.485,2.98800
845.785,1.25300
846.086,0.31300
846.387,1.09300
846.687,0.56300
846.988,1.98800
847.289,3.91800
847.589,0.80300
847.890,0.80300
848.190,-1.95700
848.490,-1.17200
848.791,-1.57700
849.091,0.13800
849.391,0.97300
849.691,0.91800
849.991,1.05800
850.292,2.12800
850.591,1.56300
850.891,2.48800
851.191,0.14300
851.491,0.24800
851.791,-0.46200
852.091,2.66300
852.390,1.16800
852.690,2.53800
852.990,1.16800
853.289,-1.94200
853.589,-1.20200
853.888,-0.06700
854.188,3.83800
854.487,0.89300
854.786,1.01800
855.086,1.76300
855.385,1.32800
855.684,1.63800
855.983,1.49800
856.282,1.31800
856.581,1.83800
856.880,4.49300
857.179,13.81000
857.478,10.91700
857.777,11.54500
858.076,-2.57200
858.374,0.59800
858.673,0.86300
858.972,0.86300
859.270,0.54300
859.569,0.31300
859.867,2.17300
860.165,2.33300
860.464,3.05300
860.762,2.56300
861.060,0.88300
861.359,1.03800
861.657,1.67300
861.955,0.64800
862.253,3.46800
862.551,2.51800
862.849,1.71800
863.147,2.77300
863.445,1.65800
863.742,0.73800
864.040,1.41300
864.338,-0.82200
864.636,0.15300
864.933,1.50300
865.231,1.19800
865.528,-0.18700
865.826,0.26300
866.123,0.15300
866.420,-0.12200
866.718,1.31800
867.015,0.77300
867.312,1.86800
867.609,2.79300
867.907,2.41300
868.204,2.58800
868.501,1.78800
868.798,1.78800
869.095,0.13800
869.391,0.85300
869.688,1.70300
869.985,2.97300
870.282,1.27800
870.578,0.52300
870.875,1.93300
871.171,3.26300
871.468,1.46300
871.764,1.11300
872.061,1.36800
872.357,1.11300
872.653,-0.66700
872.950,-0.91200
873.246,2.84300
873.542,1.61300
873.838,1.89300
874.134,0.26300
874.430,-0.15700
874.726,0.08800
875.022,2.11800
875.318,0.58800
875.614,2.18800
875.909,1.54300
876.205,-0.18700
876.501,-0.26200
876.796,-0.78200
877.092,0.51300
