# Magnesio (Mg) - saggio alla fiamma, USB2000 S/N USB2G16606
# registrazione: nightmg_usb2000_spettrogramma_20260921_233744
# selezione: riga piu intensa in 492-508 nm (1 righe)
# integrazione: 30 ms · rumore: 0.15 conteggi
# fondo strumentale sottratto; punte di 1-2 pixel rimosse
# cancellato Na a 589 nm +-5 nm (c'era un picco da 44 conteggi)
# cancellato K a 768 nm +-7 nm (c'era un picco da 8 conteggi)
wavelength_nm,intensity_counts
176.507,-32.55300
176.894,-32.13825
177.280,-31.72350
177.667,-31.08000
178.054,-30.46450
178.440,-30.06350
178.827,-30.02000
179.213,-29.85250
179.599,-29.68100
179.986,-29.59100
180.372,-29.63250
180.758,-29.69450
181.144,-29.78450
181.530,-29.86350
181.917,-29.95300
182.303,-30.18000
182.689,-30.09650
183.075,-30.14350
183.461,-30.43300
183.847,-30.33450
184.232,-30.26000
184.618,-30.07250
185.004,-29.91350
185.390,-29.77000
185.776,-29.82250
186.161,-29.67650
186.547,-29.70350
186.933,-29.81000
187.318,-29.74000
187.704,-29.68350
188.089,-29.57450
188.475,-29.73450
188.860,-29.57750
189.245,-29.58450
189.631,-29.74450
190.016,-29.67450
190.401,-29.56450
190.787,-29.43250
191.172,-29.37500
191.557,-29.36300
191.942,-29.28000
192.327,-29.13650
192.712,-29.21250
193.097,-29.20350
193.482,-29.18350
193.867,-29.08300
194.252,-28.93350
194.637,-28.96350
195.022,-28.94350
195.406,-29.00300
195.791,-29.07000
196.176,-28.96350
196.560,-28.91300
196.945,-28.86300
197.330,-28.81250
197.714,-28.78250
198.099,-28.76100
198.483,-28.78650
198.868,-28.85550
199.252,-28.95000
199.636,-28.82350
200.020,-28.66350
200.405,-28.64450
200.789,-28.74100
201.173,-28.73450
201.557,-28.72000
201.941,-28.64000
202.325,-28.48450
202.709,-28.42800
203.093,-28.34300
203.477,-28.41300
203.861,-28.34100
204.245,-28.16450
204.629,-28.08350
205.013,-28.18250
205.397,-28.26350
205.780,-28.17250
206.164,-28.26000
206.548,-28.25250
206.931,-28.27100
207.315,-28.20300
207.698,-28.08350
208.082,-27.97350
208.465,-28.08100
208.848,-28.15100
209.232,-28.12250
209.615,-28.00000
209.998,-27.79800
210.382,-27.78050
210.765,-27.82650
211.148,-27.85100
211.531,-27.78300
211.914,-27.80000
212.297,-27.67300
212.680,-27.72250
213.063,-27.68000
213.446,-27.79650
213.829,-27.56350
214.212,-27.51300
214.595,-27.53350
214.977,-27.57450
215.360,-27.56300
215.743,-27.53100
216.125,-27.53450
216.508,-27.52650
216.891,-27.63050
217.273,-27.63350
217.656,-27.47450
218.038,-27.37450
218.420,-27.09450
218.803,-27.09350
219.185,-27.15000
219.567,-27.38050
219.950,-27.24450
220.332,-27.32550
220.714,-27.16300
221.096,-27.18250
221.478,-27.29750
221.860,-27.34450
222.242,-27.29250
222.624,-27.31000
223.006,-27.34300
223.388,-27.20450
223.770,-27.27300
224.152,-27.37250
224.534,-27.31250
224.915,-27.12300
225.297,-27.17350
225.679,-27.07650
226.060,-27.28800
226.442,-27.21650
226.823,-27.01450
227.205,-26.92350
227.587,-27.00300
227.968,-27.00000
228.349,-26.95450
228.731,-27.02300
229.112,-27.01650
229.493,-27.16300
229.874,-27.07450
230.256,-26.95650
230.637,-26.79350
231.018,-26.77100
231.399,-26.97450
231.780,-26.95300
232.161,-26.86000
232.542,-26.86550
232.923,-27.00450
233.304,-26.94450
233.685,-26.92100
234.065,-26.73100
234.446,-26.70350
234.827,-26.78350
235.207,-26.87350
235.588,-26.79350
235.969,-26.83350
236.349,-26.90000
236.730,-26.94350
237.110,-26.85350
237.491,-26.72350
237.871,-26.67300
238.251,-26.63000
238.632,-26.76100
239.012,-26.83250
239.392,-26.87000
239.772,-26.69000
240.153,-26.54000
240.533,-26.77550
240.913,-26.81300
241.293,-26.72300
241.673,-26.66650
242.053,-26.62450
242.433,-26.68000
242.813,-26.74350
243.192,-26.75000
243.572,-26.58350
243.952,-26.80350
244.332,-26.74350
244.711,-26.53300
245.091,-26.58250
245.471,-26.53350
245.850,-26.61250
246.230,-26.60100
246.609,-26.71450
246.989,-26.76000
247.368,-26.65300
247.747,-26.69350
248.127,-26.58350
248.506,-26.47300
248.885,-26.44300
249.264,-26.51350
249.644,-26.60650
250.023,-26.72350
250.402,-26.64350
250.781,-26.58300
251.160,-26.45300
251.539,-26.38450
251.918,-26.58650
252.297,-26.67300
252.675,-26.53450
253.054,-26.46450
253.433,-26.36000
253.812,-26.30300
254.190,-26.37300
254.569,-26.42350
254.948,-26.41800
255.326,-26.52300
255.705,-26.64450
256.083,-26.61100
256.462,-26.62300
256.840,-26.46300
257.219,-26.45300
257.597,-26.52000
257.975,-26.45300
258.353,-26.56300
258.731,-26.30450
259.110,-26.46350
259.488,-26.58350
259.866,-26.57300
260.244,-26.88350
260.622,-26.74450
261.000,-26.69300
261.378,-26.53450
261.756,-26.54050
262.134,-26.61300
262.511,-26.54100
262.889,-26.55250
263.267,-26.44000
263.645,-26.51650
264.022,-26.40650
264.400,-26.39300
264.777,-26.49300
265.155,-26.49450
265.532,-26.34000
265.910,-26.38750
266.287,-26.45100
266.665,-26.54450
267.042,-26.42350
267.419,-26.32350
267.796,-26.20300
268.174,-26.21300
268.551,-26.23350
268.928,-26.33250
269.305,-26.30250
269.682,-26.27450
270.059,-26.26250
270.436,-26.30300
270.813,-26.32800
271.190,-26.29300
271.567,-26.55300
271.943,-26.47350
272.320,-26.51350
272.697,-26.54350
273.074,-26.34450
273.450,-26.30300
273.827,-26.45350
274.204,-26.54350
274.580,-26.49350
274.957,-26.31300
275.333,-26.11750
275.709,-26.19450
276.086,-26.39350
276.462,-26.58650
276.838,-26.52300
277.214,-26.38650
277.591,-26.37100
277.967,-26.35300
278.343,-26.44300
278.719,-26.37300
279.095,-26.44350
279.471,-26.35350
279.847,-26.30100
280.223,-26.31300
280.599,-26.47450
280.975,-26.60350
281.351,-26.58350
281.726,-26.38350
282.102,-26.35350
282.478,-26.45450
282.853,-26.43450
283.229,-26.53650
283.604,-26.51350
283.980,-26.37050
284.355,-26.20350
284.731,-26.33750
285.106,-26.38300
285.482,-26.46300
285.857,-26.40450
286.232,-26.32350
286.607,-26.32350
286.983,-26.37250
287.358,-26.33100
287.733,-26.37350
288.108,-26.42350
288.483,-26.40000
288.858,-26.21800
289.233,-26.23100
289.608,-26.33250
289.983,-26.24000
290.358,-26.21350
290.732,-26.27050
291.107,-26.37350
291.482,-26.38450
291.856,-26.46000
292.231,-26.38450
292.606,-26.28000
292.980,-26.26250
293.355,-26.22350
293.729,-26.28650
294.104,-26.33450
294.478,-26.37300
294.852,-26.48350
295.227,-26.61350
295.601,-26.46300
295.975,-26.59300
296.349,-26.52300
296.723,-26.44350
297.098,-26.37000
297.472,-26.22100
297.846,-26.21450
298.219,-26.24450
298.594,-26.47250
298.967,-26.51450
299.341,-26.40100
299.715,-26.39300
300.089,-26.44050
300.463,-26.40100
300.836,-26.47300
301.210,-26.57300
301.584,-26.49350
301.957,-26.40450
302.331,-26.52300
302.704,-26.55250
303.077,-26.39350
303.451,-26.26000
303.824,-26.31000
304.198,-26.31300
304.571,-26.30000
304.944,-26.29350
305.317,-26.28300
305.691,-26.35450
306.064,-26.51350
306.437,-26.44000
306.810,-26.37100
307.183,-26.47300
307.556,-26.36300
307.929,-26.32050
308.302,-26.20350
308.674,-26.30000
309.047,-26.46300
309.420,-26.52300
309.793,-26.39350
310.165,-26.30250
310.538,-26.25350
310.911,-26.29350
311.283,-26.31450
311.656,-26.37650
312.028,-26.35450
312.401,-26.27350
312.773,-26.30350
313.145,-26.28350
313.518,-26.30350
313.890,-26.35350
314.262,-26.39300
314.634,-26.38350
315.006,-26.30350
315.378,-26.17350
315.751,-26.28350
316.123,-26.28300
316.495,-26.38800
316.866,-26.52550
317.238,-26.45350
317.610,-26.40350
317.982,-26.27300
318.354,-26.18100
318.726,-26.36350
319.097,-26.47100
319.469,-26.47050
319.841,-26.39450
320.212,-26.40300
320.584,-26.41050
320.955,-26.35350
321.327,-26.33300
321.698,-26.53350
322.069,-26.51350
322.441,-26.50350
322.812,-26.65300
323.183,-26.59300
323.555,-26.55250
323.926,-26.59300
324.297,-26.39350
324.668,-26.45100
325.039,-26.45300
325.410,-26.45300
325.781,-26.46650
326.152,-26.28350
326.523,-26.47350
326.894,-26.24000
327.264,-26.06000
327.635,-26.14000
328.006,-26.14050
328.376,-26.21650
328.747,-26.35000
329.118,-26.41300
329.488,-26.53300
329.859,-26.53300
330.229,-26.47000
330.599,-26.45800
330.970,-26.15350
331.340,-26.11550
331.711,-26.10350
332.081,-26.07300
332.451,-26.29300
332.821,-26.40650
333.191,-26.42300
333.562,-26.41000
333.932,-26.15050
334.301,-26.20350
334.671,-26.19350
335.041,-26.42100
335.411,-26.43300
335.781,-26.24650
336.151,-26.16450
336.521,-26.13350
336.890,-26.12100
337.260,-26.25000
337.630,-26.38500
337.999,-26.30000
338.369,-26.30250
338.738,-26.29650
339.108,-26.27300
339.477,-26.27450
339.847,-26.21300
340.216,-26.11350
340.586,-26.15000
340.955,-26.17650
341.324,-26.12350
341.693,-26.10450
342.062,-26.16550
342.431,-26.25300
342.800,-26.13350
343.170,-26.02350
343.538,-26.03300
343.907,-26.12450
344.276,-26.18350
344.645,-26.04450
345.014,-26.07350
345.383,-26.00450
345.752,-26.05350
346.120,-26.03450
346.489,-25.86450
346.858,-25.77350
347.226,-25.68650
347.595,-25.63800
347.963,-25.60350
348.332,-25.64350
348.700,-25.43050
349.068,-25.66250
349.437,-25.77250
349.805,-25.71350
350.173,-25.67300
350.541,-25.73650
350.909,-25.66300
351.278,-25.54300
351.646,-25.45300
352.014,-25.45350
352.382,-25.68350
352.750,-25.53350
353.118,-25.46500
353.485,-25.38000
353.853,-25.50300
354.221,-25.49000
354.589,-25.54800
354.957,-25.76350
355.324,-25.36350
355.692,-25.21350
356.059,-25.26450
356.427,-25.34250
356.794,-25.16300
357.162,-25.10300
357.529,-24.97350
357.897,-24.81300
358.264,-24.72450
358.631,-24.43650
358.998,-24.43650
359.366,-24.28300
359.733,-24.14250
360.100,-23.99050
360.467,-24.07250
360.834,-23.81300
361.201,-23.44350
361.568,-23.39350
361.935,-23.34000
362.302,-23.24350
362.669,-23.29000
363.035,-23.40300
363.402,-23.16350
363.769,-23.06450
364.135,-23.03350
364.502,-23.10000
364.869,-23.16050
365.235,-23.07250
365.602,-23.06000
365.968,-22.65350
366.335,-22.39350
366.701,-22.01500
367.067,-21.49650
367.434,-20.95300
367.800,-20.24350
368.166,-19.47000
368.532,-18.36100
368.898,-17.57350
369.264,-16.76300
369.630,-15.88300
369.996,-15.07350
370.362,-14.14300
370.728,-13.08450
371.094,-12.44100
371.460,-11.38350
371.826,-11.14000
372.192,-11.14000
372.557,-11.14000
372.923,-11.89350
373.288,-12.84450
373.654,-13.67350
374.020,-14.28650
374.385,-14.65000
374.751,-14.59650
375.116,-14.84100
375.481,-14.53450
375.847,-13.98350
376.212,-13.74300
376.577,-13.35250
376.942,-13.09000
377.308,-12.62450
377.673,-12.18300
378.038,-11.58450
378.403,-10.71250
378.768,-9.91100
379.133,-8.89350
379.498,-7.92350
379.863,-6.65100
380.227,-5.70350
380.592,-4.65800
380.957,-3.66350
381.322,-1.99650
381.686,-1.43550
382.051,0.17200
382.415,0.64700
382.780,2.25650
383.144,2.87700
383.509,2.82250
383.873,2.82250
384.238,2.08700
384.602,0.54200
384.966,-0.39350
385.330,-2.17350
385.695,-3.74100
386.059,-4.78100
386.423,-6.33450
386.787,-7.03450
387.151,-7.10000
387.515,-7.47350
387.879,-7.47350
388.243,-7.10000
388.607,-6.83350
388.971,-6.20300
389.334,-5.66800
389.698,-5.39000
390.062,-4.22000
390.425,-3.41300
390.789,-2.29650
391.153,-2.03650
391.516,-0.69500
391.880,0.05550
392.243,0.91650
392.606,1.26650
392.970,1.34000
393.333,2.61200
393.697,3.39650
394.060,3.42650
394.423,3.64700
394.786,4.48700
395.149,5.22650
395.512,5.45750
395.875,6.12900
396.238,6.80700
396.601,7.35550
396.964,7.38550
397.327,8.73650
397.690,9.54650
398.053,9.89700
398.415,10.57250
398.778,10.57250
399.140,12.44000
399.503,12.44000
399.866,12.88550
400.228,13.25750
400.591,13.53000
400.953,15.35700
401.315,16.41650
401.678,16.63650
402.040,16.52750
402.402,18.72650
402.765,18.66750
403.127,18.61550
403.489,18.91700
403.851,20.26550
404.213,20.88650
404.575,20.89650
404.937,20.81700
405.299,23.33950
405.661,23.86550
406.023,23.75350
406.385,25.32700
406.746,25.78550
407.108,26.54650
407.470,27.42900
407.831,27.62350
408.193,30.12000
408.554,30.49700
408.916,31.64700
409.277,31.64700
409.639,33.13900
410.000,34.37000
410.361,34.20650
410.723,35.96700
411.084,38.08000
411.445,38.81650
411.806,40.18650
412.168,41.59750
412.529,42.56650
412.890,43.92650
413.251,44.16000
413.612,44.84700
413.973,46.55250
414.333,47.11650
414.694,46.94650
415.055,49.39000
415.416,50.63650
415.776,51.31650
416.137,53.67650
416.498,55.28650
416.858,54.93900
417.219,56.16500
417.579,58.40350
417.940,56.16500
418.300,61.28700
418.660,60.57650
419.021,60.57650
419.381,60.83700
419.741,60.83700
420.101,62.41000
420.462,63.94700
420.822,63.68700
421.182,63.94700
421.542,61.12700
421.902,63.84750
422.262,63.84750
422.622,63.84750
422.981,67.18700
423.341,63.83250
423.701,64.27650
424.061,63.83250
424.420,64.27650
424.780,62.60900
425.140,65.95650
425.499,65.88650
425.859,65.88650
426.218,63.17900
426.577,63.17900
426.937,63.17900
427.296,62.42550
427.656,62.29450
428.015,62.29450
428.374,62.64000
428.733,63.41700
429.092,62.64000
429.451,61.06700
429.810,60.91000
430.169,61.06700
430.528,60.91000
430.887,60.85650
431.246,62.04650
431.605,62.78550
431.964,62.04650
432.322,61.54500
432.681,63.39750
433.040,62.29650
433.398,63.98650
433.757,63.81000
434.115,63.81000
434.474,64.01550
434.832,65.59950
435.191,66.30900
435.549,66.84650
435.908,67.49650
436.266,67.63000
436.624,68.22350
436.982,69.71450
437.340,69.84550
437.698,69.86550
438.056,70.34650
438.414,70.61700
438.772,71.44700
439.130,73.54750
439.488,73.40900
439.846,73.54750
440.204,73.41700
440.562,74.16650
440.919,73.64650
441.277,74.16650
441.635,77.40550
441.992,76.83000
442.350,76.83000
442.707,76.56700
443.065,76.38650
443.422,76.56700
443.779,76.56700
444.137,77.32650
444.494,77.32650
444.851,76.22350
445.209,76.09700
445.566,75.99650
445.923,76.01550
446.280,76.16650
446.637,74.27650
446.994,73.60700
447.351,73.11650
447.708,70.14700
448.065,71.58700
448.421,71.58700
448.778,71.61000
449.135,70.01550
449.492,68.44750
449.848,68.44750
450.205,66.40750
450.561,66.40750
450.918,64.08700
451.274,63.81000
451.631,63.80650
451.987,62.02550
452.344,60.49700
452.700,60.28450
453.056,59.39700
453.412,58.96650
453.768,58.70550
454.125,58.70550
454.481,57.70550
454.837,57.70550
455.193,55.88550
455.549,58.09000
455.904,58.09000
456.260,58.45250
456.616,58.45250
456.972,58.45250
457.328,57.39700
457.683,56.42650
458.039,56.42650
458.395,55.51350
458.750,55.21650
459.106,55.51350
459.461,55.46650
459.817,55.44550
460.172,55.90550
460.527,55.66550
460.883,55.90550
461.238,57.74550
461.593,55.53550
461.948,58.34700
462.303,58.80700
462.659,57.27700
463.014,57.42650
463.369,59.64550
463.724,59.64550
464.079,62.10650
464.433,61.96250
464.788,63.26500
465.143,63.91650
465.498,64.68000
465.852,66.63000
466.207,66.97000
466.562,67.42900
466.916,68.28650
467.271,69.44550
467.625,71.08550
467.980,72.99750
468.334,73.29650
468.688,74.80750
469.043,74.66900
469.397,79.01750
469.751,79.67700
470.106,80.43750
470.460,81.93550
470.814,84.03650
471.168,85.38750
471.522,87.37650
471.876,87.47650
472.230,87.47650
472.584,87.94700
472.937,88.80000
473.291,90.77550
473.645,92.13650
473.999,92.99000
474.352,92.13650
474.706,91.63650
475.060,96.55700
475.413,97.91550
475.767,96.03650
476.120,97.91550
476.473,98.28700
476.827,99.26350
477.180,99.26350
477.533,102.54700
477.887,98.28750
478.240,98.28750
478.593,98.06650
478.946,98.06650
479.299,95.81700
479.652,95.75650
480.005,95.29700
480.358,93.66550
480.711,93.76350
481.064,91.61350
481.416,89.82550
481.769,88.82700
482.122,88.82700
482.474,87.75350
482.827,86.63550
483.180,87.35650
483.532,87.35650
483.885,87.62500
484.237,87.14700
484.589,86.76700
484.942,86.11650
485.294,86.02650
485.647,86.11650
485.999,86.63650
486.351,86.63650
486.703,86.90750
487.055,88.71650
487.407,88.92700
487.759,89.85700
488.111,91.19000
488.463,92.57650
488.815,93.90750
489.167,95.03700
489.519,97.85650
489.870,102.18650
490.222,104.66700
490.574,107.04200
490.925,111.44700
491.277,116.07650
491.628,120.30700
491.980,126.22350
492.331,134.19500
492.683,141.91750
493.034,149.82650
493.385,158.66250
493.737,172.44700
494.088,182.92650
494.439,191.81000
494.790,204.82650
495.141,221.07650
495.492,236.48650
495.843,247.57700
496.194,266.88650
496.545,279.26650
496.896,293.86700
497.247,303.29700
497.598,313.38650
497.948,314.93000
498.299,317.08650
498.650,319.93900
499.000,319.93900
499.351,319.93900
499.702,316.91650
500.052,294.08650
500.402,262.24900
500.753,219.59650
501.103,184.78700
501.454,157.98650
501.804,138.56550
502.154,124.98700
502.504,117.86550
502.854,114.51550
503.204,114.48700
503.554,114.48700
503.904,114.48700
504.254,116.26950
504.604,117.22950
504.954,118.15650
505.304,120.02000
505.654,121.41550
506.003,122.35550
506.353,125.01550
506.703,125.54550
507.052,127.26650
507.402,129.68700
507.751,130.31000
508.101,131.72000
508.450,134.81700
508.800,136.24450
509.149,136.58650
509.498,137.45550
509.848,139.62750
510.197,140.33000
510.546,141.88550
510.895,142.52700
511.244,145.46900
511.593,145.96750
511.942,146.22900
512.291,147.20700
512.640,147.88000
512.989,147.86750
513.338,149.58550
513.687,149.86700
514.035,149.86700
514.384,151.25550
514.732,151.25550
515.081,153.79700
515.430,160.67750
515.778,171.04700
516.127,185.65350
516.475,199.08700
516.823,207.40550
517.172,210.42450
517.520,210.42450
517.868,210.42450
518.216,197.66650
518.565,176.57350
518.913,161.17650
519.261,148.63700
519.609,138.87350
519.957,131.67700
520.305,125.64650
520.653,120.25650
521.000,116.78650
521.348,112.45650
521.696,110.44200
522.044,107.32650
522.391,106.32650
522.739,105.34550
523.087,104.36700
523.434,103.40650
523.782,101.46650
524.129,100.94700
524.476,100.27650
524.824,98.87900
525.171,98.59250
525.518,96.77700
525.865,95.11700
526.213,95.41700
526.560,94.38650
526.907,93.37650
527.254,91.53650
527.601,91.53650
527.948,89.76700
528.295,88.65900
528.642,88.40700
528.989,87.31000
529.335,87.25900
529.682,87.25900
530.029,86.99650
530.375,87.12650
530.722,86.71650
531.069,85.45900
531.415,85.45900
531.761,84.92700
532.108,84.36700
532.454,84.36450
532.801,84.36700
533.147,85.68900
533.493,85.46000
533.839,84.12650
534.186,83.95650
534.532,84.22650
534.878,84.22650
535.224,84.14700
535.570,84.14700
535.916,84.14700
536.262,84.14700
536.607,84.97700
536.953,85.22000
537.299,85.28000
537.645,85.28000
537.990,85.81650
538.336,85.49650
538.682,86.19350
539.027,86.79550
539.373,87.14700
539.718,87.85650
540.063,87.85650
540.409,87.86650
540.754,87.86650
541.100,89.02650
541.445,89.92650
541.790,89.92650
542.135,90.19500
542.480,89.67950
542.825,90.92350
543.170,91.42700
543.515,92.29650
543.860,92.78700
544.205,92.78700
544.550,93.62550
544.894,93.75650
545.239,94.31350
545.584,96.04700
545.929,96.61350
546.273,96.70550
546.618,97.20700
546.962,97.18550
547.307,97.68650
547.651,98.67350
547.995,99.07650
548.340,98.93650
548.684,100.23650
549.028,99.89700
549.373,100.99650
549.717,101.42550
550.061,101.55700
550.405,101.55700
550.749,103.37900
551.093,101.86650
551.437,101.86650
551.781,101.52350
552.125,102.03650
552.468,102.05700
552.812,101.82550
553.156,101.47700
553.500,101.82550
553.843,101.86700
554.187,102.78000
554.530,101.86700
554.874,101.40700
555.217,101.40700
555.561,101.49350
555.904,101.23900
556.247,100.78000
556.591,100.71650
556.934,100.71650
557.277,100.71650
557.620,100.31700
557.963,99.82650
558.306,99.82650
558.649,99.60550
558.992,98.89900
559.335,98.89900
559.678,97.45450
560.021,96.90350
560.364,97.09550
560.706,97.21650
561.049,96.55700
561.391,96.08350
561.734,95.33700
562.077,95.33700
562.419,93.84550
562.762,93.34650
563.104,92.75700
563.446,91.96500
563.789,91.60350
564.131,91.94000
564.473,90.59450
564.816,89.08700
565.158,89.06900
565.500,88.62750
565.842,87.52700
566.184,87.61650
566.526,87.57650
566.868,85.71750
567.210,85.17700
567.551,84.71650
567.893,84.97350
568.235,84.22650
568.577,83.66350
568.918,83.03200
569.260,83.26700
569.601,81.76700
569.943,82.07500
570.284,80.88750
570.626,80.33000
570.967,80.03700
571.308,79.54650
571.650,79.54650
571.991,79.41650
572.332,78.43000
572.673,78.32950
573.014,78.45700
573.356,76.89000
573.697,76.72000
574.038,76.72000
574.379,75.12750
574.719,76.93750
575.060,75.79550
575.401,75.79550
575.742,75.52650
576.082,75.32650
576.423,74.87900
576.764,74.11700
577.104,74.28750
577.445,73.52700
577.785,72.51750
578.126,71.21750
578.466,71.23550
578.807,70.88550
579.147,70.96550
579.487,70.15200
579.827,70.96550
580.167,69.60550
580.508,68.71650
580.848,70.34550
581.188,70.07950
581.528,70.07950
581.868,70.34500
582.207,70.07950
582.547,70.12550
582.887,69.48700
583.227,69.48700
583.567,69.48700
583.906,68.35700
584.246,70.01345
584.585,70.10711
584.925,70.08899
585.264,70.14190
585.604,70.17476
585.943,70.43330
586.283,70.69842
586.622,70.77284
586.961,70.65735
587.300,70.70168
587.640,70.92270
587.979,71.14697
588.318,70.92640
588.657,71.36222
588.996,71.33817
589.335,71.54025
589.674,71.69446
590.013,71.85457
590.351,72.08803
590.690,72.30724
591.029,72.26195
591.367,72.60795
591.706,72.43631
592.045,72.71208
592.383,72.91960
592.722,72.92730
593.060,73.08788
593.399,72.80372
593.737,72.99832
594.075,72.93900
594.413,73.06550
594.752,72.92650
595.090,72.97750
595.428,72.70650
595.766,72.93650
596.104,72.59700
596.442,73.81000
596.780,73.81000
597.118,74.46450
597.456,73.98650
597.794,73.98650
598.131,73.68450
598.469,74.54250
598.807,74.54250
599.144,74.74750
599.482,74.74750
599.819,74.86700
600.157,74.97650
600.494,75.12900
600.832,74.92750
601.169,74.92750
601.506,74.92750
601.844,74.94650
602.181,75.09550
602.518,75.37650
602.855,75.16550
603.192,74.81700
603.529,75.16550
603.866,75.14700
604.203,74.92550
604.540,73.00350
604.877,74.04650
605.214,73.85550
605.551,74.04650
605.887,73.13550
606.224,72.94650
606.561,72.17000
606.897,72.17000
607.234,71.11650
607.570,71.11650
607.907,71.07700
608.243,70.85650
608.580,70.57700
608.916,70.57700
609.252,68.39700
609.588,69.02550
609.924,68.36550
610.260,68.36550
610.597,68.21900
610.933,68.05700
611.269,67.47550
611.605,66.99900
611.941,66.28650
612.276,66.34650
612.612,66.02000
612.948,66.34700
613.284,65.95700
613.619,64.67650
613.955,64.67650
614.290,64.24250
614.626,64.55750
614.962,63.74700
615.297,63.32650
615.632,63.32650
615.968,63.27700
616.303,62.70750
616.638,62.70750
616.973,62.61550
617.309,62.73700
617.644,62.15550
617.979,62.15550
618.314,61.40250
618.649,61.40250
618.984,61.33650
619.319,61.31650
619.653,61.34550
619.988,60.91700
620.323,60.34700
620.658,60.34700
620.992,60.03700
621.327,59.64750
621.662,59.96750
621.996,59.77900
622.331,59.77900
622.665,58.51550
622.999,58.85750
623.334,58.54700
623.668,58.85750
624.002,58.52500
624.336,57.97700
624.671,57.33700
625.005,57.33700
625.339,57.63900
625.673,57.30550
626.007,56.82900
626.341,56.00900
626.675,55.99000
627.008,56.19650
627.342,55.99000
627.676,55.41650
628.010,55.35700
628.343,54.60250
628.677,54.07500
629.010,53.77650
629.344,53.23650
629.677,53.52900
630.011,52.74550
630.344,52.74550
630.678,51.76650
631.011,51.58000
631.344,50.70500
631.677,50.06000
632.010,49.29900
632.343,48.91500
632.677,48.91500
633.010,48.01500
633.342,48.01500
633.675,48.29700
634.008,47.03350
634.341,46.50000
634.674,46.34650
635.007,46.33700
635.339,46.61700
635.672,46.45550
636.005,45.79550
636.337,45.67700
636.670,44.86700
637.002,44.49000
637.334,44.49000
637.667,44.43350
637.999,44.43350
638.331,43.69650
638.664,43.98550
638.996,43.69700
639.328,43.98550
639.660,43.07550
639.992,43.37650
640.324,43.39650
640.656,43.11700
640.988,43.27350
641.320,42.47650
641.652,42.47650
641.983,42.04550
642.315,42.30700
642.647,41.92700
642.978,42.05350
643.310,42.08450
643.641,42.05700
643.973,41.71650
644.304,42.00350
644.636,41.68650
644.967,41.63650
645.298,41.63650
645.630,41.35650
645.961,41.35650
646.292,41.03700
646.623,41.03700
646.954,41.73650
647.285,41.53750
647.616,41.79700
647.947,41.21700
648.278,41.21700
648.609,41.21700
648.940,41.05650
649.270,40.71700
649.601,40.71700
649.932,40.41700
650.262,40.41700
650.593,40.40700
650.923,40.35650
651.254,40.35650
651.584,40.35650
651.915,40.59650
652.245,40.35700
652.575,40.49700
652.905,39.80650
653.236,40.12650
653.566,40.12650
653.896,40.12650
654.226,39.89700
654.556,39.89700
654.886,39.56700
655.216,39.41550
655.546,39.61700
655.875,39.41550
656.205,38.34900
656.535,38.41650
656.865,39.60650
657.194,38.63650
657.524,38.63650
657.853,38.63650
658.183,38.83650
658.512,37.87000
658.842,37.49700
659.171,37.46650
659.500,37.46650
659.830,37.30750
660.159,36.69950
660.488,36.69950
660.817,36.41650
661.146,36.60350
661.475,36.41650
661.804,35.92650
662.133,35.92650
662.462,35.59000
662.791,35.62700
663.120,35.32550
663.448,34.86900
663.777,34.86900
664.106,34.84450
664.434,34.71000
664.763,33.73700
665.091,33.33650
665.420,32.82650
665.748,32.68650
666.077,32.61450
666.405,32.59750
666.733,32.61450
667.062,32.33550
667.390,32.02350
667.718,31.55550
668.046,31.31750
668.374,31.31750
668.702,31.31750
669.030,32.24000
669.358,36.36550
669.686,41.53550
670.014,41.53550
670.341,41.53550
670.669,40.23550
670.997,36.82550
671.324,35.15550
671.652,32.81650
671.980,31.50650
672.307,29.12750
672.634,28.03750
672.962,27.26650
673.289,26.42550
673.616,26.39650
673.944,25.01900
674.271,24.53700
674.598,24.51700
674.925,24.52700
675.252,24.23650
675.579,24.17650
675.906,23.84650
676.233,23.84650
676.560,23.44750
676.887,23.11550
677.214,21.82000
677.540,21.88700
677.867,21.88700
678.194,21.52650
678.520,21.33650
678.847,20.94450
679.173,20.29650
679.500,20.34650
679.826,20.33350
680.153,18.99000
680.479,19.20650
680.805,19.22650
681.131,18.29000
681.458,18.62550
681.784,18.33650
682.110,18.13550
682.436,18.13550
682.762,17.49550
683.088,17.33550
683.414,17.35000
683.740,16.70000
684.065,16.96750
684.391,16.56650
684.717,15.81900
685.042,15.77900
685.368,15.18450
685.694,15.18450
686.019,15.29500
686.345,14.59650
686.670,14.42550
686.995,14.37650
687.321,13.57650
687.646,13.57650
687.971,14.32700
688.296,14.60650
688.622,13.51900
688.947,13.01700
689.272,12.50000
689.597,13.19650
689.922,13.24550
690.247,13.19650
690.572,12.59550
690.896,12.36700
691.221,12.07650
691.546,12.00550
691.870,12.00550
692.195,10.98650
692.520,10.98650
692.844,10.89650
693.169,10.89650
693.493,11.07650
693.817,10.71700
694.142,10.61750
694.466,10.37650
694.790,10.37650
695.115,10.14650
695.439,9.82200
695.763,9.97000
696.087,9.86350
696.411,9.57700
696.735,9.75250
697.059,9.33650
697.383,9.29550
697.707,9.26350
698.030,8.84650
698.354,8.60650
698.678,8.69550
699.001,8.51650
699.325,8.38700
699.648,8.29750
699.972,8.28650
700.295,8.28650
700.619,8.03550
700.942,7.94550
701.265,8.03550
701.589,8.12650
701.912,8.00700
702.235,8.16900
702.558,7.83700
702.881,7.41500
703.204,7.43650
703.527,7.27350
703.850,7.30550
704.173,7.27350
704.496,7.40650
704.819,7.09700
705.141,6.78950
705.464,6.73000
705.787,6.83650
706.109,6.66550
706.432,6.66550
706.754,6.57700
707.077,6.52700
707.399,6.52700
707.722,5.59550
708.044,5.80700
708.366,5.80650
708.688,6.32700
709.011,6.35700
709.333,6.32700
709.655,5.98750
709.977,5.72550
710.299,5.97000
710.621,5.76350
710.943,5.76350
711.264,5.63650
711.586,5.61550
711.908,5.63650
712.230,5.75700
712.551,5.84350
712.873,5.22700
713.194,5.74650
713.516,5.22700
713.837,5.22700
714.159,5.43650
714.480,5.13900
714.802,5.41650
715.123,5.25350
715.444,5.19750
715.765,5.34650
716.086,5.13650
716.407,4.88650
716.728,5.13650
717.049,5.17650
717.370,5.06650
717.691,4.99700
718.012,4.51650
718.333,4.81350
718.654,4.69650
718.974,4.72750
719.295,4.78550
719.615,4.85700
719.936,4.41650
720.257,4.61900
720.577,4.56750
720.898,4.43750
721.218,4.36350
721.538,4.57650
721.858,4.45900
722.179,4.37550
722.499,3.89750
722.819,3.63700
723.139,3.62550
723.459,3.72650
723.779,3.57700
724.099,3.89700
724.419,4.01500
724.739,3.68750
725.058,3.72750
725.378,3.75650
725.698,3.90700
726.018,3.83750
726.337,3.52500
726.657,3.23700
726.976,3.19650
727.296,3.23700
727.615,3.44700
727.934,3.14200
728.254,3.14200
728.573,2.88250
728.892,2.88250
729.212,2.53950
729.531,2.41450
729.850,2.25650
730.169,2.26700
730.488,2.43550
730.807,2.26700
731.125,2.02750
731.444,1.99700
731.763,1.82350
732.082,2.06550
732.401,1.98550
732.719,1.90650
733.038,1.87650
733.356,1.48650
733.675,1.45700
733.993,1.27700
734.312,1.11650
734.630,1.24550
734.948,1.11650
735.267,0.95550
735.585,0.46650
735.903,0.37750
736.221,0.37750
736.539,0.25550
736.857,-0.01350
737.175,-0.21750
737.493,0.00000
737.811,-0.21750
738.129,-0.20350
738.447,-0.37300
738.764,-0.69100
739.082,-0.76350
739.400,-0.89300
739.717,-0.85350
740.035,-1.42450
740.352,-1.83300
740.670,-2.04000
740.987,-1.87300
741.305,-1.82300
741.622,-2.45350
741.939,-2.43300
742.256,-2.99300
742.574,-3.17350
742.891,-3.14650
743.208,-3.14650
743.525,-3.50100
743.842,-3.26550
744.159,-3.81450
744.476,-3.95100
744.792,-4.08350
745.109,-4.20300
745.426,-4.48350
745.743,-4.48650
746.059,-4.51650
746.376,-4.59350
746.692,-4.79450
747.009,-4.71300
747.325,-4.66300
747.642,-5.21300
747.958,-5.63650
748.274,-5.99250
748.591,-5.79650
748.907,-5.66000
749.223,-5.79650
749.539,-5.92450
749.855,-6.14300
750.171,-6.12450
750.487,-6.16000
750.803,-6.39350
751.119,-6.25300
751.435,-6.39300
751.750,-6.39300
752.066,-6.59350
752.382,-6.33350
752.697,-6.68300
753.013,-6.72100
753.328,-6.80300
753.644,-6.55350
753.959,-6.59350
754.275,-6.66550
754.590,-6.59300
754.905,-6.96250
755.221,-6.94500
755.536,-6.94500
755.851,-6.87250
756.166,-7.07350
756.481,-7.00250
756.796,-6.92500
757.111,-7.04450
757.426,-7.15300
757.741,-7.14350
758.056,-6.88000
758.370,-7.32300
758.685,-6.87300
759.000,-7.03350
759.314,-7.38300
759.629,-7.39450
759.943,-7.41300
760.258,-7.58550
760.572,-7.32350
760.887,-7.38350
761.201,-7.64405
761.515,-8.00589
761.830,-7.76051
762.144,-7.69760
762.458,-8.32112
762.772,-8.32193
763.086,-8.29843
763.400,-8.46563
763.714,-8.82274
764.028,-9.01996
764.342,-9.04046
764.655,-9.05766
764.969,-9.51968
765.283,-9.32525
765.596,-9.59071
765.910,-9.63000
766.224,-9.71704
766.537,-9.79822
766.851,-9.80601
767.164,-9.82802
767.477,-10.11445
767.791,-10.00959
768.104,-10.42234
768.417,-10.38765
768.730,-10.42112
769.043,-10.65445
769.356,-10.89183
769.669,-11.03244
769.982,-11.07879
770.295,-11.09371
770.608,-11.38862
770.921,-11.38552
771.234,-11.49257
771.547,-11.50416
771.859,-11.66638
772.172,-11.76003
772.484,-12.02246
772.797,-12.05979
773.109,-12.03997
773.422,-12.05008
773.734,-12.56829
774.047,-12.52080
774.359,-12.67547
774.671,-12.53883
774.983,-12.83419
775.295,-13.00100
775.607,-13.16350
775.919,-13.23650
776.231,-13.31050
776.543,-13.36800
776.855,-13.30350
777.167,-13.93050
777.479,-13.93350
777.791,-14.15300
778.102,-14.20300
778.414,-14.35450
778.726,-14.17100
779.037,-13.99450
779.349,-14.19450
779.660,-14.24650
779.972,-14.24300
780.283,-14.85350
780.594,-15.09450
780.906,-14.80650
781.217,-15.17450
781.528,-15.00300
781.839,-14.97350
782.150,-15.21650
782.461,-15.30250
782.772,-15.66300
783.083,-15.71300
783.394,-15.55350
783.705,-15.39450
784.016,-15.73350
784.326,-15.75300
784.637,-15.83100
784.948,-15.88300
785.258,-15.67350
785.569,-15.84300
785.879,-15.99300
786.190,-15.78500
786.500,-16.26650
786.810,-16.25300
787.121,-16.33350
787.431,-16.23450
787.741,-16.65350
788.051,-16.39300
788.361,-16.54350
788.671,-16.92300
788.981,-16.88350
789.291,-16.85450
789.601,-16.90450
789.911,-16.93300
790.221,-16.86000
790.531,-16.83450
790.840,-17.13300
791.150,-17.16000
791.460,-17.13650
791.769,-17.27350
792.079,-17.18350
792.388,-17.57450
792.698,-17.57350
793.007,-17.33350
793.316,-17.34650
793.625,-17.63450
793.935,-17.82050
794.244,-17.74450
794.553,-17.81250
794.862,-17.81000
795.171,-17.77450
795.480,-17.96050
795.789,-17.94300
796.098,-18.19250
796.407,-17.99300
796.716,-17.96000
797.024,-17.97300
797.333,-18.02300
797.641,-18.19300
797.950,-18.20350
798.259,-18.17000
798.567,-18.33650
798.875,-18.50300
799.184,-18.43250
799.492,-18.38450
799.801,-18.72450
800.109,-18.64650
800.417,-18.41250
800.725,-18.86450
801.033,-19.04350
801.341,-19.01450
801.649,-19.08350
801.957,-18.86450
802.265,-18.87250
802.573,-19.03300
802.881,-18.96050
803.188,-18.85450
803.496,-19.12000
803.804,-19.12750
804.111,-19.12100
804.419,-19.21550
804.726,-19.29100
805.034,-19.20650
805.341,-19.28350
805.649,-19.35300
805.956,-19.19100
806.263,-19.53300
806.570,-19.58750
806.878,-19.47300
807.185,-19.38300
807.492,-19.51300
807.799,-19.73750
808.106,-19.83350
808.413,-19.66250
808.719,-19.69250
809.026,-19.64350
809.333,-19.67350
809.640,-19.72350
809.946,-19.90000
810.253,-19.87100
810.559,-19.80000
810.866,-19.65350
811.173,-19.95100
811.479,-19.94250
811.785,-19.71300
812.092,-20.03300
812.398,-20.25650
812.704,-20.25350
813.010,-20.11350
813.316,-20.07350
813.622,-20.02350
813.928,-20.31300
814.235,-20.22450
814.540,-20.17300
814.846,-20.29000
815.152,-20.35300
815.458,-20.19350
815.764,-20.26000
816.069,-20.33350
816.375,-20.23250
816.681,-20.47300
816.986,-20.51350
817.292,-20.58350
817.597,-20.57350
817.902,-20.59300
818.208,-20.60450
818.513,-20.41350
818.818,-20.70350
819.123,-20.73250
819.428,-20.76300
819.734,-20.89300
820.039,-20.98350
820.343,-20.86000
820.649,-20.97350
820.953,-20.89100
821.258,-20.95300
821.563,-21.03500
821.868,-20.87450
822.172,-20.91450
822.477,-21.00250
822.782,-21.02100
823.086,-20.95450
823.391,-21.37450
823.695,-21.45300
824.000,-21.36300
824.304,-21.38350
824.608,-21.18350
824.912,-21.15450
825.217,-21.41250
825.521,-21.37350
825.825,-21.43100
826.129,-21.49500
826.433,-21.40450
826.737,-21.47450
827.041,-21.52350
827.345,-21.50350
827.648,-21.61450
827.952,-21.56000
828.256,-21.68350
828.559,-21.91350
828.863,-21.94500
829.167,-21.55000
829.470,-21.61350
829.774,-21.72000
830.077,-21.56350
830.380,-21.68300
830.684,-21.85350
830.987,-21.80350
831.290,-21.84650
831.593,-22.00350
831.896,-22.10300
832.199,-21.99300
832.502,-21.97450
832.805,-22.14350
833.108,-22.23350
833.411,-22.24000
833.714,-22.25300
834.017,-22.03300
834.319,-22.15650
834.622,-22.28450
834.925,-22.24050
835.227,-22.14000
835.530,-22.23300
835.832,-22.49750
836.135,-22.54350
836.437,-22.50300
836.739,-22.39000
837.042,-22.26300
837.344,-22.33300
837.646,-22.58450
837.948,-22.52450
838.250,-22.71350
838.552,-22.90300
838.854,-22.70300
839.156,-22.78650
839.458,-22.74300
839.760,-22.77650
840.061,-22.85550
840.363,-22.84750
840.665,-23.06350
840.966,-23.18000
841.268,-23.31450
841.569,-23.25350
841.871,-23.23450
842.172,-23.15300
842.474,-23.14450
842.775,-23.21300
843.076,-23.28300
843.377,-23.28100
843.679,-23.17300
843.980,-23.08350
844.281,-23.15450
844.582,-23.36350
844.883,-23.38250
845.184,-23.47450
845.485,-23.58100
845.785,-23.62450
846.086,-23.62350
846.387,-23.60300
846.687,-23.70350
846.988,-23.68350
847.289,-23.61800
847.589,-23.55450
847.890,-23.60450
848.190,-23.74800
848.490,-23.85450
848.791,-23.96250
849.091,-24.03350
849.391,-23.99250
849.691,-24.00300
849.991,-24.07650
850.292,-24.13450
850.591,-24.07350
850.891,-24.08350
851.191,-24.13300
851.491,-24.32250
851.791,-24.18100
852.091,-24.36350
852.390,-24.46300
852.690,-24.36100
852.990,-24.48000
853.289,-24.34650
853.589,-24.40000
853.888,-24.41650
854.188,-24.43350
854.487,-24.49300
854.786,-24.60300
855.086,-24.51350
855.385,-24.58450
855.684,-24.56350
855.983,-24.61000
856.282,-24.66300
856.581,-24.76350
856.880,-24.92300
857.179,-24.98250
857.478,-24.85650
857.777,-24.82000
858.076,-24.82450
858.374,-25.01000
858.673,-25.10350
858.972,-24.97350
859.270,-24.94800
859.569,-24.94350
859.867,-25.03500
860.165,-25.16650
860.464,-25.19450
860.762,-25.25350
861.060,-25.21650
861.359,-25.33350
861.657,-25.21750
861.955,-25.22250
862.253,-25.48300
862.551,-25.42300
862.849,-25.38300
863.147,-25.50250
863.445,-25.45650
863.742,-25.32350
864.040,-25.36100
864.338,-25.54450
864.636,-25.51450
864.933,-25.63450
865.231,-25.64000
865.528,-25.73350
865.826,-25.71350
866.123,-25.67450
866.420,-25.58450
866.718,-25.76300
867.015,-25.77000
867.312,-25.76300
867.609,-25.67300
867.907,-25.86350
868.204,-26.00350
868.501,-25.96350
868.798,-25.83300
869.095,-25.94350
869.391,-26.09450
869.688,-26.16450
869.985,-26.01000
870.282,-26.09450
870.578,-26.22000
870.875,-26.17650
871.171,-26.07350
871.468,-26.28350
871.764,-26.31350
872.061,-26.33300
872.357,-26.40350
872.653,-26.28250
872.950,-26.20350
873.246,-26.21300
873.542,-26.26350
873.838,-26.20300
874.134,-26.33350
874.430,-26.49300
874.726,-26.71350
875.022,-26.43300
875.318,-26.37100
875.614,-26.41350
875.909,-26.46800
876.205,-26.62100
876.501,-26.61350
876.796,-26.50300
877.092,-26.27350
