wavelength_nm,intensity_counts
176.507,-2.54545
176.894,-0.545455
177.281,0.454545
177.667,1.45455
178.054,-0.545455
178.44,-1.54545
178.826,-0.545455
179.213,0.454545
179.599,1.45455
179.986,1.45455
180.372,0.454545
180.758,0.454545
181.144,1.45455
181.53,2.45455
181.917,3.45455
182.303,1.45455
182.689,0.454545
183.075,2.45455
183.461,3.45455
183.847,1.45455
184.232,0.454545
184.618,0.454545
185.004,0.454545
185.39,0.454545
185.776,2.45455
186.161,1.45455
186.547,1.45455
186.933,1.45455
187.318,1.45455
187.704,2.45455
188.089,1.45455
188.475,1.45455
188.86,0.454545
189.246,-0.545455
189.631,2.45455
190.016,3.45455
190.401,2.45455
190.787,2.45455
191.172,2.45455
191.557,1.45455
191.942,0.454545
192.327,1.45455
192.712,2.45455
193.097,1.45455
193.482,2.45455
193.867,3.45455
194.252,2.45455
194.637,2.45455
195.022,2.45455
195.406,1.45455
195.791,2.45455
196.176,3.45455
196.56,2.45455
196.945,4.45455
197.33,3.45455
197.714,1.45455
198.099,1.45455
198.483,2.45455
198.867,1.45455
199.252,0.454545
199.636,0.454545
200.02,0.454545
200.405,1.45455
200.789,1.45455
201.173,1.45455
201.557,1.45455
201.941,2.45455
202.325,2.45455
202.709,2.45455
203.093,3.45455
203.477,2.45455
203.861,2.45455
204.245,3.45455
204.629,4.45455
205.013,3.45455
205.396,4.45455
205.78,3.45455
206.164,1.45455
206.547,1.45455
206.931,2.45455
207.315,2.45455
207.698,4.45455
208.082,4.45455
208.465,2.45455
208.848,2.45455
209.232,2.45455
209.615,2.45455
209.998,3.45455
210.382,2.45455
210.765,2.45455
211.148,4.45455
211.531,3.45455
211.914,4.45455
212.297,4.45455
212.68,4.45455
213.063,3.45455
213.446,2.45455
213.829,3.45455
214.212,4.45455
214.595,3.45455
214.977,2.45455
215.36,1.45455
215.743,0.454545
216.125,2.45455
216.508,2.45455
216.891,1.45455
217.273,2.45455
217.656,1.45455
218.038,3.45455
218.42,3.45455
218.803,6.45455
219.185,5.45455
219.567,7.45455
219.95,6.45455
220.332,6.45455
220.714,5.45455
221.096,3.45455
221.478,4.45455
221.86,4.45455
222.242,2.45455
222.624,2.45455
223.006,3.45455
223.388,3.45455
223.77,3.45455
224.152,2.45455
224.534,1.45455
224.915,3.45455
225.297,4.45455
225.679,3.45455
226.06,3.45455
226.442,2.45455
226.823,4.45455
227.205,5.45455
227.586,5.45455
227.968,4.45455
228.349,5.45455
228.731,5.45455
229.112,2.45455
229.493,3.45455
229.874,4.45455
230.256,4.45455
230.637,4.45455
231.018,3.45455
231.399,4.45455
231.78,4.45455
232.161,3.45455
232.542,1.45455
232.923,2.45455
233.304,3.45455
233.685,5.45455
234.065,4.45455
234.446,4.45455
234.827,6.45455
235.207,5.45455
235.588,3.45455
235.969,3.45455
236.349,5.45455
236.73,3.45455
237.11,2.45455
237.491,3.45455
237.871,3.45455
238.251,4.45455
238.632,5.45455
239.012,5.45455
239.392,5.45455
239.772,4.45455
240.153,4.45455
240.533,6.45455
240.913,6.45455
241.293,5.45455
241.673,3.45455
242.053,4.45455
242.433,5.45455
242.813,4.45455
243.192,4.45455
243.572,5.45455
243.952,7.45455
244.332,6.45455
244.711,4.45455
245.091,4.45455
245.471,4.45455
245.85,4.45455
246.23,3.45455
246.609,3.45455
246.989,4.45455
247.368,4.45455
247.747,4.45455
248.127,3.45455
248.506,4.45455
248.885,5.45455
249.264,5.45455
249.644,5.45455
250.023,3.45455
250.402,4.45455
250.781,5.45455
251.16,5.45455
251.539,4.45455
251.918,3.45455
252.297,4.45455
252.675,6.45455
253.054,7.45455
253.433,5.45455
253.812,4.45455
254.19,5.45455
254.569,5.45455
254.948,4.45455
255.326,4.45455
255.705,5.45455
256.083,5.45455
256.462,4.45455
256.84,5.45455
257.218,5.45455
257.597,4.45455
257.975,3.45455
258.353,2.45455
258.732,2.45455
259.11,4.45455
259.488,4.45455
259.866,3.45455
260.244,5.45455
260.622,5.45455
261,3.45455
261.378,3.45455
261.756,3.45455
262.134,5.45455
262.511,6.45455
262.889,4.45455
263.267,5.45455
263.645,7.45455
264.022,6.45455
264.4,5.45455
264.777,4.45455
265.155,5.45455
265.532,6.45455
265.91,6.45455
266.287,4.45455
266.665,4.45455
267.042,5.45455
267.419,3.45455
267.796,1.45455
268.174,3.45455
268.551,4.45455
268.928,4.45455
269.305,5.45455
269.682,5.45455
270.059,3.45455
270.436,3.45455
270.813,3.45455
271.19,3.45455
271.567,5.45455
271.944,5.45455
272.32,5.45455
272.697,4.45455
273.074,2.45455
273.45,2.45455
273.827,3.45455
274.203,5.45455
274.58,6.45455
274.956,7.45455
275.333,7.45455
275.709,7.45455
276.086,6.45455
276.462,6.45455
276.838,5.45455
277.215,6.45455
277.591,5.45455
277.967,4.45455
278.343,3.45455
278.719,5.45455
279.095,6.45455
279.471,5.45455
279.847,5.45455
280.223,5.45455
280.599,3.45455
280.975,5.45455
281.351,5.45455
281.726,4.45455
282.102,3.45455
282.478,5.45455
282.853,4.45455
283.229,3.45455
283.604,4.45455
283.98,4.45455
284.355,3.45455
284.731,2.45455
285.106,4.45455
285.482,6.45455
285.857,5.45455
286.232,4.45455
286.607,5.45455
286.983,4.45455
287.358,3.45455
287.733,2.45455
288.108,3.45455
288.483,5.45455
288.858,4.45455
289.233,4.45455
289.608,3.45455
289.983,5.45455
290.358,5.45455
290.732,4.45455
291.107,4.45455
291.482,5.45455
291.856,5.45455
292.231,4.45455
292.606,4.45455
292.98,5.45455
293.355,6.45455
293.729,5.45455
294.104,6.45455
294.478,7.45455
294.852,7.45455
295.227,6.45455
295.601,7.45455
295.975,6.45455
296.349,5.45455
296.723,4.45455
297.097,5.45455
297.472,5.45455
297.846,6.45455
298.22,5.45455
298.593,6.45455
298.967,6.45455
299.341,5.45455
299.715,4.45455
300.089,4.45455
300.463,5.45455
300.836,4.45455
301.21,5.45455
301.584,6.45455
301.957,6.45455
302.331,5.45455
302.704,2.45455
303.078,1.45455
303.451,1.45455
303.824,3.45455
304.198,5.45455
304.571,5.45455
304.944,6.45455
305.317,6.45455
305.691,5.45455
306.064,6.45455
306.437,4.45455
306.81,2.45455
307.183,3.45455
307.556,4.45455
307.929,3.45455
308.302,2.45455
308.674,2.45455
309.047,4.45455
309.42,6.45455
309.793,5.45455
310.165,4.45455
310.538,6.45455
310.911,5.45455
311.283,6.45455
311.656,5.45455
312.028,3.45455
312.401,5.45455
312.773,6.45455
313.145,4.45455
313.518,4.45455
313.89,4.45455
314.262,4.45455
314.634,4.45455
315.006,3.45455
315.379,6.45455
315.751,6.45455
316.123,4.45455
316.495,3.45455
316.867,3.45455
317.238,5.45455
317.61,6.45455
317.982,6.45455
318.354,6.45455
318.726,6.45455
319.097,5.45455
319.469,4.45455
319.841,4.45455
320.212,4.45455
320.584,4.45455
320.955,4.45455
321.327,4.45455
321.698,3.45455
322.069,4.45455
322.441,5.45455
322.812,5.45455
323.183,5.45455
323.554,4.45455
323.926,4.45455
324.297,2.45455
324.668,1.45455
325.039,3.45455
325.41,4.45455
325.781,7.45455
326.152,6.45455
326.523,6.45455
326.893,6.45455
327.264,5.45455
327.635,3.45455
328.006,3.45455
328.376,3.45455
328.747,5.45455
329.118,4.45455
329.488,4.45455
329.859,5.45455
330.229,6.45455
330.6,6.45455
330.97,6.45455
331.34,5.45455
331.711,3.45455
332.081,4.45455
332.451,3.45455
332.821,3.45455
333.191,5.45455
333.561,4.45455
333.932,4.45455
334.302,4.45455
334.672,5.45455
335.041,4.45455
335.411,6.45455
335.781,6.45455
336.151,5.45455
336.521,5.45455
336.89,6.45455
337.26,6.45455
337.63,5.45455
337.999,4.45455
338.369,2.45455
338.738,4.45455
339.108,5.45455
339.477,5.45455
339.847,5.45455
340.216,5.45455
340.585,4.45455
340.955,5.45455
341.324,5.45455
341.693,5.45455
342.062,6.45455
342.431,5.45455
342.8,3.45455
343.17,6.45455
343.538,6.45455
343.907,5.45455
344.276,3.45455
344.645,3.45455
345.014,3.45455
345.383,4.45455
345.752,3.45455
346.12,4.45455
346.489,6.45455
346.857,4.45455
347.226,1.45455
347.595,2.45455
347.963,4.45455
348.332,6.45455
348.7,6.45455
349.068,5.45455
349.437,5.45455
349.805,4.45455
350.173,5.45455
350.541,7.45455
350.909,5.45455
351.278,2.45455
351.646,2.45455
352.014,3.45455
352.382,3.45455
352.75,3.45455
353.118,5.45455
353.485,6.45455
353.853,5.45455
354.221,6.45455
354.589,6.45455
354.956,5.45455
355.324,5.45455
355.692,7.45455
356.059,5.45455
356.427,4.45455
356.794,4.45455
357.162,4.45455
357.529,5.45455
357.897,4.45455
358.264,4.45455
358.631,4.45455
358.998,4.45455
359.366,5.45455
359.733,5.45455
360.1,6.45455
360.467,5.45455
360.834,5.45455
361.201,5.45455
361.568,4.45455
361.935,5.45455
362.302,5.45455
362.669,4.45455
363.035,4.45455
363.402,6.45455
363.769,5.45455
364.135,5.45455
364.502,5.45455
364.869,6.45455
365.235,6.45455
365.602,5.45455
365.968,4.45455
366.335,5.45455
366.701,5.45455
367.067,6.45455
367.434,4.45455
367.8,4.45455
368.166,5.45455
368.532,8.45455
368.898,5.45455
369.264,3.45455
369.63,3.45455
369.996,3.45455
370.362,2.45455
370.728,2.45455
371.094,2.45455
371.46,5.45455
371.826,6.45455
372.192,6.45455
372.557,6.45455
372.923,5.45455
373.289,5.45455
373.654,3.45455
374.02,3.45455
374.385,6.45455
374.751,6.45455
375.116,5.45455
375.481,5.45455
375.847,5.45455
376.212,5.45455
376.577,5.45455
376.942,3.45455
377.308,3.45455
377.673,5.45455
378.038,6.45455
378.403,6.45455
378.768,5.45455
379.133,5.45455
379.498,6.45455
379.863,7.45455
380.227,7.45455
380.592,5.45455
380.957,5.45455
381.322,5.45455
381.686,4.45455
382.051,4.45455
382.415,4.45455
382.78,4.45455
383.144,6.45455
383.509,6.45455
383.873,5.45455
384.238,4.45455
384.602,5.45455
384.966,4.45455
385.331,4.45455
385.695,5.45455
386.059,4.45455
386.423,4.45455
386.787,4.45455
387.151,6.45455
387.515,5.45455
387.879,5.45455
388.243,5.45455
388.607,6.45455
388.971,7.45455
389.334,8.45455
389.698,6.45455
390.062,6.45455
390.425,5.45455
390.789,4.45455
391.153,6.45455
391.516,8.45455
391.88,6.45455
392.243,5.45455
392.607,3.45455
392.97,3.45455
393.333,4.45455
393.696,4.45455
394.06,4.45455
394.423,6.45455
394.786,5.45455
395.149,5.45455
395.512,5.45455
395.875,6.45455
396.238,6.45455
396.601,5.45455
396.964,5.45455
397.327,3.45455
397.69,5.45455
398.052,8.45455
398.415,7.45455
398.778,7.45455
399.141,7.45455
399.503,6.45455
399.866,6.45455
400.228,7.45455
400.591,6.45455
400.953,3.45455
401.315,7.45455
401.678,7.45455
402.04,5.45455
402.402,4.45455
402.765,5.45455
403.127,5.45455
403.489,7.45455
403.851,5.45455
404.213,5.45455
404.575,6.45455
404.937,5.45455
405.299,5.45455
405.661,7.45455
406.023,6.45455
406.384,6.45455
406.746,7.45455
407.108,8.45455
407.47,5.45455
407.831,5.45455
408.193,5.45455
408.554,6.45455
408.916,4.45455
409.277,4.45455
409.639,5.45455
410,7.45455
410.361,7.45455
410.723,5.45455
411.084,5.45455
411.445,5.45455
411.806,6.45455
412.167,6.45455
412.529,6.45455
412.89,6.45455
413.251,6.45455
413.612,7.45455
413.972,6.45455
414.333,6.45455
414.694,6.45455
415.055,6.45455
415.416,5.45455
415.776,4.45455
416.137,5.45455
416.498,5.45455
416.858,4.45455
417.219,5.45455
417.579,6.45455
417.94,5.45455
418.3,5.45455
418.66,5.45455
419.021,5.45455
419.381,4.45455
419.741,5.45455
420.101,6.45455
420.462,7.45455
420.822,8.45455
421.182,7.45455
421.542,8.45455
421.902,9.45455
422.262,9.45455
422.622,9.45455
422.981,6.45455
423.341,6.45455
423.701,5.45455
424.061,7.45455
424.42,7.45455
424.78,6.45455
425.14,7.45455
425.499,6.45455
425.859,6.45455
426.218,6.45455
426.577,5.45455
426.937,5.45455
427.296,6.45455
427.656,9.45455
428.015,9.45455
428.374,7.45455
428.733,4.45455
429.092,5.45455
429.451,6.45455
429.81,6.45455
430.169,5.45455
430.528,2.45455
430.887,4.45455
431.246,6.45455
431.605,5.45455
431.964,5.45455
432.322,6.45455
432.681,6.45455
433.04,5.45455
433.398,6.45455
433.757,6.45455
434.115,5.45455
434.474,6.45455
434.832,6.45455
435.191,5.45455
435.549,5.45455
435.907,5.45455
436.266,5.45455
436.624,6.45455
436.982,7.45455
437.34,5.45455
437.698,4.45455
438.056,5.45455
438.414,6.45455
438.772,5.45455
439.13,6.45455
439.488,7.45455
439.846,6.45455
440.204,5.45455
440.562,6.45455
440.919,6.45455
441.277,5.45455
441.635,3.45455
441.992,3.45455
442.35,3.45455
442.707,4.45455
443.065,5.45455
443.422,8.45455
443.78,7.45455
444.137,5.45455
444.494,3.45455
444.851,3.45455
445.209,4.45455
445.566,5.45455
445.923,5.45455
446.28,6.45455
446.637,5.45455
446.994,5.45455
447.351,5.45455
447.708,6.45455
448.065,5.45455
448.421,3.45455
448.778,4.45455
449.135,5.45455
449.492,4.45455
449.848,2.45455
450.205,2.45455
450.561,3.45455
450.918,3.45455
451.274,3.45455
451.631,3.45455
451.987,4.45455
452.343,4.45455
452.7,6.45455
453.056,7.45455
453.412,5.45455
453.768,4.45455
454.125,6.45455
454.481,6.45455
454.837,5.45455
455.193,7.45455
455.549,6.45455
455.905,6.45455
456.26,5.45455
456.616,6.45455
456.972,6.45455
457.328,5.45455
457.683,5.45455
458.039,5.45455
458.395,3.45455
458.75,2.45455
459.106,3.45455
459.461,5.45455
459.817,4.45455
460.172,5.45455
460.527,6.45455
460.883,4.45455
461.238,3.45455
461.593,4.45455
461.948,4.45455
462.303,5.45455
462.659,5.45455
463.014,4.45455
463.369,5.45455
463.724,4.45455
464.079,4.45455
464.433,3.45455
464.788,3.45455
465.143,4.45455
465.498,5.45455
465.852,5.45455
466.207,4.45455
466.562,2.45455
466.916,3.45455
467.271,4.45455
467.625,4.45455
467.98,5.45455
468.334,6.45455
468.688,5.45455
469.043,2.45455
469.397,2.45455
469.751,3.45455
470.105,4.45455
470.46,5.45455
470.814,6.45455
471.168,6.45455
471.522,4.45455
471.876,4.45455
472.23,5.45455
472.584,6.45455
472.937,6.45455
473.291,4.45455
473.645,5.45455
473.999,5.45455
474.352,6.45455
474.706,7.45455
475.059,5.45455
475.413,5.45455
475.766,5.45455
476.12,4.45455
476.473,4.45455
476.827,5.45455
477.18,5.45455
477.533,7.45455
477.886,7.45455
478.24,5.45455
478.593,5.45455
478.946,3.45455
479.299,4.45455
479.652,4.45455
480.005,3.45455
480.358,5.45455
480.711,6.45455
481.064,5.45455
481.416,6.45455
481.769,6.45455
482.122,4.45455
482.474,5.45455
482.827,6.45455
483.18,4.45455
483.532,4.45455
483.885,3.45455
484.237,3.45455
484.59,3.45455
484.942,5.45455
485.294,6.45455
485.646,4.45455
485.999,6.45455
486.351,8.45455
486.703,7.45455
487.055,3.45455
487.407,3.45455
487.759,5.45455
488.111,4.45455
488.463,6.45455
488.815,5.45455
489.167,4.45455
489.519,3.45455
489.87,4.45455
490.222,5.45455
490.574,5.45455
490.925,4.45455
491.277,4.45455
491.628,3.45455
491.98,2.45455
492.331,2.45455
492.683,3.45455
493.034,5.45455
493.385,5.45455
493.737,5.45455
494.088,5.45455
494.439,5.45455
494.79,3.45455
495.141,4.45455
495.492,4.45455
495.843,3.45455
496.194,4.45455
496.545,5.45455
496.896,5.45455
497.247,4.45455
497.598,5.45455
497.948,3.45455
498.299,3.45455
498.65,5.45455
499,6.45455
499.351,5.45455
499.701,2.45455
500.052,3.45455
500.402,4.45455
500.753,3.45455
501.103,2.45455
501.453,3.45455
501.804,3.45455
502.154,5.45455
502.504,6.45455
502.854,5.45455
503.204,5.45455
503.554,4.45455
503.904,3.45455
504.254,4.45455
504.604,5.45455
504.954,2.45455
505.304,4.45455
505.654,5.45455
506.003,3.45455
506.353,3.45455
506.703,4.45455
507.052,4.45455
507.402,4.45455
507.751,5.45455
508.101,5.45455
508.45,4.45455
508.8,3.45455
509.149,4.45455
509.498,5.45455
509.848,5.45455
510.197,7.45455
510.546,6.45455
510.895,6.45455
511.244,5.45455
511.593,4.45455
511.942,7.45455
512.291,8.45455
512.64,6.45455
512.989,4.45455
513.338,4.45455
513.686,7.45455
514.035,6.45455
514.384,4.45455
514.732,4.45455
515.081,4.45455
515.43,5.45455
515.778,4.45455
516.127,5.45455
516.475,5.45455
516.823,5.45455
517.172,3.45455
517.52,2.45455
517.868,5.45455
518.216,6.45455
518.565,6.45455
518.913,5.45455
519.261,4.45455
519.609,5.45455
519.957,5.45455
520.305,4.45455
520.653,4.45455
521,3.45455
521.348,2.45455
521.696,4.45455
522.044,5.45455
522.391,4.45455
522.739,4.45455
523.086,4.45455
523.434,4.45455
523.782,5.45455
524.129,5.45455
524.476,3.45455
524.824,3.45455
525.171,5.45455
525.518,8.45455
525.866,6.45455
526.213,5.45455
526.56,5.45455
526.907,5.45455
527.254,5.45455
527.601,5.45455
527.948,4.45455
528.295,3.45455
528.642,4.45455
528.989,5.45455
529.335,2.45455
529.682,3.45455
530.029,5.45455
530.375,5.45455
530.722,4.45455
531.069,5.45455
531.415,5.45455
531.762,5.45455
532.108,4.45455
532.454,4.45455
532.801,4.45455
533.147,3.45455
533.493,3.45455
533.839,4.45455
534.186,4.45455
534.532,4.45455
534.878,4.45455
535.224,5.45455
535.57,5.45455
535.916,5.45455
536.262,5.45455
536.607,7.45455
536.953,6.45455
537.299,4.45455
537.645,3.45455
537.99,4.45455
538.336,6.45455
538.682,6.45455
539.027,6.45455
539.373,4.45455
539.718,3.45455
540.064,5.45455
540.409,3.45455
540.754,3.45455
541.099,2.45455
541.445,3.45455
541.79,3.45455
542.135,4.45455
542.48,2.45455
542.825,3.45455
543.17,5.45455
543.515,5.45455
543.86,4.45455
544.205,6.45455
544.55,5.45455
544.895,2.45455
545.239,2.45455
545.584,4.45455
545.929,5.45455
546.273,5.45455
546.618,4.45455
546.962,4.45455
547.307,5.45455
547.651,5.45455
547.996,5.45455
548.34,5.45455
548.684,4.45455
549.028,3.45455
549.373,3.45455
549.717,6.45455
550.061,8.45455
550.405,6.45455
550.749,5.45455
551.093,5.45455
551.437,5.45455
551.781,4.45455
552.125,4.45455
552.468,4.45455
552.812,4.45455
553.156,5.45455
553.5,6.45455
553.843,6.45455
554.187,4.45455
554.53,2.45455
554.874,2.45455
555.217,3.45455
555.561,4.45455
555.904,4.45455
556.247,4.45455
556.591,3.45455
556.934,3.45455
557.277,3.45455
557.62,4.45455
557.963,7.45455
558.306,7.45455
558.649,4.45455
558.992,3.45455
559.335,5.45455
559.678,4.45455
560.021,6.45455
560.363,8.45455
560.706,6.45455
561.049,5.45455
561.392,4.45455
561.734,4.45455
562.077,3.45455
562.419,4.45455
562.762,5.45455
563.104,6.45455
563.446,6.45455
563.789,5.45455
564.131,4.45455
564.473,5.45455
564.815,4.45455
565.158,4.45455
565.5,5.45455
565.842,4.45455
566.184,4.45455
566.526,5.45455
566.868,6.45455
567.21,5.45455
567.551,4.45455
567.893,5.45455
568.235,5.45455
568.577,5.45455
568.918,5.45455
569.26,6.45455
569.601,6.45455
569.943,6.45455
570.284,7.45455
570.626,8.45455
570.967,7.45455
571.309,6.45455
571.65,4.45455
571.991,6.45455
572.332,8.45455
572.673,8.45455
573.015,8.45455
573.356,7.45455
573.697,7.45455
574.038,8.45455
574.378,7.45455
574.719,7.45455
575.06,7.45455
575.401,7.45455
575.742,9.45455
576.082,8.45455
576.423,8.45455
576.764,8.45455
577.104,13.4545
577.445,13.4545
577.785,14.4545
578.126,12.4545
578.466,10.4545
578.806,11.4545
579.147,11.4545
579.487,11.4545
579.827,12.4545
580.167,11.4545
580.508,13.4545
580.848,14.4545
581.188,11.4545
581.528,11.4545
581.868,14.4545
582.207,13.4545
582.547,14.4545
582.887,17.4545
583.227,17.4545
583.567,19.4545
583.906,23.4545
584.246,24.4545
584.585,24.4545
584.925,25.4545
585.264,30.4545
585.604,33.4545
585.943,35.4545
586.283,38.4545
586.622,57.4545
586.961,126.455
587.3,375.455
587.64,950.455
587.979,1905.45
588.318,2770.45
588.657,3212.45
588.996,3030.45
589.335,2499.45
589.674,1892.45
590.013,1371.45
590.351,982.455
590.69,673.455
591.029,433.455
591.367,253.455
591.706,141.455
592.045,89.4545
592.383,57.4545
592.722,45.4545
593.06,38.4545
593.399,35.4545
593.737,26.4545
594.075,23.4545
594.413,24.4545
594.752,22.4545
595.09,20.4545
595.428,19.4545
595.766,17.4545
596.104,18.4545
596.442,17.4545
596.78,18.4545
597.118,17.4545
597.456,14.4545
597.794,15.4545
598.131,16.4545
598.469,14.4545
598.807,13.4545
599.144,11.4545
599.482,12.4545
599.819,13.4545
600.157,13.4545
600.494,13.4545
600.832,12.4545
601.169,10.4545
601.506,10.4545
601.844,11.4545
602.181,9.45455
602.518,9.45455
602.855,9.45455
603.192,9.45455
603.529,8.45455
603.866,7.45455
604.203,7.45455
604.54,7.45455
604.877,6.45455
605.214,7.45455
605.551,9.45455
605.887,10.4545
606.224,9.45455
606.561,9.45455
606.897,10.4545
607.234,7.45455
607.57,3.45455
607.907,2.45455
608.243,6.45455
608.579,8.45455
608.916,10.4545
609.252,8.45455
609.588,7.45455
609.924,7.45455
610.261,5.45455
610.597,4.45455
610.933,5.45455
611.269,6.45455
611.605,5.45455
611.94,5.45455
612.276,6.45455
612.612,6.45455
612.948,5.45455
613.284,4.45455
613.619,4.45455
613.955,7.45455
614.29,7.45455
614.626,8.45455
614.961,6.45455
615.297,4.45455
615.632,5.45455
615.968,4.45455
616.303,4.45455
616.638,5.45455
616.973,5.45455
617.309,5.45455
617.644,6.45455
617.979,5.45455
618.314,4.45455
618.649,4.45455
618.984,3.45455
619.319,3.45455
619.653,5.45455
619.988,4.45455
620.323,4.45455
620.658,6.45455
620.992,6.45455
621.327,7.45455
621.662,8.45455
621.996,5.45455
622.331,4.45455
622.665,3.45455
622.999,3.45455
623.334,4.45455
623.668,4.45455
624.002,3.45455
624.336,4.45455
624.671,5.45455
625.005,4.45455
625.339,5.45455
625.673,3.45455
626.007,5.45455
626.341,4.45455
626.675,4.45455
627.008,4.45455
627.342,2.45455
627.676,3.45455
628.01,4.45455
628.343,3.45455
628.677,5.45455
629.01,5.45455
629.344,3.45455
629.677,3.45455
630.011,5.45455
630.344,5.45455
630.678,3.45455
631.011,3.45455
631.344,4.45455
631.677,4.45455
632.01,3.45455
632.343,4.45455
632.677,5.45455
633.01,5.45455
633.343,4.45455
633.675,3.45455
634.008,2.45455
634.341,4.45455
634.674,4.45455
635.007,4.45455
635.339,3.45455
635.672,3.45455
636.005,4.45455
636.337,4.45455
636.67,2.45455
637.002,2.45455
637.334,2.45455
637.667,2.45455
637.999,4.45455
638.331,3.45455
638.664,3.45455
638.996,3.45455
639.328,4.45455
639.66,3.45455
639.992,2.45455
640.324,1.45455
640.656,1.45455
640.988,3.45455
641.32,4.45455
641.652,3.45455
641.983,3.45455
642.315,3.45455
642.647,4.45455
642.978,6.45455
643.31,6.45455
643.641,5.45455
643.973,4.45455
644.304,2.45455
644.636,1.45455
644.967,2.45455
645.298,3.45455
645.63,3.45455
645.961,4.45455
646.292,3.45455
646.623,2.45455
646.954,3.45455
647.285,3.45455
647.616,4.45455
647.947,5.45455
648.278,5.45455
648.609,3.45455
648.94,2.45455
649.27,3.45455
649.601,4.45455
649.932,3.45455
650.262,1.45455
650.593,1.45455
650.923,1.45455
651.254,1.45455
651.584,1.45455
651.915,2.45455
652.245,4.45455
652.575,4.45455
652.905,3.45455
653.236,3.45455
653.566,5.45455
653.896,4.45455
654.226,3.45455
654.556,2.45455
654.886,3.45455
655.216,5.45455
655.546,5.45455
655.875,5.45455
656.205,5.45455
656.535,3.45455
656.865,3.45455
657.194,4.45455
657.524,3.45455
657.853,3.45455
658.183,3.45455
658.512,3.45455
658.842,4.45455
659.171,4.45455
659.5,3.45455
659.83,3.45455
660.159,3.45455
660.488,4.45455
660.817,4.45455
661.146,4.45455
661.475,2.45455
661.804,3.45455
662.133,4.45455
662.462,4.45455
662.791,3.45455
663.12,3.45455
663.448,2.45455
663.777,3.45455
664.106,2.45455
664.434,1.45455
664.763,1.45455
665.091,2.45455
665.42,1.45455
665.748,3.45455
666.077,3.45455
666.405,3.45455
666.733,3.45455
667.062,2.45455
667.39,1.45455
667.718,2.45455
668.046,2.45455
668.374,3.45455
668.702,4.45455
669.03,2.45455
669.358,1.45455
669.686,3.45455
670.014,2.45455
670.341,2.45455
670.669,2.45455
670.997,4.45455
671.324,3.45455
671.652,2.45455
671.979,2.45455
672.307,3.45455
672.634,5.45455
672.962,4.45455
673.289,6.45455
673.616,5.45455
673.944,4.45455
674.271,4.45455
674.598,4.45455
674.925,5.45455
675.252,4.45455
675.579,4.45455
675.906,3.45455
676.233,3.45455
676.56,4.45455
676.887,4.45455
677.214,4.45455
677.54,4.45455
677.867,5.45455
678.194,3.45455
678.52,2.45455
678.847,4.45455
679.173,3.45455
679.5,2.45455
679.826,2.45455
680.153,3.45455
680.479,3.45455
680.805,2.45455
681.131,2.45455
681.458,1.45455
681.784,1.45455
682.11,1.45455
682.436,-0.545455
682.762,1.45455
683.088,2.45455
683.414,2.45455
683.74,1.45455
684.065,0.454545
684.391,0.454545
684.717,1.45455
685.042,3.45455
685.368,3.45455
685.694,3.45455
686.019,4.45455
686.345,2.45455
686.67,2.45455
686.995,2.45455
687.321,2.45455
687.646,2.45455
687.971,2.45455
688.296,3.45455
688.622,4.45455
688.947,6.45455
689.272,5.45455
689.597,3.45455
689.922,2.45455
690.247,3.45455
690.571,3.45455
690.896,4.45455
691.221,4.45455
691.546,4.45455
691.87,4.45455
692.195,5.45455
692.52,3.45455
692.844,2.45455
693.169,3.45455
693.493,3.45455
693.817,2.45455
694.142,1.45455
694.466,2.45455
694.79,2.45455
695.115,2.45455
695.439,2.45455
695.763,2.45455
696.087,3.45455
696.411,4.45455
696.735,2.45455
697.059,2.45455
697.383,3.45455
697.706,2.45455
698.03,3.45455
698.354,4.45455
698.678,6.45455
699.001,3.45455
699.325,3.45455
699.648,3.45455
699.972,5.45455
700.295,7.45455
700.619,6.45455
700.942,4.45455
701.265,2.45455
701.589,3.45455
701.912,1.45455
702.235,-0.545455
702.558,1.45455
702.881,2.45455
703.204,1.45455
703.527,1.45455
703.85,3.45455
704.173,5.45455
704.496,5.45455
704.819,3.45455
705.141,2.45455
705.464,2.45455
705.787,1.45455
706.109,3.45455
706.432,2.45455
706.754,1.45455
707.077,1.45455
707.399,5.45455
707.722,5.45455
708.044,5.45455
708.366,5.45455
708.688,3.45455
709.011,6.45455
709.333,5.45455
709.655,1.45455
709.977,2.45455
710.299,3.45455
710.621,3.45455
710.943,1.45455
711.264,0.454545
711.586,1.45455
711.908,2.45455
712.23,3.45455
712.551,5.45455
712.873,5.45455
713.194,3.45455
713.516,2.45455
713.837,2.45455
714.159,3.45455
714.48,1.45455
714.802,2.45455
715.123,3.45455
715.444,4.45455
715.765,6.45455
716.086,6.45455
716.407,6.45455
716.728,4.45455
717.049,3.45455
717.37,3.45455
717.691,1.45455
718.012,0.454545
718.333,2.45455
718.654,4.45455
718.974,3.45455
719.295,3.45455
719.616,2.45455
719.936,1.45455
720.257,2.45455
720.577,3.45455
720.897,4.45455
721.218,5.45455
721.538,4.45455
721.858,3.45455
722.179,2.45455
722.499,1.45455
722.819,1.45455
723.139,-0.545455
723.459,0.454545
723.779,0.454545
724.099,1.45455
724.419,3.45455
724.739,3.45455
725.059,2.45455
725.378,3.45455
725.698,2.45455
726.018,3.45455
726.337,5.45455
726.657,3.45455
726.976,3.45455
727.296,1.45455
727.615,2.45455
727.935,2.45455
728.254,2.45455
728.573,3.45455
728.892,3.45455
729.211,1.45455
729.531,3.45455
729.85,3.45455
730.169,2.45455
730.488,3.45455
730.807,1.45455
731.126,2.45455
731.444,4.45455
731.763,4.45455
732.082,5.45455
732.401,5.45455
732.719,3.45455
733.038,3.45455
733.356,2.45455
733.675,1.45455
733.993,2.45455
734.312,2.45455
734.63,1.45455
734.948,2.45455
735.267,4.45455
735.585,2.45455
735.903,1.45455
736.221,3.45455
736.539,3.45455
736.857,1.45455
737.175,1.45455
737.493,1.45455
737.811,2.45455
738.129,4.45455
738.447,5.45455
738.764,4.45455
739.082,3.45455
739.4,2.45455
739.717,1.45455
740.035,2.45455
740.352,1.45455
740.67,1.45455
740.987,1.45455
741.305,3.45455
741.622,4.45455
741.939,6.45455
742.256,5.45455
742.574,2.45455
742.891,2.45455
743.208,1.45455
743.525,2.45455
743.842,2.45455
744.159,0.454545
744.476,1.45455
744.792,2.45455
745.109,4.45455
745.426,5.45455
745.743,3.45455
746.059,2.45455
746.376,1.45455
746.692,1.45455
747.009,1.45455
747.325,3.45455
747.642,3.45455
747.958,5.45455
748.274,5.45455
748.591,5.45455
748.907,4.45455
749.223,5.45455
749.539,5.45455
749.855,5.45455
750.171,5.45455
750.487,3.45455
750.803,3.45455
751.119,2.45455
751.435,2.45455
751.75,4.45455
752.066,3.45455
752.382,1.45455
752.697,1.45455
753.013,2.45455
753.329,4.45455
753.644,4.45455
753.959,3.45455
754.275,2.45455
754.59,3.45455
754.905,3.45455
755.221,4.45455
755.536,4.45455
755.851,4.45455
756.166,3.45455
756.481,3.45455
756.796,1.45455
757.111,2.45455
757.426,1.45455
757.741,1.45455
758.056,2.45455
758.37,-0.545455
758.685,1.45455
759,1.45455
759.314,3.45455
759.629,3.45455
759.943,3.45455
760.258,4.45455
760.572,4.45455
760.887,2.45455
761.201,2.45455
761.515,3.45455
761.83,4.45455
762.144,4.45455
762.458,3.45455
762.772,4.45455
763.086,4.45455
763.4,3.45455
763.714,4.45455
764.028,4.45455
764.342,5.45455
764.655,5.45455
764.969,7.45455
765.283,14.4545
765.596,20.4545
765.91,23.4545
766.224,17.4545
766.537,12.4545
766.851,10.4545
767.164,9.45455
767.477,7.45455
767.791,5.45455
768.104,6.45455
768.417,9.45455
768.73,11.4545
769.043,11.4545
769.356,11.4545
769.669,9.45455
769.982,9.45455
770.295,8.45455
770.608,6.45455
770.921,5.45455
771.234,4.45455
771.546,2.45455
771.859,3.45455
772.172,6.45455
772.484,6.45455
772.797,5.45455
773.109,4.45455
773.422,4.45455
773.734,2.45455
774.047,3.45455
774.359,3.45455
774.671,3.45455
774.983,2.45455
775.295,2.45455
775.607,3.45455
775.92,4.45455
776.232,3.45455
776.543,4.45455
776.855,4.45455
777.167,4.45455
777.479,4.45455
777.791,3.45455
778.102,0.454545
778.414,-0.545455
778.726,0.454545
779.037,1.45455
779.349,2.45455
779.66,1.45455
779.972,2.45455
780.283,2.45455
780.594,4.45455
780.906,5.45455
781.217,3.45455
781.528,3.45455
781.839,4.45455
782.15,3.45455
782.461,1.45455
782.772,1.45455
783.083,2.45455
783.394,2.45455
783.705,2.45455
784.016,1.45455
784.326,2.45455
784.637,2.45455
784.948,3.45455
785.258,4.45455
785.569,3.45455
785.879,3.45455
786.19,2.45455
786.5,1.45455
786.81,1.45455
787.121,1.45455
787.431,3.45455
787.741,2.45455
788.051,2.45455
788.361,2.45455
788.671,2.45455
788.981,1.45455
789.291,2.45455
789.601,2.45455
789.911,2.45455
790.221,3.45455
790.531,3.45455
790.84,3.45455
791.15,2.45455
791.46,1.45455
791.769,2.45455
792.079,1.45455
792.388,2.45455
792.698,3.45455
793.007,5.45455
793.316,5.45455
793.626,4.45455
793.935,4.45455
794.244,4.45455
794.553,4.45455
794.862,2.45455
795.171,1.45455
795.48,4.45455
795.789,3.45455
796.098,2.45455
796.407,2.45455
796.715,2.45455
797.024,3.45455
797.333,5.45455
797.641,4.45455
797.95,4.45455
798.259,2.45455
798.567,2.45455
798.876,5.45455
799.184,6.45455
799.492,4.45455
799.801,3.45455
800.109,3.45455
800.417,4.45455
800.725,3.45455
801.033,3.45455
801.341,3.45455
801.649,3.45455
801.957,2.45455
802.265,2.45455
802.573,2.45455
802.881,3.45455
803.188,6.45455
803.496,5.45455
803.804,5.45455
804.111,1.45455
804.419,2.45455
804.726,1.45455
805.034,1.45455
805.341,2.45455
805.649,4.45455
805.956,6.45455
806.263,5.45455
806.57,2.45455
806.878,1.45455
807.185,1.45455
807.492,3.45455
807.799,3.45455
808.106,3.45455
808.413,3.45455
808.719,4.45455
809.026,3.45455
809.333,1.45455
809.64,0.454545
809.946,1.45455
810.253,1.45455
810.56,3.45455
810.866,3.45455
811.173,1.45455
811.479,0.454545
811.785,-0.545455
812.092,0.454545
812.398,1.45455
812.704,1.45455
813.01,2.45455
813.316,3.45455
813.622,5.45455
813.928,5.45455
814.234,3.45455
814.54,3.45455
814.846,3.45455
815.152,3.45455
815.458,4.45455
815.764,3.45455
816.069,3.45455
816.375,4.45455
816.68,3.45455
816.986,5.45455
817.291,5.45455
817.597,5.45455
817.902,5.45455
818.208,5.45455
818.513,6.45455
818.818,5.45455
819.123,6.45455
819.428,5.45455
819.734,4.45455
820.039,4.45455
820.344,4.45455
820.648,3.45455
820.953,2.45455
821.258,3.45455
821.563,2.45455
821.868,3.45455
822.172,3.45455
822.477,1.45455
822.782,1.45455
823.086,1.45455
823.391,1.45455
823.695,2.45455
824,3.45455
824.304,3.45455
824.608,4.45455
824.912,3.45455
825.217,3.45455
825.521,3.45455
825.825,3.45455
826.129,3.45455
826.433,3.45455
826.737,6.45455
827.041,5.45455
827.345,4.45455
827.648,4.45455
827.952,3.45455
828.256,3.45455
828.559,3.45455
828.863,3.45455
829.167,5.45455
829.47,4.45455
829.774,2.45455
830.077,1.45455
830.38,3.45455
830.684,5.45455
830.987,3.45455
831.29,2.45455
831.593,2.45455
831.896,1.45455
832.199,2.45455
832.502,1.45455
832.805,0.454545
833.108,1.45455
833.411,4.45455
833.714,6.45455
834.017,5.45455
834.319,4.45455
834.622,3.45455
834.925,1.45455
835.227,1.45455
835.53,2.45455
835.832,4.45455
836.135,4.45455
836.437,2.45455
836.739,2.45455
837.041,3.45455
837.344,5.45455
837.646,3.45455
837.948,3.45455
838.25,3.45455
838.552,1.45455
838.854,1.45455
839.156,3.45455
839.458,1.45455
839.76,1.45455
840.061,5.45455
840.363,5.45455
840.665,3.45455
840.966,2.45455
841.268,1.45455
841.569,0.454545
841.871,0.454545
842.172,0.454545
842.474,2.45455
842.775,5.45455
843.076,4.45455
843.377,2.45455
843.679,1.45455
843.98,1.45455
844.281,0.454545
844.582,-0.545455
844.883,0.454545
845.184,2.45455
845.484,3.45455
845.785,2.45455
846.086,1.45455
846.387,2.45455
846.687,1.45455
846.988,2.45455
847.289,4.45455
847.589,4.45455
847.89,5.45455
848.19,5.45455
848.49,4.45455
848.791,2.45455
849.091,1.45455
849.391,1.45455
849.691,1.45455
849.991,2.45455
850.291,3.45455
850.592,3.45455
850.891,3.45455
851.191,5.45455
851.491,3.45455
851.791,2.45455
852.091,3.45455
852.391,4.45455
852.69,7.45455
852.99,8.45455
853.289,5.45455
853.589,3.45455
853.888,3.45455
854.188,2.45455
854.487,2.45455
854.786,3.45455
855.086,2.45455
855.385,2.45455
855.684,2.45455
855.983,3.45455
856.282,1.45455
856.581,2.45455
856.88,2.45455
857.179,5.45455
857.478,5.45455
857.777,5.45455
858.076,3.45455
858.374,4.45455
858.673,4.45455
858.972,2.45455
859.27,1.45455
859.569,2.45455
859.867,2.45455
860.166,1.45455
860.464,1.45455
860.762,4.45455
861.06,3.45455
861.359,2.45455
861.657,2.45455
861.955,2.45455
862.253,2.45455
862.551,1.45455
862.849,1.45455
863.147,1.45455
863.445,1.45455
863.743,1.45455
864.04,1.45455
864.338,0.454545
864.636,1.45455
864.933,3.45455
865.231,2.45455
865.528,1.45455
865.826,2.45455
866.123,5.45455
866.421,4.45455
866.718,3.45455
867.015,4.45455
867.312,2.45455
867.609,3.45455
867.907,4.45455
868.204,4.45455
868.501,2.45455
868.798,4.45455
869.094,3.45455
869.391,1.45455
869.688,2.45455
869.985,1.45455
870.282,2.45455
870.578,1.45455
870.875,2.45455
871.171,2.45455
871.468,1.45455
871.764,2.45455
872.061,2.45455
872.357,4.45455
872.653,4.45455
872.95,2.45455
873.246,2.45455
873.542,2.45455
873.838,3.45455
874.134,3.45455
874.43,2.45455
874.726,3.45455
875.022,4.45455
875.318,4.45455
875.614,4.45455
875.909,2.45455
876.205,4.45455
876.501,3.45455
876.796,2.45455
877.092,3.45455
