# Sodio (Na) - saggio alla fiamma, USB2000 S/N USB2G16606
# registrazione: napiudidimiopartesopra_usb2000_spettrogramma_20260922_000450
# selezione: media delle 57 righe piu intense in 585-595 nm (su 57)
# integrazione: 30 ms · rumore: 0.17 conteggi
# fondo strumentale sottratto; punte di 1-2 pixel rimosse
# cancellato K a 768 nm +-7 nm (c'era un picco da 156 conteggi)
wavelength_nm,intensity_counts
176.507,-5.30668
176.894,-4.95372
177.280,-4.26275
177.667,-3.65387
178.054,-3.04646
178.440,-2.73935
178.827,-2.63683
179.213,-2.51535
179.599,-2.44053
179.986,-2.34296
180.372,-2.35845
180.758,-2.39883
181.144,-2.43946
181.530,-2.57139
181.917,-2.66711
182.303,-2.70031
182.689,-2.76154
183.075,-2.83582
183.461,-2.85950
183.847,-2.78856
184.232,-2.74018
184.618,-2.65328
185.004,-2.69071
185.390,-2.60868
185.776,-2.61689
186.161,-2.45627
186.547,-2.36778
186.933,-2.32223
187.318,-2.26616
187.704,-2.27218
188.089,-2.21469
188.475,-2.31596
188.860,-2.24713
189.245,-2.27929
189.631,-2.27936
190.016,-2.27238
190.401,-2.26880
190.787,-2.22045
191.172,-2.10704
191.557,-2.11839
191.942,-2.03110
192.327,-1.97707
192.712,-2.03957
193.097,-2.07151
193.482,-2.09501
193.867,-2.01422
194.252,-1.96659
194.637,-1.78151
195.022,-1.78859
195.406,-1.71072
195.791,-1.66074
196.176,-1.69840
196.560,-1.54277
196.945,-1.54994
197.330,-1.48597
197.714,-1.51171
198.099,-1.47612
198.483,-1.47132
198.868,-1.44376
199.252,-1.48186
199.636,-1.42782
200.020,-1.43586
200.405,-1.39574
200.789,-1.31468
201.173,-1.30927
201.557,-1.29293
201.941,-1.22656
202.325,-1.17633
202.709,-1.16022
203.093,-1.07030
203.477,-1.05083
203.861,-1.04405
204.245,-1.05564
204.629,-0.99742
205.013,-0.99336
205.397,-0.92523
205.780,-0.86146
206.164,-0.78003
206.548,-0.72968
206.931,-0.77615
207.315,-0.70717
207.698,-0.64917
208.082,-0.59232
208.465,-0.63573
208.848,-0.60338
209.232,-0.65594
209.615,-0.74102
209.998,-0.67740
210.382,-0.62325
210.765,-0.54994
211.148,-0.61220
211.531,-0.58346
211.914,-0.87289
212.297,-0.58710
212.680,-0.58467
213.063,-0.38868
213.446,-0.27770
213.829,-0.25270
214.212,-0.26661
214.595,-0.28257
214.977,-0.32721
215.360,-0.37176
215.743,-0.33179
216.125,-0.39039
216.508,-0.29708
216.891,-0.15954
217.273,-0.16745
217.656,-0.13810
218.038,-0.02739
218.420,0.00077
218.803,-0.00929
219.185,-0.09496
219.567,-2.59761
219.950,-2.59460
220.332,-2.60884
220.714,-2.46975
221.096,-0.04927
221.478,0.12841
221.860,0.17105
222.242,0.12087
222.624,0.10848
223.006,0.14146
223.388,0.12630
223.770,0.05846
224.152,0.07232
224.534,0.15610
224.915,0.17039
225.297,0.16436
225.679,0.04283
226.060,0.13824
226.442,0.29930
226.823,0.31811
227.205,0.33208
227.587,0.36775
227.968,0.33189
228.349,0.34022
228.731,0.32638
229.112,0.33588
229.493,0.31611
229.874,0.33841
230.256,0.28006
230.637,0.28986
231.018,0.42727
231.399,0.46288
231.780,0.53635
232.161,0.55389
232.542,0.53144
232.923,0.61472
233.304,0.58634
233.685,0.53196
234.065,0.61475
234.446,0.56186
234.827,0.56699
235.207,0.54094
235.588,0.41948
235.969,0.54329
236.349,0.49337
236.730,0.54704
237.110,0.50709
237.491,0.59299
237.871,0.57662
238.251,0.50218
238.632,0.47550
239.012,0.55676
239.392,0.50403
239.772,0.46461
240.153,0.55298
240.533,0.58235
240.913,0.70943
241.293,0.68726
241.673,0.70068
242.053,0.66087
242.433,0.63475
242.813,0.64001
243.192,0.54068
243.572,0.65539
243.952,-0.75026
244.332,-0.49117
244.711,0.55313
245.091,0.60234
245.471,0.73856
245.850,0.68282
246.230,0.68659
246.609,0.69904
246.989,0.66099
247.368,0.66961
247.747,0.68295
248.127,0.56154
248.506,-0.56288
248.885,-0.28882
249.264,0.63843
249.644,0.72932
250.023,0.85154
250.402,0.86682
250.781,0.87925
251.160,0.85099
251.539,0.80782
251.918,0.72454
252.297,0.70382
252.675,0.71697
253.054,0.70489
253.433,0.75070
253.812,0.79511
254.190,0.74363
254.569,0.74618
254.948,0.67712
255.326,0.74295
255.705,0.75016
256.083,0.86152
256.462,0.92492
256.840,0.90007
257.219,0.93009
257.597,0.88300
257.975,0.95581
258.353,0.81934
258.731,0.79996
259.110,0.75970
259.488,0.69638
259.866,0.83682
260.244,-0.40139
260.622,-0.41237
261.000,0.93763
261.378,0.78369
261.756,0.93533
262.134,-0.18741
262.511,-2.79307
262.889,1.03334
263.267,0.93905
263.645,-2.78351
264.022,-0.66839
264.400,0.66114
264.777,0.85249
265.155,0.77539
265.532,0.84704
265.910,0.92599
266.287,1.03585
266.665,1.00329
267.042,0.94269
267.419,0.87265
267.796,0.92895
268.174,0.88332
268.551,0.86844
268.928,0.84318
269.305,0.80918
269.682,0.78618
270.059,0.83813
270.436,0.79394
270.813,0.88986
271.190,0.94046
271.567,0.88569
271.943,0.85411
272.320,0.85579
272.697,0.78139
273.074,0.89978
273.450,1.00675
273.827,1.02669
274.204,1.12113
274.580,1.12974
274.957,1.10652
275.333,1.14200
275.709,1.05603
276.086,0.96237
276.462,0.92210
276.838,0.86138
277.214,0.82439
277.591,0.87354
277.967,0.86707
278.343,0.76571
278.719,0.86807
279.095,0.85727
279.471,0.83818
279.847,0.79724
280.223,0.83614
280.599,0.85508
280.975,0.89550
281.351,0.81425
281.726,0.87566
282.102,0.86704
282.478,0.88580
282.853,0.74652
283.229,0.79822
283.604,0.84583
283.980,0.89762
284.355,0.91094
284.731,0.84618
285.106,0.88449
285.482,0.87511
285.857,0.88554
286.232,0.74634
286.607,0.83182
286.983,0.74032
287.358,0.71591
287.733,0.79446
288.108,0.88181
288.483,0.88083
288.858,0.89798
289.233,0.84775
289.608,0.78452
289.983,0.80552
290.358,0.84310
290.732,0.80683
291.107,0.68983
291.482,0.60262
291.856,-0.46259
292.231,-0.54910
292.606,0.46963
292.980,0.57970
293.355,0.61386
293.729,0.70225
294.104,0.84785
294.478,0.78961
294.852,0.79678
295.227,0.78590
295.601,0.65420
295.975,0.62932
296.349,0.63985
296.723,0.42438
297.098,-0.61089
297.472,-0.48527
297.846,0.49435
298.219,0.67032
298.594,0.60336
298.967,0.60312
299.341,0.53035
299.715,0.43960
300.089,0.44848
300.463,0.59760
300.836,0.62125
301.210,0.59493
301.584,0.72147
301.957,0.79611
302.331,0.74350
302.704,0.65789
303.077,0.64013
303.451,0.65533
303.824,0.70427
304.198,0.68477
304.571,0.75784
304.944,0.74123
305.317,0.65836
305.691,0.74490
306.064,0.69796
306.437,0.72457
306.810,0.90273
307.183,0.73319
307.556,0.68711
307.929,0.65912
308.302,0.62663
308.674,0.69192
309.047,0.67092
309.420,0.64311
309.793,0.69167
310.165,0.66355
310.538,0.70376
310.911,0.67490
311.283,0.61594
311.656,0.60917
312.028,0.59615
312.401,0.59757
312.773,0.61146
313.145,0.67550
313.518,0.66308
313.890,0.68956
314.262,0.78032
314.634,0.76236
315.006,0.80690
315.378,0.81816
315.751,0.77027
316.123,0.72975
316.495,0.70064
316.866,0.77460
317.238,0.82232
317.610,0.75692
317.982,0.78027
318.354,0.80608
318.726,0.92721
319.097,0.96800
319.469,0.91589
319.841,0.85192
320.212,0.80163
320.584,0.80950
320.955,0.80444
321.327,0.78262
321.698,0.75204
322.069,0.78464
322.441,0.90713
322.812,0.94160
323.183,1.04406
323.555,1.11734
323.926,1.34026
324.297,1.48164
324.668,1.47242
325.039,1.52422
325.410,1.72087
325.781,0.38786
326.152,0.16325
326.523,-1.88295
326.894,-0.28439
327.264,-0.08347
327.635,22.28953
328.006,65.70903
328.376,125.96320
328.747,186.02549
329.118,245.72881
329.488,287.52174
329.859,287.93402
330.229,287.02342
330.599,207.47100
330.970,119.59462
331.340,62.73508
331.711,35.29883
332.081,20.06004
332.451,11.61705
332.821,7.16127
333.191,2.64758
333.562,-0.89118
333.932,2.05375
334.301,1.91682
334.671,1.93771
335.041,1.65453
335.411,1.58821
335.781,1.36811
336.151,1.13170
336.521,0.97933
336.890,0.89464
337.260,0.87327
337.630,0.85061
337.999,0.87362
338.369,0.81111
338.738,0.86049
339.108,0.77265
339.477,0.72125
339.847,0.77226
340.216,0.74315
340.586,0.71725
340.955,0.68044
341.324,0.83944
341.693,0.85998
342.062,0.92922
342.431,0.86919
342.800,0.86248
343.170,0.87396
343.538,0.94939
343.907,0.91143
344.276,0.82637
344.645,0.85001
345.014,0.80389
345.383,0.74013
345.752,0.67959
346.120,0.60266
346.489,0.63076
346.858,0.66507
347.226,0.54822
347.595,0.52616
347.963,0.46693
348.332,0.34311
348.700,0.33832
349.068,0.31018
349.437,0.32541
349.805,0.34848
350.173,0.34245
350.541,0.28859
350.909,0.29534
351.278,0.24673
351.646,0.23403
352.014,0.30375
352.382,0.30946
352.750,0.35923
353.118,0.35136
353.485,0.28125
353.853,0.19942
354.221,0.30962
354.589,0.32008
354.957,0.26389
355.324,0.33274
355.692,0.26410
356.059,0.30154
356.427,0.31508
356.794,0.36697
357.162,0.33250
357.529,0.24760
357.897,0.15368
358.264,0.15317
358.631,0.16813
358.998,0.19058
359.366,0.21204
359.733,0.11713
360.100,0.17149
360.467,0.16548
360.834,0.22425
361.201,0.24632
361.568,0.33279
361.935,0.28372
362.302,0.23278
362.669,0.26689
363.035,0.25336
363.402,0.33563
363.769,0.51982
364.135,0.54231
364.502,0.55595
364.869,0.58434
365.235,0.56057
365.602,0.58931
365.968,0.56531
366.335,0.58480
366.701,0.55437
367.067,0.57587
367.434,0.53862
367.800,0.57379
368.166,0.54052
368.532,0.55529
368.898,0.54947
369.264,0.63999
369.630,0.55371
369.996,0.55603
370.362,0.48647
370.728,0.47218
371.094,0.49936
371.460,0.51204
371.826,0.53992
372.192,0.47825
372.557,0.51687
372.923,0.50071
373.288,0.46808
373.654,0.55422
374.020,0.55954
374.385,0.64913
374.751,0.64640
375.116,0.68465
375.481,0.55980
375.847,0.52786
376.212,0.58952
376.577,0.75799
376.942,0.73552
377.308,0.78259
377.673,0.70111
378.038,0.77931
378.403,0.78568
378.768,0.84465
379.133,0.69600
379.498,0.67050
379.863,0.57906
380.227,0.55950
380.592,0.50523
380.957,0.59948
381.322,0.65040
381.686,0.68046
382.051,0.78029
382.415,0.72676
382.780,0.82882
383.144,0.78882
383.509,0.85286
383.873,0.88890
384.238,0.89093
384.602,0.82282
384.966,0.67949
385.330,0.66388
385.695,0.57735
386.059,0.56781
386.423,0.64575
386.787,0.62604
387.151,0.56303
387.515,0.58599
387.879,0.60239
388.243,0.58670
388.607,0.66532
388.971,0.77389
389.334,0.87206
389.698,0.82661
390.062,0.74356
390.425,0.72947
390.789,0.72928
391.153,0.60479
391.516,0.52394
391.880,0.59327
392.243,0.83870
392.606,1.01369
392.970,1.57251
393.333,2.54775
393.697,3.71743
394.060,4.88726
394.423,5.43763
394.786,5.43961
395.149,5.27643
395.512,4.39229
395.875,3.45618
396.238,2.56527
396.601,1.86703
396.964,1.48180
397.327,1.29250
397.690,1.10623
398.053,1.00885
398.415,0.96179
398.778,1.00719
399.140,0.94394
399.503,0.94927
399.866,0.90597
400.228,1.00103
400.591,0.98360
400.953,1.01025
401.315,1.12038
401.678,1.37354
402.040,1.85631
402.402,3.90129
402.765,8.29089
403.127,15.39573
403.489,24.71582
403.851,31.96517
404.213,32.48276
404.575,32.26097
404.937,27.64740
405.299,21.15604
405.661,15.11590
406.023,9.81618
406.385,5.80924
406.746,1.46670
407.108,-0.51681
407.470,1.20289
407.831,1.09924
408.193,1.15265
408.554,1.06594
408.916,0.98902
409.277,1.02518
409.639,0.91448
410.000,0.84625
410.361,0.92565
410.723,0.89342
411.084,0.99245
411.445,0.90181
411.806,1.00375
412.168,1.04734
412.529,1.19073
412.890,1.18884
413.251,1.24343
413.612,1.85159
413.973,2.67484
414.333,11.79304
414.694,19.72146
415.055,28.51859
415.416,30.85161
415.776,30.77618
416.137,30.23831
416.498,25.06427
416.858,21.46300
417.219,21.15314
417.579,21.37038
417.940,25.15895
418.300,35.71214
418.660,48.02199
419.021,59.06768
419.381,59.90171
419.741,59.56729
420.101,53.01251
420.462,41.04372
420.822,28.96530
421.182,19.84951
421.542,12.57670
421.902,7.71475
422.262,4.84124
422.622,3.16611
422.981,2.75432
423.341,2.70435
423.701,3.24393
424.061,5.23887
424.420,8.55599
424.780,13.59554
425.140,19.98322
425.499,24.99638
425.859,27.65545
426.218,27.70491
426.577,27.42868
426.937,24.50096
427.296,20.18976
427.656,9.19039
428.015,2.22227
428.374,7.65962
428.733,7.35566
429.092,7.18925
429.451,7.12043
429.810,6.86061
430.169,6.43290
430.528,5.75224
430.887,5.26237
431.246,5.28354
431.605,5.66703
431.964,7.43077
432.322,10.08435
432.681,12.99261
433.040,14.29483
433.398,14.34775
433.757,14.06733
434.115,12.33409
434.474,10.07842
434.832,7.74096
435.191,5.84654
435.549,3.18403
435.908,2.84866
436.266,2.36292
436.624,2.11548
436.982,2.14061
437.340,2.50383
437.698,3.55239
438.056,5.50818
438.414,7.54987
438.772,8.72165
439.130,8.79281
439.488,8.73536
439.846,7.50272
440.204,5.97074
440.562,5.04413
440.919,4.30699
441.277,3.84543
441.635,3.53065
441.992,3.44522
442.350,3.30786
442.707,3.10604
443.065,2.62171
443.422,2.25300
443.779,1.92759
444.137,1.76127
444.494,1.48086
444.851,1.29934
445.209,1.28741
445.566,1.15869
445.923,1.20981
446.280,1.26507
446.637,1.28482
446.994,1.37193
447.351,1.84509
447.708,3.49653
448.065,7.62989
448.421,14.90249
448.778,24.58760
449.135,30.74506
449.492,30.93865
449.848,30.87225
450.205,26.72422
450.561,22.58952
450.918,17.48389
451.274,13.06444
451.631,9.83532
451.987,7.55232
452.344,5.88238
452.700,5.40536
453.056,5.34904
453.412,5.66708
453.768,6.21494
454.125,6.38557
454.481,6.33903
454.837,5.74643
455.193,4.66064
455.549,3.45426
455.904,2.57110
456.260,1.88525
456.616,1.28053
456.972,1.00896
457.328,0.88447
457.683,0.82956
458.039,0.94481
458.395,1.12154
458.750,1.29311
459.106,1.51766
459.461,1.53145
459.817,1.49941
460.172,1.38025
460.527,1.29441
460.883,1.20006
461.238,1.11144
461.593,1.12948
461.948,1.14607
462.303,1.25928
462.659,1.25923
463.014,1.32727
463.369,1.45225
463.724,1.64882
464.079,1.95209
464.433,3.56764
464.788,10.91330
465.143,31.90269
465.498,65.72760
465.852,96.09040
466.207,98.21314
466.562,98.02304
466.916,91.13483
467.271,68.02164
467.625,50.19152
467.980,35.49054
468.334,23.29392
468.688,14.36299
469.043,8.75695
469.397,5.97317
469.751,4.81128
470.106,4.17611
470.460,3.81815
470.814,3.18315
471.168,2.84676
471.522,2.56393
471.876,2.24904
472.230,2.10901
472.584,2.13603
472.937,2.53904
473.291,4.69292
473.645,9.48825
473.999,16.87865
474.352,24.21481
474.706,25.22061
475.060,25.22771
475.413,23.69865
475.767,19.01269
476.120,14.21743
476.473,10.74951
476.827,7.61689
477.180,5.28992
477.533,3.81513
477.887,2.84486
478.240,2.45165
478.593,2.25339
478.946,2.28437
479.299,2.33438
479.652,2.40023
480.005,2.49658
480.358,2.63065
480.711,2.70531
481.064,2.88439
481.416,3.04231
481.769,3.13367
482.122,3.16477
482.474,3.21322
482.827,3.21098
483.180,3.29236
483.532,3.32609
483.885,3.41665
484.237,3.51598
484.589,3.48759
484.942,3.55982
485.294,3.58373
485.647,3.76320
485.999,3.94475
486.351,4.20374
486.703,4.39404
487.055,4.48157
487.407,4.55668
487.759,4.58185
488.111,4.56539
488.463,4.63166
488.815,4.73356
489.167,4.80911
489.519,4.85838
489.870,5.01855
490.222,5.03563
490.574,5.06639
490.925,5.09360
491.277,5.11383
491.628,4.90842
491.980,5.65589
492.331,5.86920
492.683,6.15687
493.034,6.56510
493.385,6.72382
493.737,6.91377
494.088,7.11116
494.439,7.18956
494.790,7.50825
495.141,8.10674
495.492,10.39234
495.843,24.77811
496.194,97.30620
496.545,241.50883
496.896,450.80547
497.247,660.56056
497.598,668.59989
497.948,667.50259
498.299,626.64585
498.650,486.55660
499.000,360.62268
499.351,246.68267
499.702,148.96918
500.052,74.32883
500.402,38.94800
500.753,23.23550
501.103,15.27740
501.454,11.33971
501.804,9.03625
502.154,7.77264
502.504,6.99733
502.854,6.43204
503.204,5.68218
503.554,4.14739
503.904,5.79460
504.254,6.00244
504.604,6.12762
504.954,6.08330
505.304,5.91348
505.654,5.69953
506.003,5.40458
506.353,5.08368
506.703,4.78136
507.052,4.62776
507.402,4.58858
507.751,4.44143
508.101,4.56605
508.450,4.50884
508.800,4.59470
509.149,4.56498
509.498,4.39372
509.848,4.30350
510.197,3.95519
510.546,3.57789
510.895,3.33404
511.244,3.03728
511.593,2.79548
511.942,2.00918
512.291,2.62115
512.640,3.15374
512.989,4.78843
513.338,9.64598
513.687,25.88597
514.035,28.33547
514.384,44.05491
514.732,79.38352
515.081,77.86448
515.430,77.19559
515.778,60.25319
516.127,45.94232
516.475,33.80723
516.823,23.04450
517.172,14.88548
517.520,9.65268
517.868,6.78050
518.216,5.43173
518.565,4.64162
518.913,4.01008
519.261,3.54768
519.609,3.23771
519.957,2.84473
520.305,2.55615
520.653,2.29832
521.000,2.05710
521.348,1.95437
521.696,1.78972
522.044,1.63453
522.391,1.49004
522.739,1.42213
523.087,1.25582
523.434,1.15738
523.782,1.11638
524.129,1.02386
524.476,0.94147
524.824,0.85589
525.171,0.70008
525.518,0.62111
525.865,0.38789
526.213,0.37477
526.560,-0.58644
526.907,-0.98198
527.254,0.12396
527.601,0.25055
527.948,0.33014
528.295,0.30418
528.642,0.25153
528.989,0.17599
529.335,0.21375
529.682,0.22376
530.029,0.20331
530.375,0.06808
530.722,0.12268
531.069,0.20612
531.415,0.28106
531.761,0.28138
532.108,0.29812
532.454,0.39893
532.801,0.42192
533.147,0.44782
533.493,0.48453
533.839,0.54848
534.186,0.56361
534.532,0.63379
534.878,0.63990
535.224,0.69954
535.570,0.76098
535.916,0.75995
536.262,0.78615
536.607,0.67409
536.953,0.60106
537.299,0.71303
537.645,0.87820
537.990,0.90516
538.336,0.97911
538.682,0.99596
539.027,1.10165
539.373,1.09251
539.718,1.07548
540.063,1.03607
540.409,1.15311
540.754,1.28544
541.100,1.35961
541.445,1.34194
541.790,1.30576
542.135,1.29739
542.480,1.40702
542.825,1.46933
543.170,1.48677
543.515,1.56911
543.860,1.76009
544.205,1.90148
544.550,2.07646
544.894,2.14472
545.239,2.12245
545.584,2.03650
545.929,1.85647
546.273,1.82504
546.618,1.75539
546.962,1.71382
547.307,1.59565
547.651,1.58013
547.995,1.66154
548.340,1.95866
548.684,2.07043
549.028,2.51076
549.373,0.44785
549.717,1.03211
550.061,2.78611
550.405,2.75319
550.749,2.66127
551.093,2.49013
551.437,2.33548
551.781,2.39475
552.125,2.28027
552.468,2.19175
552.812,2.19293
553.156,2.16176
553.500,2.15477
553.843,2.26347
554.187,2.52237
554.530,2.90379
554.874,3.69749
555.217,4.47170
555.561,4.88946
555.904,4.93584
556.247,4.93833
556.591,4.89618
556.934,4.80329
557.277,4.56729
557.620,4.28168
557.963,4.07861
558.306,3.99597
558.649,3.87003
558.992,4.00343
559.335,3.75299
559.678,4.82792
560.021,5.34929
560.364,5.70452
560.706,5.85823
561.049,5.69094
561.391,5.50921
561.734,5.22434
562.077,5.11730
562.419,5.12094
562.762,5.25586
563.104,5.55891
563.446,5.91345
563.789,6.23951
564.131,6.68511
564.473,6.91686
564.816,7.14057
565.158,7.55876
565.500,8.00846
565.842,9.02830
566.184,14.40515
566.526,52.14269
566.868,168.47352
567.210,377.78828
567.551,613.27743
567.893,729.19899
568.235,729.52027
568.577,726.08162
568.918,572.42802
569.260,441.51758
569.601,328.43407
569.943,224.11488
570.284,133.06703
570.626,69.99198
570.967,36.57357
571.308,20.91951
571.650,12.38339
571.991,7.85725
572.332,5.51637
572.673,2.39695
573.014,-0.15226
573.356,2.02190
573.697,1.73637
574.038,1.67084
574.379,1.40142
574.719,1.19767
575.060,1.09854
575.401,1.03160
575.742,0.98834
576.082,0.94308
576.423,1.03882
576.764,1.04467
577.104,0.90889
577.445,0.89289
577.785,0.97856
578.126,1.02247
578.466,1.13652
578.807,1.20024
579.147,1.20825
579.487,1.24995
579.827,1.31611
580.167,1.35185
580.508,1.33015
580.848,1.39494
581.188,1.30799
581.528,1.45261
581.868,1.07503
582.207,1.38575
582.547,1.49557
582.887,1.65012
583.227,1.90371
583.567,2.29930
583.906,2.92512
584.246,3.55159
584.585,4.06744
584.925,4.44707
585.264,4.63118
585.604,4.92918
585.943,5.55999
586.283,6.72700
586.622,9.44321
586.961,26.36004
587.300,137.08249
587.640,385.17274
587.979,708.52383
588.318,1082.58929
588.657,742.13035
588.996,812.46160
589.335,1429.21467
589.674,948.77718
590.013,861.90670
590.351,640.09775
590.690,449.86111
591.029,282.75392
591.367,56.13815
591.706,24.13031
592.045,36.73282
592.383,20.00168
592.722,16.90268
593.060,12.84689
593.399,10.85317
593.737,9.56173
594.075,8.89589
594.413,8.58411
594.752,8.44255
595.090,8.41817
595.428,8.45116
595.766,8.66872
596.104,9.07973
596.442,9.66348
596.780,9.98167
597.118,10.39902
597.456,11.01109
597.794,11.47769
598.131,11.82589
598.469,12.28530
598.807,12.67971
599.144,13.03296
599.482,13.33701
599.819,13.55573
600.157,14.13067
600.494,14.44977
600.832,14.86335
601.169,15.48107
601.506,16.29811
601.844,17.57792
602.181,19.05928
602.518,20.30277
602.855,20.83895
603.192,20.99417
603.529,21.43434
603.866,21.56802
604.203,21.76654
604.540,21.78242
604.877,22.11861
605.214,22.47061
605.551,23.03157
605.887,24.06334
606.224,26.36568
606.561,28.89680
606.897,29.75228
607.234,29.99232
607.570,29.18559
607.907,29.40759
608.243,30.65664
608.580,33.78394
608.916,13.05968
609.252,12.29635
609.588,36.22702
609.924,31.83925
610.260,31.35222
610.597,29.71657
610.933,28.38068
611.269,27.39078
611.605,26.72719
611.941,26.72696
612.276,27.02499
612.612,31.68426
612.948,44.86512
613.284,65.97683
613.619,107.16094
613.955,172.36495
614.290,349.86099
614.626,297.74169
614.962,390.55270
615.297,458.12218
615.632,414.65281
615.968,472.10418
616.303,648.42789
616.638,431.02157
616.973,392.46310
617.309,278.16530
617.644,105.22632
617.979,90.20635
618.314,53.97336
618.649,41.30694
618.984,31.65918
619.319,26.71024
619.653,24.10888
619.988,23.63050
620.323,23.87768
620.658,25.14104
620.992,25.64168
621.327,25.69325
621.662,24.66646
621.996,23.18111
622.331,18.48019
622.665,4.36106
622.999,18.49117
623.334,17.01857
623.668,16.80532
624.002,16.20455
624.336,16.04870
624.671,16.25439
625.005,17.56975
625.339,22.03765
625.673,28.55731
626.007,30.10473
626.341,30.03479
626.675,29.20398
627.008,25.92322
627.342,23.66520
627.676,21.20059
628.010,19.01154
628.343,17.09789
628.677,15.99796
629.010,15.89753
629.344,16.13472
629.677,17.31991
630.011,17.45602
630.344,17.44044
630.678,16.51200
631.011,15.34637
631.344,15.30256
631.677,15.42379
632.010,19.12905
632.343,27.91189
632.677,33.06461
633.010,33.17973
633.342,32.65283
633.675,28.20740
634.008,24.71093
634.341,21.43829
634.674,18.41866
635.007,16.01951
635.339,13.95600
635.672,12.26929
636.005,11.93998
636.337,11.97559
636.670,13.56883
637.002,21.82460
637.334,32.99567
637.667,38.37676
637.999,39.52178
638.331,40.33815
638.664,50.93199
638.996,85.68775
639.328,112.15611
639.660,112.73106
639.992,111.29389
640.324,86.05761
640.656,72.46074
640.988,60.37232
641.320,47.57334
641.652,37.17761
641.983,27.22432
642.315,19.67775
642.647,14.38039
642.978,10.88338
643.310,8.85508
643.641,7.70096
643.973,6.80550
644.304,6.29920
644.636,5.85211
644.967,5.56800
645.298,5.42291
645.630,5.29013
645.961,5.21068
646.292,5.09179
646.623,5.00417
646.954,4.91841
647.285,4.63087
647.616,3.02356
647.947,3.68156
648.278,4.35568
648.609,4.82931
648.940,7.34024
649.270,17.10951
649.601,33.79988
649.932,39.46295
650.262,39.17733
650.593,37.97688
650.923,30.71638
651.254,25.81703
651.584,22.03654
651.915,20.30851
652.245,19.28547
652.575,12.48723
652.905,2.14708
653.236,12.19874
653.566,8.86040
653.896,8.55034
654.226,7.30814
654.556,5.91775
654.886,4.76354
655.216,4.02533
655.546,3.34235
655.875,2.78195
656.205,2.41183
656.535,2.25318
656.865,2.14535
657.194,1.88651
657.524,1.88804
657.853,1.94773
658.183,2.61708
658.512,4.97555
658.842,8.96161
659.171,12.47874
659.500,12.57633
659.830,12.41882
660.159,10.96439
660.488,9.14815
660.817,7.55690
661.146,6.17499
661.475,4.89429
661.804,-1.80874
662.133,-1.93074
662.462,-2.21888
662.791,1.02327
663.120,1.09812
663.448,1.08328
663.777,0.92708
664.106,0.87050
664.434,0.81992
664.763,0.88040
665.091,1.07902
665.420,1.38831
665.748,1.73059
666.077,2.76852
666.405,6.98264
666.733,14.28087
667.062,19.03413
667.390,18.92592
667.718,18.47882
668.046,15.33282
668.374,12.67918
668.702,10.40848
669.030,8.54146
669.358,6.65748
669.686,5.15113
670.014,5.13104
670.341,5.28471
670.669,7.31029
670.997,8.88364
671.324,9.01332
671.652,8.74661
671.980,7.42655
672.307,6.26264
672.634,5.13436
672.962,4.13410
673.289,3.54489
673.616,3.43103
673.944,3.70085
674.271,5.14705
674.598,6.25975
674.925,6.32216
675.252,6.21555
675.579,5.40199
675.906,4.38745
676.233,3.64806
676.560,2.95839
676.887,1.12941
677.214,-0.80644
677.540,0.91876
677.867,0.70196
678.194,0.58843
678.520,0.51562
678.847,0.33897
679.173,0.21703
679.500,0.09896
679.826,0.12427
680.153,0.17654
680.479,0.20077
680.805,0.15196
681.131,0.20654
681.458,0.19184
681.784,0.20692
682.110,0.18003
682.436,0.10141
682.762,-0.87298
683.088,-1.00146
683.414,0.01790
683.740,0.04868
684.065,0.14162
684.391,0.10928
684.717,0.09110
685.042,0.17718
685.368,0.30964
685.694,0.93463
686.019,2.18207
686.345,3.25558
686.670,3.52808
686.995,3.56048
687.321,3.18378
687.646,2.91679
687.971,2.53187
688.296,2.16225
688.622,1.96461
688.947,1.67476
689.272,1.18590
689.597,1.21464
689.922,1.22607
690.247,1.35795
690.572,1.40091
690.896,1.50515
691.221,2.00549
691.546,2.71948
691.870,6.14978
692.195,4.51642
692.520,11.71554
692.844,11.19365
693.169,10.95302
693.493,9.97620
693.817,8.64196
694.142,8.48550
694.466,8.55039
694.790,14.25182
695.115,48.95375
695.439,98.79433
695.763,102.37798
696.087,101.71980
696.411,90.29670
696.735,72.02817
697.059,58.66971
697.383,47.65275
697.707,36.97268
698.030,27.62532
698.354,19.53076
698.678,8.52811
699.001,6.81016
699.325,-0.99040
699.648,-1.94856
699.972,-0.95150
700.295,-2.16189
700.619,0.92115
700.942,1.20485
701.265,1.75086
701.589,4.61989
701.912,12.93530
702.235,22.67460
702.558,23.89339
702.881,23.39416
703.204,21.25867
703.527,17.46355
703.850,14.51696
704.173,12.06023
704.496,11.74336
704.819,11.89870
705.141,29.11797
705.464,73.80988
705.787,94.88792
706.109,95.44614
706.432,93.70519
706.754,73.22144
707.077,59.30302
707.399,30.81453
707.722,15.59228
708.044,27.64530
708.366,16.80699
708.688,14.57740
709.011,9.79635
709.333,6.27005
709.655,4.16953
709.977,2.86089
710.299,2.10797
710.621,1.50368
710.943,1.24051
711.264,1.06857
711.586,1.00096
711.908,0.86071
712.230,0.84139
712.551,0.83639
712.873,1.23112
713.194,3.05918
713.516,6.87161
713.837,10.48392
714.159,10.93633
714.480,10.83825
714.802,9.74422
715.123,7.93968
715.444,6.41123
715.765,4.64800
716.086,4.42427
716.407,3.92111
716.728,3.79129
717.049,3.16025
717.370,2.40112
717.691,1.76476
718.012,1.22392
718.333,0.86045
718.654,0.70552
718.974,0.60530
719.295,0.68031
719.615,0.86077
719.936,1.10518
720.257,1.12661
720.577,1.04312
720.898,0.93013
721.218,0.73334
721.538,0.56291
721.858,0.38811
722.179,0.43720
722.499,0.57799
722.819,0.99901
723.139,2.35397
723.459,4.41936
723.779,5.70064
724.099,5.81034
724.419,5.61707
724.739,4.79519
725.058,4.60832
725.378,4.55868
725.698,5.81582
726.018,12.06229
726.337,18.95211
726.657,19.32628
726.976,18.84054
727.296,16.14291
727.615,12.72635
727.934,9.97205
728.254,7.44638
728.573,5.37689
728.892,4.00025
729.212,3.24794
729.531,2.31811
729.850,1.60025
730.169,1.07872
730.488,0.64968
730.807,0.35976
731.125,0.29143
731.444,0.17309
731.763,-0.05282
732.082,-0.15297
732.401,-0.29194
732.719,-0.31487
733.038,-0.45678
733.356,-0.48816
733.675,-0.53985
733.993,-0.45446
734.312,-0.51270
734.630,-0.27793
734.948,-0.61330
735.267,-0.22110
735.585,-0.30503
735.903,-0.18698
736.221,-0.16017
736.539,0.12954
736.857,0.91778
737.175,2.75532
737.493,4.94818
737.811,5.43961
738.129,5.35184
738.447,4.80289
738.764,3.65196
739.082,2.67025
739.400,1.80389
739.717,1.31638
740.035,0.82334
740.352,0.47994
740.670,0.12166
740.987,-0.02218
741.305,-0.26478
741.622,-0.39268
741.939,-0.39705
742.256,-0.42386
742.574,-0.42486
742.891,-0.48136
743.208,-0.49672
743.525,-0.38582
743.842,-0.36024
744.159,-0.34396
744.476,-0.30799
744.792,-0.27572
745.109,-0.35732
745.426,-0.34125
745.743,-0.33975
746.059,-0.38169
746.376,-0.34552
746.692,-0.34632
747.009,-0.35495
747.325,-0.38382
747.642,-0.29353
747.958,-0.25942
748.274,-0.28254
748.591,-0.20646
748.907,0.38296
749.223,0.47112
749.539,2.07237
749.855,8.64477
750.171,10.75503
750.487,11.94313
750.803,12.03388
751.119,11.71661
751.435,9.53547
751.750,7.39951
752.066,5.69901
752.382,4.37800
752.697,3.40901
753.013,2.67232
753.328,2.13483
753.644,1.58796
753.959,1.06376
754.275,0.74200
754.590,0.43218
754.905,0.15532
755.221,-0.00002
755.536,-0.00418
755.851,0.09889
756.166,0.12514
756.481,0.28289
756.796,0.18875
757.111,0.12440
757.426,0.22042
757.741,0.30151
758.056,0.43879
758.370,0.48531
758.685,0.54514
759.000,0.72537
759.314,0.96157
759.629,1.20564
759.943,1.33918
760.258,1.54201
760.572,1.85233
760.887,2.38910
761.201,3.30602
761.515,5.98733
761.830,36.34662
762.144,167.59818
762.458,250.29566
762.772,253.76717
763.086,247.39998
763.400,240.81458
763.714,234.01186
764.028,227.39414
764.342,220.98069
764.655,214.57100
764.969,207.65435
765.283,201.48886
765.596,194.79713
765.910,188.36625
766.224,181.88275
766.537,175.40597
766.851,169.01315
767.164,162.60611
767.477,155.89852
767.791,149.63869
768.104,142.78656
768.417,136.44848
768.730,130.03443
769.043,123.38964
769.356,116.74430
769.669,110.20969
769.982,103.78294
770.295,97.39419
770.608,90.68505
770.921,84.31896
771.234,77.82682
771.547,71.44595
771.859,64.89272
772.172,58.41999
772.484,51.75413
772.797,45.34788
773.109,39.00703
773.422,32.63397
773.734,25.67948
774.047,21.76570
774.359,17.84274
774.671,14.03374
774.983,10.51663
775.295,7.28642
775.607,4.85954
775.919,3.12759
776.231,1.98166
776.543,1.12179
776.855,0.66284
777.167,0.50067
777.479,0.37651
777.791,0.22535
778.102,0.06593
778.414,0.07042
778.726,0.13796
779.037,0.35989
779.349,0.34996
779.660,0.35724
779.972,-0.94332
780.283,-1.10568
780.594,0.06857
780.906,-0.07144
781.217,-0.07666
781.528,-0.22532
781.839,-0.26565
782.150,-0.28866
782.461,-0.41040
782.772,-0.44658
783.083,-0.45883
783.394,-0.42755
783.705,-0.45992
784.016,-0.46774
784.326,-0.57134
784.637,-0.53418
784.948,-0.43366
785.258,-0.38425
785.569,-0.42507
785.879,-0.36042
786.190,-0.37799
786.500,-0.62065
786.810,-0.62656
787.121,-0.64268
787.431,-0.71036
787.741,-0.68676
788.051,-0.59291
788.361,-0.48796
788.671,-0.51189
788.981,-0.54001
789.291,-0.46768
789.601,-0.52138
789.911,-0.57849
790.221,-0.50882
790.531,-0.44568
790.840,-0.38719
791.150,-0.43772
791.460,-0.36401
791.769,-0.46804
792.079,-0.51831
792.388,-0.54641
792.698,-0.43020
793.007,-0.05306
793.316,1.26899
793.625,4.43148
793.935,7.07264
794.244,7.28553
794.553,7.08750
794.862,5.49682
795.171,4.28152
795.480,3.35775
795.789,2.63232
796.098,2.29178
796.407,1.96025
796.716,1.51624
797.024,1.23896
797.333,0.94047
797.641,0.57762
797.950,0.25824
798.259,-0.01805
798.567,-0.05448
798.875,-0.06152
799.184,0.24246
799.492,0.80187
799.801,1.55692
800.109,2.91990
800.417,4.17015
800.725,4.35357
801.033,4.30606
801.341,3.84103
801.649,2.38840
801.957,2.21939
802.265,1.69687
802.573,1.59236
802.881,1.36330
803.188,1.18476
803.496,0.84132
803.804,0.66465
804.111,0.35847
804.419,0.15568
804.726,-0.17058
805.034,-0.87439
805.341,-1.12305
805.649,-0.31849
805.956,-0.30444
806.263,-0.20479
806.570,-0.16548
806.878,-0.19521
807.185,-0.17582
807.492,-0.03709
807.799,-0.06278
808.106,0.00742
808.413,0.11283
808.719,0.32834
809.026,0.89464
809.333,1.99024
809.640,3.38954
809.946,5.46040
810.253,11.45133
810.559,18.43705
810.866,19.48696
811.173,19.21393
811.479,16.93206
811.785,13.88495
812.092,11.67600
812.398,10.14378
812.704,8.87141
813.010,7.97743
813.316,7.21041
813.622,6.42829
813.928,5.44407
814.235,4.63590
814.540,4.25318
814.846,3.97213
815.152,3.96323
815.458,4.10402
815.764,4.75339
816.069,6.21306
816.375,10.33510
816.681,37.95565
816.986,157.38989
817.292,291.27989
817.597,350.07515
817.902,432.61740
818.208,568.21064
818.513,709.36473
818.818,710.54967
819.123,708.94512
819.428,525.92740
819.734,427.86004
820.039,368.29392
820.343,322.09567
820.649,271.74515
820.953,234.78642
821.258,198.67775
821.563,160.35330
821.868,123.95538
822.172,92.22415
822.477,64.51755
822.782,43.02782
823.086,27.27187
823.391,16.94941
823.695,10.37863
824.000,6.57021
824.304,4.50782
824.608,4.31237
824.912,4.47197
825.217,7.53966
825.521,14.98339
825.825,18.49804
826.129,18.45226
826.433,17.83603
826.737,14.50661
827.041,12.24410
827.345,10.28550
827.648,6.90050
827.952,1.33484
828.256,6.58361
828.559,5.36513
828.863,5.15666
829.167,4.25461
829.470,3.21983
829.774,2.22712
830.077,1.44012
830.380,0.17646
830.684,-0.89335
830.987,0.06368
831.290,-0.05405
831.593,-0.01281
831.896,-0.12481
832.199,-0.20658
832.502,-0.32981
832.805,-0.38623
833.108,-0.37190
833.411,-0.38293
833.714,-0.42959
834.017,-0.36126
834.319,-0.31554
834.622,-0.42295
834.925,-0.40054
835.227,-0.41970
835.530,-0.20665
835.832,-0.20061
836.135,-0.19478
836.437,-0.18782
836.739,-0.23897
837.042,-0.12244
837.344,-0.07911
837.646,0.01930
837.948,0.05862
838.250,0.15475
838.552,0.38824
838.854,0.73063
839.156,1.55198
839.458,4.89214
839.760,17.14373
840.061,40.50876
840.363,56.83659
840.665,61.26689
840.966,59.94597
841.268,62.83774
841.569,88.46182
841.871,117.54117
842.172,118.22539
842.474,117.68694
842.775,96.26284
843.076,75.52635
843.377,67.83309
843.679,58.02793
843.980,50.55989
844.281,43.10766
844.582,36.70620
844.883,30.06404
845.184,24.42854
845.485,19.48712
845.785,14.84959
846.086,10.57375
846.387,6.85705
846.687,4.14901
846.988,2.21813
847.289,1.23843
847.589,0.65425
847.890,-0.16927
848.190,-0.11565
848.490,-0.32276
848.791,-0.26145
849.091,-0.38740
849.391,-0.46798
849.691,-0.41495
849.991,-0.31496
850.292,-0.25322
850.591,0.02037
850.891,0.55755
851.191,2.22476
851.491,6.67808
851.791,13.41712
852.091,17.19756
852.390,16.95766
852.690,17.28186
852.990,10.00151
853.289,11.53037
853.589,9.48522
853.888,9.21467
854.188,8.15743
854.487,7.06074
854.786,6.00530
855.086,4.88901
855.385,3.83889
855.684,2.82393
855.983,1.88391
856.282,1.08821
856.581,0.38903
856.880,-0.24472
857.179,-2.59996
857.478,-2.68814
857.777,-2.62322
858.076,-1.07373
858.374,-0.95368
858.673,-0.81859
858.972,-0.80682
859.270,-0.76216
859.569,-0.69614
859.867,-0.67761
860.165,-0.64543
860.464,-0.65425
860.762,-0.63569
861.060,-0.65218
861.359,-0.72724
861.657,-0.66721
861.955,-0.71060
862.253,-0.68601
862.551,-0.63136
862.849,-0.66458
863.147,-0.69760
863.445,-0.66744
863.742,-0.65884
864.040,-0.76149
864.338,-0.75425
864.636,-0.78702
864.933,-0.82365
865.231,-0.86074
865.528,-0.83899
865.826,-0.67841
866.123,-0.67337
866.420,-0.47333
866.718,-0.11069
867.015,0.23234
867.312,0.55141
867.609,0.64369
867.907,0.60464
868.204,0.51393
868.501,0.36902
868.798,0.23548
869.095,0.16632
869.391,0.14263
869.688,-0.11925
869.985,-0.30750
870.282,-0.34570
870.578,-0.34289
870.875,-0.42422
871.171,-0.51431
871.468,-0.62698
871.764,-0.78343
872.061,-0.78721
872.357,-1.14318
872.653,-0.92620
872.950,-0.93160
873.246,-0.79278
873.542,-0.75692
873.838,-0.74139
874.134,-0.68129
874.430,-0.79845
874.726,-0.86948
875.022,-0.92745
875.318,-0.99092
875.614,-0.85987
875.909,-0.82571
876.205,-0.79719
876.501,-0.76811
876.796,-0.74726
877.092,-0.65567
