# Rubidio (Rb) - saggio alla fiamma, USB2000 S/N USB2G16606
# sorgente: spettri_definitivi_calibrati_cs_rb.csv, colonna rb_counts_processed_194850
# lunghezza d'onda corretta (calibrata)
# zona interpolata linearmente a 583.5-594.0 nm sostituita con fondo lineare tra i fianchi
#   adiacenti +-10 nm e rumore gaussiano (dev. std. 1.66 conteggi)
wavelength_nm,intensity_counts
176.918,-3.68105
177.305,-2.68208
177.692,-1.68311
178.078,2.31818
178.465,2.31818
178.851,3.3187
179.238,5.31689
179.624,4.31844
180.011,5.31663
180.397,2.32128
180.783,1.3187
181.170,-0.681818
181.556,-0.681041
181.942,0.319216
182.328,1.31715
182.714,1.31818
183.100,0.318959
183.486,-1.68027
183.873,5.31274
184.258,4.31922
184.644,2.31818
185.030,2.3174
185.416,1.3187
185.802,2.31792
186.188,4.31663
186.574,2.31922
186.959,3.31818
187.345,2.31922
187.730,-0.681818
188.116,-0.681818
188.502,3.3174
188.887,2.31896
189.273,1.3174
189.658,-1.67793
190.043,-1.68182
190.429,1.31974
190.814,4.31611
191.199,2.31973
191.585,-0.681039
191.970,-0.681818
192.355,2.31818
192.740,2.31714
193.125,0.318182
193.510,0.318182
193.895,0.319221
194.280,2.31818
194.665,2.31818
195.050,2.31818
195.435,2.31818
195.820,2.31714
196.204,1.31844
196.589,2.31766
196.974,3.3161
197.358,1.31818
197.743,3.3161
198.128,2.31844
198.512,3.31714
198.897,1.31844
199.281,2.31818
199.665,2.31818
200.050,2.31766
200.434,1.31948
200.818,2.3174
201.203,2.31818
201.587,2.31818
201.971,2.3187
202.355,3.31896
202.739,4.3213
203.123,7.31818
203.507,7.31506
203.891,4.3174
204.275,3.31818
204.659,3.31792
205.043,2.31844
205.427,2.31818
205.811,2.31948
206.195,3.31766
206.578,2.3187
206.962,2.31948
207.345,3.31818
207.729,4.31714
208.113,3.31792
208.496,2.31922
208.880,4.31818
209.263,3.31714
209.646,2.3187
210.030,2.31844
210.413,3.31974
210.796,5.3161
211.180,6.31766
211.563,4.3187
211.946,3.31818
212.329,7.31792
212.712,6.31714
213.095,4.3187
213.478,5.3174
213.861,2.31818
214.244,3.31792
214.627,5.31714
215.010,5.31818
215.393,4.31975
215.775,6.31844
216.158,7.3174
216.541,6.31714
216.924,5.31818
217.306,6.31714
217.689,6.31844
218.071,7.31714
218.454,6.31818
218.836,5.31505
219.219,2.31975
219.601,3.31975
219.983,9.314
220.366,5.32131
220.748,7.31766
221.130,7.31766
221.512,5.31713
221.894,3.32054
222.277,6.32027
222.659,8.31504
223.041,5.31923
223.423,6.31818
223.804,6.31766
224.186,5.31818
224.568,1.31923
224.950,4.31504
225.332,5.32027
225.714,7.31766
226.095,5.31975
226.477,4.31713
226.859,3.31844
227.240,7.31818
227.622,7.31818
228.003,5.31556
228.385,3.3187
228.766,5.31818
229.147,5.31818
229.529,4.31844
229.910,5.31766
230.291,4.31923
230.673,5.31713
231.054,4.31897
231.435,4.31818
231.816,4.31818
232.197,6.31818
232.578,8.31766
232.959,10.3177
233.340,5.32081
233.721,5.31818
234.102,5.31818
234.483,2.31739
234.863,1.31818
235.244,2.31765
235.625,6.31713
236.006,5.3187
236.386,7.31661
236.767,8.31766
237.147,7.31897
237.528,8.31608
237.908,4.32238
238.289,6.31818
238.669,4.31608
239.050,2.31975
239.430,5.31818
239.810,6.31713
240.190,4.31608
240.571,2.32028
240.951,4.3166
241.331,4.31818
241.711,6.31713
242.091,8.31713
242.471,4.32029
242.851,3.31897
243.231,4.31713
243.611,6.31713
243.991,5.32081
244.371,10.3182
244.750,6.32134
245.130,5.31713
245.510,4.31818
245.889,5.31713
246.269,7.31818
246.649,7.31818
247.028,4.3166
247.407,1.32134
247.787,1.31818
248.166,4.31818
248.546,4.31818
248.925,6.31818
249.304,6.31765
249.684,5.31713
250.063,4.31923
250.442,4.31818
250.821,3.31871
251.200,5.31712
251.579,6.31765
251.958,5.31871
252.337,3.31976
252.716,6.31501
253.095,6.31686
253.474,5.31739
253.853,4.31818
254.231,4.31818
254.610,4.32029
254.989,6.31792
255.367,5.31897
255.746,6.31818
256.125,6.31818
256.503,7.31818
256.882,7.31818
257.260,6.31818
257.639,6.3195
258.017,7.31765
258.395,5.31818
258.773,5.31739
259.152,4.3195
259.530,6.31659
259.908,6.31818
260.286,6.31818
260.664,10.3182
261.042,7.31818
261.420,6.31844
261.798,4.31871
262.176,3.31897
262.554,6.31501
262.932,3.31712
263.310,2.31818
263.688,2.31818
264.065,5.31501
264.443,3.31765
264.821,2.31871
265.198,4.31924
265.576,5.31792
265.953,4.31606
266.331,2.31924
266.708,6.31818
267.086,6.31818
267.463,4.31871
267.840,0.319243
268.218,2.31818
268.595,2.31818
268.972,4.31712
269.349,6.31818
269.726,6.31818
270.104,7.31738
270.481,4.31871
270.857,6.31818
271.235,5.31818
271.611,6.31792
271.988,6.31818
272.365,5.31951
272.742,6.31818
273.119,6.31818
273.495,6.31818
273.872,5.31738
274.249,4.31844
274.625,5.31818
275.002,5.31818
275.378,5.3142
275.755,2.31898
276.131,1.31977
276.508,3.31659
276.884,1.31818
277.261,4.31977
277.637,6.31553
278.013,9.31579
278.389,7.31871
278.765,7.31818
279.142,7.31791
279.518,6.31765
279.894,4.31765
280.270,2.31871
280.646,4.31818
281.022,5.31791
281.397,4.31898
281.773,2.32084
282.149,4.31738
282.525,3.31818
282.901,1.31978
283.276,1.31978
283.652,3.31765
284.027,5.31712
284.403,4.31818
284.778,5.31499
285.154,2.31898
285.529,2.32137
285.905,6.31393
286.280,6.31818
286.655,2.31925
287.031,4.31605
287.406,2.32031
287.781,7.31551
288.156,6.31845
288.531,3.31898
288.906,4.31818
289.282,4.31818
289.656,5.31791
290.031,5.31818
290.406,4.31898
290.781,7.31418
291.156,7.31498
291.531,3.31818
291.906,3.31818
292.280,4.31711
292.655,3.31791
293.030,2.31925
293.404,3.31978
293.779,6.31578
294.153,5.31818
294.528,5.31818
294.902,2.31818
295.277,3.31978
295.651,5.31605
296.025,5.31818
296.399,4.31818
296.774,4.31898
297.148,5.32032
297.522,7.31685
297.896,6.31925
298.270,5.31925
298.644,5.31818
299.018,5.31283
299.392,1.31604
299.766,-0.679144
300.140,4.31818
300.514,8.31604
300.887,5.32139
301.261,3.31925
301.635,5.31764
302.008,5.31818
302.382,4.31818
302.756,4.31818
303.129,5.31845
303.503,6.31684
303.876,5.31818
304.250,6.31658
304.623,4.32032
304.996,5.31791
305.370,4.31925
305.743,6.31925
306.116,7.31711
306.489,4.32059
306.862,2.31925
307.235,1.31872
307.608,3.31711
307.981,1.31925
308.354,3.31657
308.727,4.31711
309.100,5.31925
309.473,6.31657
309.846,3.31818
310.219,2.31898
310.591,3.31818
310.964,3.31818
311.337,3.31818
311.709,1.31845
312.082,2.31711
312.454,6.31845
312.827,7.31684
313.199,4.31899
313.572,3.31979
313.944,5.31604
314.316,4.31845
314.688,6.31764
315.061,4.31899
315.433,5.31282
315.805,0.324884
316.177,2.31603
316.549,4.31603
316.921,4.31818
317.293,4.31818
317.665,5.31926
318.037,6.31737
318.409,5.31818
318.781,5.31818
319.152,4.31926
319.524,6.31576
319.896,3.31818
320.268,5.31603
320.639,5.31791
321.011,4.31899
321.382,2.31818
321.754,2.31818
322.125,5.31818
322.497,5.31926
322.868,6.31737
323.239,5.31818
323.611,5.3198
323.982,7.31549
324.353,5.32033
324.724,4.31899
325.095,5.31764
325.466,5.31818
325.838,4.31845
326.208,5.31764
326.579,5.31818
326.950,9.31387
327.321,8.31414
327.692,5.3171
328.063,3.31818
328.434,4.31737
328.804,2.31818
329.175,2.31818
329.546,2.31818
329.916,6.31791
330.287,5.31899
330.657,2.31845
331.028,3.31683
331.398,4.31791
331.769,5.31737
332.139,4.31926
332.509,5.31764
332.879,5.31818
333.250,5.31926
333.620,7.31818
333.990,7.31414
334.360,4.32222
334.730,4.31818
335.100,8.31278
335.470,5.31602
335.840,3.31818
336.210,3.31872
336.580,4.31818
336.950,4.31818
337.319,4.31818
337.689,4.31818
338.059,4.31818
338.428,4.3225
338.798,8.31818
339.168,6.31548
339.537,4.31818
339.907,4.31926
340.276,5.31764
340.645,6.3171
341.015,4.32358
341.384,8.31494
341.753,5.31818
342.123,4.31764
342.492,3.31899
342.861,4.31926
343.230,5.31818
343.599,5.31818
343.968,3.31818
344.337,3.32035
344.706,5.31818
345.075,5.31818
345.444,5.31818
345.813,1.32035
346.181,3.31547
346.550,2.31926
346.919,4.31764
347.287,6.31682
347.656,5.31818
348.025,5.31818
348.393,4.31818
348.762,4.31818
349.130,3.31845
349.499,2.31899
349.867,3.3171
350.235,2.31845
350.603,3.31845
350.972,4.319
351.340,5.31954
351.708,6.3171
352.076,7.31736
352.444,5.31981
352.812,6.31736
353.180,5.31927
353.548,5.31818
353.916,4.32035
354.284,6.31709
354.652,4.31818
355.020,6.31709
355.387,4.31682
355.755,3.31872
356.123,5.31655
356.490,6.31655
356.858,4.31872
357.225,5.31818
357.593,5.31818
357.960,4.31872
358.328,5.31709
358.695,9.31709
359.062,4.31927
359.430,6.31818
359.797,6.31818
360.164,5.31872
360.531,2.319
360.898,0.318182
361.266,3.31818
361.633,3.31818
362.000,4.31818
362.367,4.31818
362.733,1.31981
363.100,2.31709
363.467,1.32145
363.834,4.31791
364.201,3.31873
364.567,4.32363
364.934,8.31818
365.301,8.31818
365.667,7.31709
366.034,5.31982
366.400,4.31818
366.767,4.31818
367.133,2.31818
367.500,0.321452
367.866,4.31382
368.232,8.31599
368.598,4.31818
368.965,4.31818
369.331,4.31982
369.697,6.31599
370.063,4.31599
370.429,2.32037
370.795,4.31927
371.161,5.31736
371.527,4.31763
371.893,3.31818
372.259,5.31709
372.624,6.31681
372.990,5.32037
373.356,9.31709
373.721,7.32091
374.087,3.31818
374.453,3.31818
374.818,4.31818
375.184,4.31818
375.549,6.31818
375.915,7.31709
376.280,6.319
376.645,5.31818
377.010,5.31763
377.376,4.32037
377.741,6.31599
378.106,8.31654
378.471,4.32037
378.836,3.31873
379.201,4.31763
379.566,3.31873
379.931,2.319
380.296,3.31681
380.661,5.31708
381.026,4.31928
381.391,6.31763
381.755,6.31818
382.120,7.31654
382.485,5.31873
382.849,5.31489
383.214,2.31818
383.579,4.31955
383.943,5.31791
384.307,2.319
384.672,3.31736
385.036,4.31818
385.401,4.31736
385.765,3.31955
386.129,8.31406
386.493,7.31846
386.857,8.31818
387.222,7.31736
387.586,4.31763
387.950,2.31873
388.314,4.31818
388.677,5.3179
389.041,7.31708
389.405,4.32148
389.769,5.31598
390.133,3.31818
390.497,3.31818
390.860,5.3223
391.224,8.31736
391.588,5.32065
391.951,7.31763
392.315,6.319
392.678,5.31818
393.042,5.31818
393.405,5.31818
393.768,5.31818
394.132,5.31955
394.495,6.31736
394.858,6.31818
395.221,4.31818
395.584,4.3179
395.948,3.31763
396.311,2.31818
396.674,2.31983
397.037,5.31846
397.400,6.31818
397.762,4.31873
398.125,4.31818
398.488,2.32369
398.851,6.31818
399.214,6.31818
399.576,8.31542
399.939,7.3179
400.302,6.31901
400.664,5.31763
401.027,4.31901
401.389,3.31873
401.752,5.31956
402.114,6.31763
402.476,5.31818
402.839,5.31818
403.201,5.31818
403.563,6.31763
403.925,3.31901
404.287,2.31818
404.649,1.31818
405.011,1.31846
405.373,2.31818
405.735,3.31818
406.097,3.31818
406.459,4.31735
406.821,5.32371
407.183,9.31652
407.545,6.31818
407.906,5.31928
408.268,5.31901
408.630,6.31763
408.991,2.32039
409.353,4.31763
409.714,3.31901
410.076,4.31763
410.437,7.3179
410.799,6.3168
411.160,5.31873
411.521,3.31818
411.882,4.31929
412.244,6.3204
412.605,8.31542
412.966,6.32039
413.327,7.31707
413.688,5.3204
414.049,6.31707
414.410,8.31403
414.771,5.31818
415.132,5.31846
415.492,6.3179
415.853,6.31818
416.214,4.31818
416.575,4.31818
416.935,5.31707
417.296,4.31818
417.656,4.31818
418.017,5.31873
418.378,6.31735
418.738,6.3179
419.098,5.31818
419.459,5.31818
419.819,7.31818
420.179,7.31985
420.540,10.3193
420.900,11.3171
421.260,8.32068
421.620,7.31901
421.980,4.32068
422.340,9.31401
422.700,7.3204
423.060,7.31818
423.420,8.31707
423.780,7.31707
424.139,5.31874
424.499,4.31901
424.859,5.31818
425.219,5.31818
425.578,5.31818
425.938,5.3179
426.297,4.31929
426.657,4.3179
427.016,3.31818
427.376,3.31818
427.735,4.32096
428.094,9.31124
428.454,8.31874
428.813,5.31818
429.172,6.31762
429.531,4.32069
429.890,7.31734
430.250,6.31707
430.609,5.31595
430.968,3.32069
431.327,6.31818
431.685,6.3179
432.044,5.31846
432.403,4.31902
432.762,6.31929
433.121,7.3179
433.479,6.31874
433.838,5.32152
434.197,8.31818
434.555,8.31539
434.914,6.31818
435.272,5.31929
435.631,6.31762
435.989,7.3165
436.347,4.32097
436.706,6.31651
437.064,6.31818
437.422,7.3165
437.780,4.31818
438.138,4.31818
438.497,4.31818
438.855,4.32656
439.213,10.3148
439.571,7.31818
439.928,7.31874
440.286,8.31734
440.644,5.31902
441.002,7.31595
441.360,6.31734
441.717,5.31818
442.075,4.3193
442.433,3.3193
442.790,5.31706
443.148,5.31734
443.505,4.31902
443.863,5.31874
444.220,7.31539
444.578,7.31818
444.935,6.3179
445.292,5.3193
445.649,6.31678
446.007,7.31734
446.364,8.31762
446.721,6.31874
447.078,3.31902
447.435,6.31734
447.792,5.31874
448.149,4.31902
448.506,7.31482
448.863,4.3137
449.220,0.319863
449.576,3.31734
449.933,4.31706
450.290,6.31762
450.646,5.31874
451.003,4.31818
451.359,4.31818
451.716,5.31566
452.072,2.31986
452.429,3.31706
452.785,1.32378
453.142,5.31594
453.498,4.31818
453.854,3.31734
454.210,2.31818
454.566,2.31818
454.923,0.320429
455.279,3.31565
455.635,4.31734
455.991,6.31593
456.347,5.31958
456.703,4.31818
457.058,4.31818
457.414,4.31818
457.770,5.31734
458.126,4.31593
458.481,2.31874
458.837,4.31649
459.193,4.31762
459.548,3.31874
459.904,2.31874
460.259,3.31734
460.615,3.3179
460.970,2.32155
461.325,5.31565
461.681,3.31818
462.036,3.31931
462.391,5.31931
462.746,6.31397
463.101,3.32155
463.456,3.31818
463.812,6.3148
464.167,7.31705
464.522,5.321
464.876,4.31931
465.231,5.31762
465.586,4.31818
465.941,2.31987
466.296,1.32043
466.650,3.31874
467.005,5.31649
467.360,6.31733
467.714,5.31874
468.069,4.31733
468.423,3.31902
468.778,5.3179
469.132,4.321
469.486,6.31705
469.841,4.31818
470.195,4.32072
470.549,7.31536
470.903,5.32043
471.257,4.31903
471.612,2.31931
471.966,1.31875
472.320,1.31818
472.674,3.31592
473.027,4.31677
473.381,7.31479
473.735,4.31846
474.089,5.3179
474.443,7.31592
474.796,7.31733
475.150,6.31846
475.504,5.31959
475.857,6.31818
476.211,6.31677
476.564,5.31846
476.918,4.31903
477.271,5.31733
477.624,6.31818
477.978,3.31818
478.331,3.32242
478.684,6.31564
479.037,6.31818
479.391,8.31761
479.744,7.31818
480.097,3.31818
480.450,1.31875
480.803,3.31761
481.156,7.31478
481.508,6.31931
481.861,4.31591
482.214,2.31846
482.567,3.31761
482.920,5.31676
483.272,4.31818
483.625,4.31818
483.977,5.31761
484.330,4.31903
484.682,4.3179
485.035,3.3196
485.387,3.31818
485.740,4.31875
486.092,5.31535
486.444,3.31988
486.796,3.31818
487.149,4.31818
487.501,3.3179
487.853,2.31989
488.205,5.31932
488.557,7.31733
488.909,4.31818
489.261,4.31818
489.613,4.31818
489.964,3.31932
490.316,5.31903
490.668,6.31818
491.020,4.31989
491.371,2.31648
491.723,0.31875
492.074,5.31704
492.426,4.31846
492.777,5.31818
493.129,5.31818
493.480,6.31704
493.832,2.31591
494.183,0.319887
494.534,2.31761
494.885,4.3179
495.237,3.31875
495.588,4.31904
495.939,5.31818
496.290,5.31733
496.641,4.31904
496.992,5.31761
497.343,4.31818
497.694,4.31818
498.044,6.31647
498.395,4.31932
498.746,5.3179
499.097,4.31875
499.447,3.31818
499.798,3.31818
500.148,4.32103
500.499,6.31818
500.849,5.31818
501.200,5.31818
501.550,6.31704
501.901,4.32103
502.251,6.31647
502.601,6.31818
502.951,7.31818
503.302,7.31875
503.652,8.31732
504.002,7.31818
504.352,7.31704
504.702,6.31732
505.052,5.31761
505.402,4.31847
505.751,5.31789
506.101,6.31732
506.451,4.31818
506.801,4.31761
507.151,2.31932
507.500,2.32047
507.850,4.31761
508.199,3.31818
508.549,3.31818
508.898,7.31732
509.248,6.31904
509.597,7.31818
509.946,5.31904
510.296,6.31704
510.645,6.31818
510.994,5.31818
511.343,4.31847
511.692,5.31818
512.041,5.31875
512.391,6.31818
512.739,6.31761
513.088,4.31818
513.437,4.31818
513.786,5.31732
514.135,5.32964
514.484,13.3159
514.832,9.31933
515.181,7.31675
515.530,6.31732
515.878,3.32162
516.227,4.31847
516.575,5.31703
516.924,2.31818
517.272,5.31933
517.621,6.31732
517.969,4.31818
518.317,3.31818
518.665,3.31818
519.014,3.31818
519.362,3.31818
519.710,3.31818
520.058,4.31732
520.406,6.31646
520.754,4.3199
521.102,4.31818
521.450,7.31588
521.798,5.31703
522.145,3.31875
522.493,4.31703
522.841,7.31646
523.188,5.31876
523.536,5.31674
523.884,4.31818
524.231,4.31818
524.579,4.31818
524.926,2.31703
525.273,1.31904
525.621,1.31818
525.968,1.31904
526.315,2.31674
526.663,1.31905
527.010,5.31588
527.357,5.31818
527.704,4.31818
528.051,2.31818
528.398,5.31731
528.745,5.31818
529.092,4.31905
529.439,4.31818
529.786,4.31818
530.132,4.31818
530.479,5.31731
530.826,2.31703
531.172,1.31818
531.519,1.31818
531.866,3.31789
532.212,2.31962
532.559,3.31818
532.905,6.31472
533.251,2.32164
533.598,4.31818
533.944,5.31645
534.290,2.31818
534.636,2.31818
534.983,2.31818
535.329,5.31645
535.675,4.31876
536.021,2.31934
536.367,1.31905
536.713,1.31818
537.059,2.31818
537.404,2.31905
537.750,3.31818
538.096,3.31818
538.442,5.31818
538.787,5.31818
539.133,4.31934
539.479,5.31818
539.824,5.31818
540.169,5.31905
540.515,8.31385
540.860,6.31876
541.206,1.31818
541.551,1.32396
541.896,5.31471
542.242,5.31818
542.587,4.31818
542.932,6.3176
543.277,4.3176
543.622,2.31876
543.967,3.31818
544.312,3.31818
544.657,5.3176
545.002,3.31992
545.346,2.31963
545.691,2.31876
546.036,3.31789
546.381,3.31818
546.725,1.31876
547.070,2.31731
547.415,6.31731
547.759,5.31905
548.103,6.31818
548.448,6.31818
548.792,3.31905
549.137,4.31818
549.481,4.32398
549.825,9.31238
550.169,8.31876
550.513,3.31963
550.858,4.31818
551.202,3.31818
551.546,5.31818
551.890,2.31905
552.234,1.31876
552.577,2.31702
552.921,2.31818
553.265,2.31934
553.609,4.3176
553.953,5.31702
554.296,4.31702
554.640,2.31934
554.983,2.31992
555.327,4.31702
555.670,5.31818
556.014,5.31818
556.357,5.31818
556.701,6.31731
557.044,5.31963
557.387,4.31876
557.730,1.31906
558.073,1.31906
558.417,4.31993
558.760,7.31701
559.103,5.31701
559.446,3.31906
559.789,6.31818
560.132,9.3173
560.474,8.31906
560.817,6.31672
561.160,5.31643
561.503,2.31906
561.845,3.31672
562.188,4.31789
562.531,3.31906
562.873,2.31701
563.216,0.320514
563.558,2.31847
563.900,3.31701
564.243,2.31876
564.585,3.31818
564.927,5.3173
565.270,4.31818
565.612,4.31818
565.954,3.31906
566.296,2.31906
566.638,4.31701
566.980,3.31906
567.322,5.31584
567.664,4.31964
568.006,4.32081
568.348,7.31789
568.689,6.31847
569.031,4.32052
569.373,3.31876
569.714,4.31759
570.056,3.32052
570.398,5.31759
570.739,5.31818
571.081,5.31818
571.422,4.31818
571.763,4.31818
572.105,3.31877
572.446,6.31818
572.787,5.31818
573.128,5.31818
573.470,5.31818
573.811,4.31935
574.152,5.31701
574.493,5.31818
574.834,3.31965
575.175,4.31818
575.516,4.31818
575.856,4.31818
576.197,2.31935
576.538,3.31965
576.879,4.31789
577.219,3.31906
577.560,3.31642
577.900,1.31935
578.241,1.32082
578.581,4.31642
578.922,3.31789
579.262,2.31965
579.603,3.31759
579.943,5.31818
580.283,4.31642
580.623,2.3217
580.963,5.31378
581.304,3.32053
581.644,1.32053
581.984,3.31583
582.324,6.31465
582.664,5.32053
583.003,7.31818
583.343,7.31816
583.683,5.31818
584.023,5.31818
584.363,3.31818
584.702,6.31818
585.042,5.31818
585.381,3.31818
585.721,3.31818
586.060,4.31818
586.400,4.31818
586.739,3.31818
587.079,5.31818
587.418,2.31818
587.757,1.31818
588.096,5.31818
588.435,4.31818
588.775,5.31818
589.114,4.31818
589.453,4.31818
589.792,2.31818
590.131,5.31818
590.469,4.31818
590.808,4.31818
591.147,3.31818
591.486,3.31818
591.825,4.31818
592.163,2.31818
592.502,5.31818
592.840,6.31818
593.179,6.31818
593.517,3.31818
593.856,4.31818
594.194,5.3182
594.533,6.31759
594.871,5.3167
595.209,4.31907
595.547,4.31818
595.886,2.31818
596.224,2.31848
596.562,3.31818
596.900,3.31788
597.238,2.31818
597.576,-0.68093
597.914,-1.68123
598.251,0.315815
598.589,0.321732
598.927,3.31788
599.265,2.31907
599.602,1.31936
599.940,2.31818
600.278,4.31818
600.615,4.31818
600.953,2.31936
601.290,3.31759
601.627,3.31937
601.965,5.31818
602.302,5.31818
602.639,1.31818
602.976,3.31848
603.314,4.31818
603.651,4.3164
603.988,2.31937
604.325,3.32174
604.662,6.31729
604.999,5.31581
605.336,1.31848
605.673,2.31788
606.009,3.31699
606.346,4.31818
606.683,4.31818
607.020,2.31996
607.356,1.31937
607.693,3.31699
608.029,5.31818
608.366,5.31818
608.702,3.31848
609.039,4.32115
609.375,6.31699
609.711,2.31818
610.047,0.319372
610.384,2.32293
610.720,6.31224
611.056,5.31937
611.392,2.32175
611.728,2.31818
612.064,2.31818
612.400,2.31967
612.736,3.31997
613.072,5.31818
613.407,5.31818
613.743,2.32175
614.079,2.32086
614.415,5.31729
614.750,2.32562
615.086,7.31818
615.421,5.3152
615.757,3.31878
616.092,5.3155
616.427,2.32175
616.763,0.318779
617.098,-0.681221
617.433,0.319372
617.769,1.31699
618.104,6.3137
618.439,5.31878
618.774,2.31997
619.109,4.31699
619.444,5.31728
619.779,3.32057
620.114,3.31699
620.449,2.31758
620.783,1.31818
621.118,2.31728
621.453,3.32057
621.787,5.31818
622.122,0.325645
622.457,-0.679728
622.791,6.30773
623.126,5.31818
623.460,1.31818
623.794,1.31818
624.129,2.31818
624.463,2.31938
624.797,4.3146
625.131,1.32176
625.466,-0.680022
625.800,2.31638
626.134,3.31758
626.468,5.31698
626.802,4.31908
627.136,3.31938
627.469,5.31578
627.803,3.31758
628.137,2.31848
628.471,2.31818
628.805,3.31818
629.138,3.31818
629.472,1.32177
629.805,4.31728
630.139,3.32057
630.472,5.31698
630.806,6.31638
631.139,3.32267
631.472,1.31938
631.806,3.31848
632.139,4.31818
632.472,4.31698
632.805,3.31519
633.138,1.32117
633.471,2.31698
633.804,0.321185
634.137,0.320584
634.470,2.31998
634.803,4.31758
635.136,2.31878
635.469,1.31938
635.801,2.32088
636.134,5.31728
636.467,4.31968
636.799,2.31848
637.132,3.31698
637.464,5.31818
637.797,7.31458
638.129,4.31998
638.461,3.31788
638.794,2.31698
639.126,1.31938
639.458,2.31758
639.790,4.31758
640.122,4.31818
640.455,1.31818
640.787,1.31818
641.119,4.31818
641.451,3.31848
641.782,2.31908
642.114,1.31969
642.446,0.319086
642.778,1.31818
643.110,1.31818
643.441,0.319989
643.773,2.31758
644.104,1.31698
644.436,0.318483
644.767,1.31999
645.099,3.31637
645.430,3.31818
645.762,3.31577
646.093,1.32059
646.424,1.31818
646.755,4.31818
647.086,5.31939
647.418,9.31637
647.749,6.31939
648.080,8.31576
648.411,4.31758
648.741,2.31818
649.072,2.31818
649.403,4.31576
649.734,5.31576
650.065,3.31818
650.395,5.31637
650.726,3.31637
651.057,1.31878
651.387,2.3206
651.718,4.31697
652.048,1.31909
652.378,2.31697
652.709,3.31818
653.039,6.31636
653.369,3.31365
653.700,0.320901
654.030,2.31697
654.360,4.31757
654.690,4.31818
655.020,2.31879
655.350,2.31818
655.680,1.31879
656.010,4.31545
656.340,5.32121
656.670,7.31545
656.999,4.31818
657.329,4.31818
657.659,3.31636
657.988,1.31879
658.318,0.320606
658.647,2.31757
658.977,2.32182
659.306,6.31454
659.636,7.31666
659.965,2.31939
660.294,3.31727
660.624,2.31848
660.953,4.31818
661.282,4.31818
661.611,4.31696
661.940,2.32061
662.269,6.31818
662.598,6.31818
662.927,6.31818
663.256,5.31848
663.585,1.32183
663.914,0.318182
664.242,0.31879
664.571,2.31696
664.900,4.32061
665.228,6.31757
665.557,5.31514
665.885,3.31879
666.214,2.32092
666.542,5.31544
666.870,6.31818
667.199,4.31636
667.527,2.32061
667.855,2.31818
668.184,3.31787
668.512,5.31818
668.840,4.31818
669.168,2.31818
669.496,4.31818
669.824,6.31757
670.152,4.32001
670.479,2.32062
670.807,6.31452
671.135,2.31818
671.463,2.31818
671.790,1.32001
672.118,3.31757
672.446,0.319706
672.773,1.31787
673.101,-0.679379
673.428,1.31696
673.755,3.31849
674.083,4.3133
674.410,0.321841
674.737,0.318182
675.064,2.31818
675.392,1.3194
675.719,3.31879
676.046,4.31818
676.373,4.31757
676.700,3.31787
677.027,2.31818
677.354,5.31726
677.680,6.31696
678.007,4.31696
678.334,3.31726
678.660,0.320934
678.987,0.319099
679.314,1.31787
679.640,1.31818
679.967,1.31818
680.293,2.31879
680.620,3.31696
680.946,2.31849
681.272,0.318182
681.599,0.319405
681.925,1.31696
682.251,4.31542
682.577,3.31879
682.903,2.31879
683.229,5.31634
683.555,6.31757
683.881,4.32002
684.207,5.31665
684.533,4.3191
684.859,5.31818
685.184,5.31818
685.510,3.31818
685.836,3.31818
686.161,1.32063
686.487,1.31879
686.812,3.31573
687.138,1.31818
687.463,-0.681818
687.788,-0.681818
688.114,0.318182
688.439,0.318797
688.764,1.32309
689.090,5.31327
689.415,5.31818
689.740,3.32003
690.065,3.31818
690.390,1.32003
690.715,8.30956
691.040,7.31356
691.364,4.31818
691.689,4.31818
692.014,5.31757
692.339,6.32433
692.663,11.3173
692.988,8.32187
693.313,4.31695
693.637,2.32064
693.962,1.31911
694.286,4.31664
694.610,3.3188
694.935,1.31756
695.259,-0.679356
695.583,1.31572
695.907,1.31818
696.232,4.31633
696.556,2.3188
696.880,2.31818
697.204,2.31818
697.528,2.31818
697.852,4.31633
698.175,3.31972
698.499,4.31818
698.823,4.31818
699.147,7.3154
699.470,5.31725
699.794,4.31849
700.118,6.31818
700.441,6.31818
700.765,9.31695
701.088,8.3188
701.411,5.31787
701.735,4.31818
702.058,4.31818
702.381,4.31818
702.705,4.31725
703.028,1.32004
703.351,4.3188
703.674,5.31818
703.997,5.31694
704.320,3.31818
704.643,3.31818
704.966,6.31725
705.288,4.32004
705.611,4.3157
705.934,2.31818
706.257,2.31818
706.579,4.31818
706.902,4.31818
707.224,5.31447
707.547,2.32004
707.869,5.31632
708.192,2.3219
708.514,3.31787
708.836,2.31818
709.159,2.32313
709.481,6.31323
709.803,4.32004
710.125,4.31818
710.447,5.31756
710.769,5.31818
711.091,2.32097
711.413,3.31694
711.735,5.31694
712.057,4.31694
712.379,2.31818
712.700,4.31632
713.022,2.32004
713.344,4.31756
713.665,4.31818
713.987,4.31818
714.308,6.31694
714.630,5.3188
714.951,2.31818
715.272,2.31818
715.594,3.31756
715.915,6.31818
716.236,5.31756
716.557,4.31818
716.878,4.31693
717.199,3.31818
717.520,3.31693
717.841,2.31818
718.162,2.31756
718.483,1.31818
718.804,1.31818
719.125,2.31693
719.446,3.31912
719.766,4.31787
720.087,4.31818
720.408,3.31818
720.728,3.31818
721.049,3.31849
721.369,4.3213
721.689,6.31693
722.010,4.31693
722.330,2.32192
722.650,5.31538
722.970,4.31881
723.291,2.31818
723.611,0.318182
723.931,0.318182
724.251,0.318807
724.571,2.31818
724.891,5.31724
725.211,6.31724
725.530,3.32287
725.850,4.31818
726.170,4.31818
726.490,4.31818
726.809,4.31693
727.129,2.31943
727.448,0.318182
727.768,0.318182
728.087,1.31849
728.407,2.31662
728.726,3.31755
729.045,2.31787
729.365,1.31912
729.684,2.31662
730.003,1.31943
730.322,0.319122
730.641,2.3163
730.960,1.31912
731.279,1.31818
731.598,1.31818
731.917,2.31567
732.236,0.318809
732.555,2.31755
732.873,2.31818
733.192,5.31755
733.511,4.31881
733.829,3.31567
734.148,1.31881
734.466,5.31912
734.785,6.31755
735.103,3.31818
735.421,3.31693
735.740,2.31912
736.058,2.31818
736.376,5.31849
736.694,6.31881
737.013,7.31629
737.331,5.31629
737.649,3.31724
737.967,2.31818
738.284,2.31849
738.602,3.31787
738.920,4.31724
739.238,4.31975
739.556,5.31787
739.873,4.31881
740.191,5.31944
740.509,6.31787
740.826,4.31692
741.144,3.31849
741.461,2.32007
741.778,4.31566
742.096,2.31881
742.413,5.31755
742.730,4.31692
743.048,3.31944
743.365,3.31818
743.682,1.31944
743.999,3.31692
744.316,2.31913
744.633,2.31818
744.950,2.31818
745.267,0.321967
745.583,3.31786
745.900,2.31849
746.217,1.31944
746.534,3.31881
746.850,4.31755
747.167,2.31818
747.483,2.31818
747.800,6.31818
748.116,6.31818
748.433,6.31818
748.749,4.31723
749.065,3.31976
749.381,3.31818
749.698,7.31691
750.014,5.31818
750.330,6.3185
750.646,7.3166
750.962,2.31818
751.278,1.3185
751.594,6.31501
751.910,6.31818
752.225,3.31818
752.541,3.31881
752.857,5.31691
753.172,6.31818
753.488,6.31818
753.804,4.32134
754.119,3.31818
754.435,4.31945
754.750,5.31755
755.065,3.3185
755.381,4.31565
755.696,2.32008
756.011,4.31754
756.326,5.31818
756.642,6.31818
756.957,6.31881
757.272,8.31755
757.587,6.3185
757.902,7.31818
758.216,8.31755
758.531,8.31818
758.846,8.3182
759.161,8.31826
759.476,8.31843
759.790,8.31879
760.105,8.31944
760.419,8.32051
760.734,8.32215
761.048,8.32454
761.363,8.32788
761.677,8.33237
761.991,8.33827
762.306,8.34585
762.620,8.35539
762.934,8.36719
763.248,8.38161
763.562,8.39899
763.876,8.41972
764.190,8.4442
764.504,8.47286
764.818,8.50613
765.132,8.54451
765.446,8.58846
765.759,8.63852
766.073,8.69524
766.387,8.75915
766.700,8.83084
767.014,8.91093
767.327,9.00006
767.641,9.09885
767.954,9.20797
768.267,9.32815
768.581,9.4601
768.894,9.60454
769.207,9.76221
769.520,9.93401
769.833,10.1206
770.146,10.3228
770.459,10.5417
770.772,10.7779
771.085,11.0324
771.398,11.3061
771.711,11.6
772.024,11.915
772.336,12.2521
772.649,12.6123
772.962,12.9966
773.274,13.4061
773.587,13.8418
773.899,14.3048
774.212,14.7963
774.524,15.3174
774.836,17.3169
775.149,16.3172
775.461,13.3172
775.773,12.3272
776.085,19.3198
776.397,20.3166
776.709,18.3214
777.021,24.3262
777.333,29.3195
777.645,30.3259
777.957,42.3182
778.269,57.3086
778.580,106.876
778.892,454.723
779.204,1717.1
779.515,2653.68
779.827,3026.08
780.138,2351.42
780.450,1412.22
780.761,926.318
781.073,682.167
781.384,564.469
781.695,450.391
782.006,376.318
782.317,301.297
782.629,237.283
782.940,182.279
783.251,121.289
783.562,76.3092
783.872,48.3182
784.183,34.3272
784.494,25.3298
784.805,20.3143
785.116,16.3182
785.426,12.3233
785.737,12.3169
786.048,10.3195
786.358,9.32075
786.668,13.3143
786.979,12.3179
787.289,11.3169
787.600,10.3192
787.910,10.3182
788.220,9.31786
788.530,8.32108
788.840,11.3182
789.150,11.3195
789.460,12.3156
789.771,10.3143
790.080,7.31721
790.390,6.31915
790.700,9.31721
791.010,10.3172
791.320,15.3169
791.629,14.3182
791.939,16.3156
792.249,20.3195
792.558,22.3163
792.868,24.3259
793.177,36.3027
793.486,114.293
793.796,592.829
794.105,1383.04
794.414,1733.98
794.724,1723.32
795.033,1081.32
795.342,724.251
795.651,518.284
795.960,412.299
796.269,354.318
796.578,278.343
796.887,242.353
797.195,187.258
797.504,150.289
797.813,105.333
798.122,73.2842
798.430,52.3117
798.739,32.3441
799.047,22.3159
799.356,15.3295
799.664,12.3192
799.972,10.3188
800.281,11.3166
800.589,10.3192
800.897,12.3176
801.205,7.31818
801.514,7.32013
801.822,10.3182
802.130,10.3163
802.438,7.31753
802.746,5.31818
803.053,6.31785
803.361,4.32013
803.669,7.31688
803.977,6.31785
804.284,5.31915
804.592,4.31818
804.900,4.31818
805.207,7.31948
805.515,8.31753
805.822,7.31818
806.130,7.31818
806.437,5.31883
806.744,5.31785
807.051,4.31818
807.359,4.31818
807.666,7.31427
807.973,5.32013
808.280,5.31818
808.587,4.31948
808.894,4.31818
809.201,7.31818
809.508,7.31688
809.814,5.31818
810.121,7.31623
810.428,6.31818
810.734,6.31818
811.041,4.32144
811.348,5.31818
811.654,5.31818
811.960,5.31818
812.267,5.31818
812.573,5.31818
812.880,4.31851
813.186,3.31818
813.492,3.31818
813.798,3.3221
814.104,6.31655
814.410,5.31491
814.716,3.31981
815.022,4.31818
815.328,4.31622
815.634,2.31949
815.940,6.31687
816.246,4.32079
816.551,3.3172
816.857,2.31851
817.163,3.32145
817.468,5.31818
817.774,6.31164
818.079,2.31949
818.385,2.3172
818.690,1.31949
818.995,5.31687
819.300,4.31785
819.606,3.31916
819.911,4.31949
820.216,5.31655
820.521,4.31949
820.826,4.31818
821.131,4.31818
821.436,4.31818
821.741,4.31818
822.046,4.31818
822.350,3.31916
822.655,3.31687
822.960,2.31818
823.265,2.31818
823.569,3.31884
823.874,4.3172
824.178,2.31851
824.482,3.31654
824.787,3.31818
825.091,4.31686
825.395,2.31687
825.700,1.31949
826.004,1.31818
826.308,2.31752
826.612,3.31785
826.916,4.31785
827.220,4.31818
827.524,2.32015
827.828,0.320814
828.132,4.31818
828.436,4.31752
828.739,2.3195
829.043,1.32311
829.347,4.31851
829.650,5.31686
829.954,5.31719
830.257,2.32213
830.561,5.31818
830.864,10.3162
831.167,8.32081
831.471,4.3195
831.774,3.31851
832.077,4.31554
832.380,0.322142
832.683,4.31554
832.986,2.31818
833.289,2.31818
833.592,2.31818
833.895,2.3195
834.198,6.31686
834.501,5.3195
834.804,3.3195
835.106,4.31818
835.409,2.32082
835.711,4.31686
836.014,2.32016
836.316,2.31785
836.619,1.31983
836.921,1.31818
837.224,3.31685
837.526,1.32148
837.828,3.3162
838.130,5.31686
838.432,5.31818
838.735,2.31818
839.037,2.31818
839.339,7.31818
839.641,7.31818
839.942,3.32215
840.244,1.32083
840.546,3.31619
840.848,1.31818
841.150,3.31619
841.451,2.31818
841.753,2.31818
842.054,2.31818
842.356,2.31818
842.657,4.31884
842.959,5.31686
843.260,4.31851
843.561,3.31884
843.863,4.32348
844.164,8.31288
844.465,2.32416
844.766,0.320175
845.067,1.31718
845.368,0.319179
845.669,3.31419
845.970,5.31652
846.271,4.31718
846.572,3.31918
846.872,6.31619
847.173,4.31685
847.474,3.31818
847.774,6.31419
848.075,3.31818
848.375,3.31818
848.676,5.31818
848.976,3.31685
849.276,2.31918
849.577,3.31785
849.877,4.31885
850.177,5.31718
850.477,4.32085
850.777,6.31818
851.077,6.31818
851.377,6.31651
851.677,5.32618
851.977,11.3215
852.277,16.3195
852.577,20.3155
852.877,19.3199
853.176,17.3175
853.476,16.3189
853.776,12.3155
854.075,10.3189
854.375,10.3209
854.674,12.3169
854.973,7.31718
855.273,4.31685
855.572,3.31918
855.871,5.31751
856.171,4.31851
856.470,5.31751
856.769,4.31517
857.068,1.3232
857.367,6.31885
857.666,7.31785
857.965,6.31818
858.264,5.31885
858.562,6.31684
858.861,4.31718
859.160,3.31818
859.458,5.3155
859.757,5.31751
860.056,3.32086
860.354,1.31751
860.652,-0.678474
860.951,-0.681818
861.249,0.319524
861.547,2.31684
861.846,1.31952
862.144,2.31751
862.442,1.31852
862.740,3.31818
863.038,4.31818
863.336,2.31885
863.634,4.31684
863.932,3.31919
864.230,2.31986
864.528,3.32019
864.825,5.31818
865.123,3.32086
865.421,3.31751
865.718,2.31885
866.016,0.319189
866.313,1.31751
866.611,0.318853
866.908,1.3165
867.206,2.31751
867.503,2.31852
867.800,3.31919
868.097,4.31818
868.394,4.31818
868.691,5.31683
868.989,4.31953
869.285,5.3165
869.582,3.3165
869.879,2.31616
870.176,0.318519
870.473,1.31784
870.770,2.31683
871.066,3.31885
871.363,4.31751
871.660,2.32087
871.956,4.31751
872.253,5.31616
872.549,3.3202
872.845,4.31818
873.142,2.31919
873.438,3.31683
873.734,4.3175
874.030,2.31886
874.327,3.31818
874.623,2.31818
874.919,2.31818
875.215,2.31818
875.511,1.31852
875.806,1.31818
876.102,3.3148
876.398,3.32021
876.694,5.31818
876.989,4.31953
877.285,4.3175
877.581,3.31919
