# Stronzio (Sr) - saggio alla fiamma, USB2000 S/N USB2G16606
# registrazione: fsr_usb2000_spettrogramma_20260921_161953
# selezione: media delle 12 righe piu intense in 595-690 nm (su 13)
# integrazione: 200 ms · rumore: 0.25 conteggi
# fondo strumentale sottratto; punte di 1-2 pixel rimosse
# cancellato Na a 589 nm +-5 nm (c'era un picco da 662 conteggi)
# cancellato K a 768 nm +-7 nm (c'era un picco da 2801 conteggi)
wavelength_nm,intensity_counts
176.507,-1.10717
176.894,-1.42633
177.280,-1.57133
177.667,-1.26467
178.054,-1.04467
178.440,-1.05467
178.827,-1.56883
179.213,-1.46467
179.599,-1.06717
179.986,-1.24633
180.372,-1.71467
180.758,-1.73633
181.144,-1.62800
181.530,-1.55883
181.917,-1.43883
182.303,-1.44800
182.689,-1.01633
183.075,-1.16300
183.461,-1.63633
183.847,-1.46967
184.232,-1.28550
184.618,-1.27717
185.004,-1.45883
185.390,-1.05217
185.776,-1.11467
186.161,-1.09550
186.547,-1.25883
186.933,-0.91467
187.318,-1.16883
187.704,-1.47967
188.089,-0.96550
188.475,-1.42383
188.860,-1.28967
189.245,-1.34467
189.631,-1.15300
190.016,-1.12800
190.401,-1.10717
190.787,-1.15633
191.172,-1.35217
191.557,-1.61383
191.942,-1.25633
192.327,-1.44133
192.712,-1.45133
193.097,-1.18800
193.482,-0.95467
193.867,-1.37217
194.252,-1.30467
194.637,-1.26717
195.022,-1.45467
195.406,-1.23883
195.791,-1.39800
196.176,-1.30883
196.560,-1.38050
196.945,-1.55550
197.330,-1.46467
197.714,-1.52300
198.099,-1.79633
198.483,-1.64133
198.868,-1.32217
199.252,-1.29800
199.636,-1.12133
200.020,-0.91300
200.405,-1.16967
200.789,-1.37133
201.173,-1.34050
201.557,-1.61050
201.941,-1.47717
202.325,-1.45717
202.709,-1.93883
203.093,-1.73467
203.477,-1.85550
203.861,-2.01300
204.245,-1.91133
204.629,-1.54633
205.013,-1.02717
205.397,-1.16800
205.780,-1.27717
206.164,-1.41467
206.548,-1.30633
206.931,-1.12133
207.315,-1.22217
207.698,-1.24217
208.082,-1.22133
208.465,-1.35883
208.848,-1.19633
209.232,-1.47717
209.615,-1.63550
209.998,-1.33883
210.382,-1.60550
210.765,-1.46217
211.148,-1.49633
211.531,-1.27217
211.914,-0.74300
212.297,-1.23050
212.680,-1.30217
213.063,-1.46050
213.446,-1.31633
213.829,-0.80883
214.212,-1.07217
214.595,-1.24633
214.977,-1.40717
215.360,-1.51800
215.743,-1.66300
216.125,-1.36967
216.508,-1.18717
216.891,-1.20550
217.273,-0.93800
217.656,-1.21050
218.038,-1.14467
218.420,-1.21133
218.803,-1.41717
219.185,-1.41050
219.567,-0.75483
219.950,-0.87800
220.332,-0.81867
220.714,-0.73700
221.096,-1.49383
221.478,-1.28550
221.860,-1.53217
222.242,-1.33967
222.624,-1.48967
223.006,-1.28883
223.388,-1.34883
223.770,-1.71383
224.152,-1.19383
224.534,-0.97717
224.915,-1.05967
225.297,-1.19633
225.679,-1.23717
226.060,-1.95967
226.442,-1.67883
226.823,-1.64050
227.205,-1.29217
227.587,-1.45133
227.968,-1.19383
228.349,-1.12800
228.731,-1.28883
229.112,-1.36633
229.493,-1.68050
229.874,-1.39050
230.256,-1.34133
230.637,-1.47133
231.018,-1.19217
231.399,-1.33633
231.780,-1.25967
232.161,-1.50633
232.542,-1.41800
232.923,-1.59467
233.304,-1.58633
233.685,-1.50883
234.065,-1.08383
234.446,-1.20883
234.827,-1.23800
235.207,-1.30467
235.588,-1.37133
235.969,-0.86300
236.349,-1.23550
236.730,-1.03383
237.110,-1.44217
237.491,-1.21717
237.871,-1.53467
238.251,-1.58133
238.632,-1.72967
239.012,-1.41883
239.392,-1.62300
239.772,-1.80633
240.153,-1.63550
240.533,-1.92217
240.913,-1.71383
241.293,-1.70133
241.673,-1.76217
242.053,-1.42800
242.433,-1.46883
242.813,-1.59217
243.192,-1.59800
243.572,-1.20050
243.952,-0.62800
244.332,-0.97533
244.711,-1.25550
245.091,-1.35217
245.471,-1.45050
245.850,-1.73133
246.230,-1.42967
246.609,-1.57800
246.989,-1.73133
247.368,-1.30133
247.747,-1.57967
248.127,-1.77967
248.506,-0.89367
248.885,-1.04900
249.264,-0.83800
249.644,-1.04550
250.023,-1.57133
250.402,-1.27550
250.781,-1.41383
251.160,-1.00550
251.539,-1.21967
251.918,-1.68717
252.297,-1.19300
252.675,-1.29050
253.054,-1.63383
253.433,-1.46050
253.812,-1.20550
254.190,-1.37217
254.569,-1.50050
254.948,-1.43467
255.326,-1.62217
255.705,-1.25717
256.083,-1.14133
256.462,-1.39300
256.840,-1.07633
257.219,-0.85133
257.597,-1.38550
257.975,-1.01800
258.353,-1.32217
258.731,-0.81550
259.110,-1.08383
259.488,-1.25467
259.866,-1.10550
260.244,-0.64350
260.622,-0.72067
261.000,-1.28300
261.378,-1.19050
261.756,-0.94300
262.134,-0.78067
262.511,-1.03200
262.889,-1.48750
263.267,-1.59850
263.645,-0.69500
264.022,-0.69567
264.400,-1.08883
264.777,-1.27633
265.155,-1.11967
265.532,-0.81883
265.910,-1.17300
266.287,-1.53383
266.665,-1.46550
267.042,-1.47133
267.419,-1.21300
267.796,-0.73883
268.174,-0.98050
268.551,-0.70467
268.928,-1.13550
269.305,-1.24383
269.682,-1.17800
270.059,-0.98550
270.436,-1.15133
270.813,-1.26800
271.190,-0.92217
271.567,-0.89300
271.943,-0.88800
272.320,-1.31717
272.697,-1.35050
273.074,-0.83633
273.450,-0.75967
273.827,-1.07550
274.204,-0.69217
274.580,-1.08383
274.957,-1.01383
275.333,-0.84800
275.709,-1.24467
276.086,-1.41300
276.462,-1.49133
276.838,-1.47217
277.214,-1.29967
277.591,-0.75883
277.967,-0.85383
278.343,-1.45133
278.719,-1.34300
279.095,-1.32550
279.471,-0.80883
279.847,-1.17133
280.223,-1.63883
280.599,-1.59467
280.975,-0.99633
281.351,-1.39217
281.726,-1.27133
282.102,-1.23383
282.478,-1.02800
282.853,-1.12383
283.229,-1.47050
283.604,-1.24217
283.980,-0.79300
284.355,-0.72967
284.731,-1.33133
285.106,-0.65967
285.482,-1.06383
285.857,-1.44883
286.232,-1.23800
286.607,-0.72967
286.983,-0.56050
287.358,-1.15467
287.733,-1.06300
288.108,-0.76300
288.483,-0.81467
288.858,-0.94717
289.233,-1.12967
289.608,-1.20217
289.983,-1.16050
290.358,-1.18383
290.732,-1.12217
291.107,-1.37133
291.482,-1.50683
291.856,-0.53017
292.231,-0.46767
292.606,-0.90217
292.980,-0.93550
293.355,-1.01300
293.729,-1.25550
294.104,-1.02383
294.478,-0.71383
294.852,-1.10467
295.227,-1.28383
295.601,-1.28883
295.975,-1.48883
296.349,-0.92633
296.723,-0.95467
297.098,-0.73850
297.472,-0.51467
297.846,-0.77800
298.219,-0.39050
298.594,-0.98967
298.967,-0.99967
299.341,-1.39633
299.715,-1.31383
300.089,-1.06800
300.463,-1.00883
300.836,-0.93050
301.210,-1.25967
301.584,-0.92550
301.957,-1.26550
302.331,-1.24300
302.704,-1.21050
303.077,-0.95467
303.451,-1.16050
303.824,-1.16883
304.198,-1.17217
304.571,-0.71467
304.944,-0.93383
305.317,-0.77217
305.691,-0.55300
306.064,-0.67967
306.437,-0.23133
306.810,0.23283
307.183,0.10283
307.556,-0.20967
307.929,-0.60133
308.302,-0.45467
308.674,-0.46633
309.047,-0.54300
309.420,-0.64300
309.793,-0.77133
310.165,-0.66883
310.538,-0.87550
310.911,-0.88383
311.283,-1.03217
311.656,-0.82467
312.028,-0.91550
312.401,-0.84217
312.773,-0.88383
313.145,-0.52967
313.518,-0.63800
313.890,-0.72550
314.262,-0.59300
314.634,-0.45050
315.006,-0.51717
315.378,-0.25883
315.751,-0.39217
316.123,-0.51800
316.495,-0.37217
316.866,-0.76800
317.238,-0.83383
317.610,-0.65883
317.982,-0.93467
318.354,-0.34217
318.726,-0.72967
319.097,-0.42550
319.469,-0.04717
319.841,-0.38217
320.212,-0.63050
320.584,-0.68050
320.955,-0.48800
321.327,-0.30967
321.698,-0.55050
322.069,-0.80050
322.441,-1.11300
322.812,-1.03050
323.183,-0.86383
323.555,-1.15633
323.926,-0.73050
324.297,-0.82550
324.668,-1.05050
325.039,-0.79300
325.410,-1.15550
325.781,-0.77850
326.152,-0.64633
326.523,-0.46150
326.894,-0.53067
327.264,-0.69083
327.635,-0.69800
328.006,-0.70967
328.376,-0.35383
328.747,-0.19383
329.118,-0.78050
329.488,-0.55550
329.859,-0.60550
330.229,-0.31050
330.599,-0.34300
330.970,-0.40883
331.340,-0.47633
331.711,-0.66300
332.081,-0.44717
332.451,-0.40967
332.821,-0.25800
333.191,-0.83167
333.562,-0.94867
333.932,0.04867
334.301,-0.41717
334.671,-0.27967
335.041,-0.28800
335.411,-0.18467
335.781,-0.21633
336.151,-0.59050
336.521,-0.77967
336.890,-0.74633
337.260,-0.52300
337.630,-0.41050
337.999,-0.67300
338.369,-0.45217
338.738,-0.51633
339.108,-0.52633
339.477,-0.48633
339.847,-0.50967
340.216,-0.31300
340.586,-0.52300
340.955,-0.68300
341.324,-0.46300
341.693,0.13033
342.062,0.42367
342.431,0.13617
342.800,-0.33383
343.170,-0.47967
343.538,-0.19300
343.907,-0.19050
344.276,-0.49633
344.645,-0.48633
345.014,-0.70467
345.383,-0.45717
345.752,-0.18800
346.120,-0.19050
346.489,0.22617
346.858,0.38700
347.226,0.18367
347.595,0.15533
347.963,0.07450
348.332,-0.19633
348.700,-0.28050
349.068,-0.18967
349.437,-0.45217
349.805,-0.20883
350.173,0.34450
350.541,0.42950
350.909,0.26950
351.278,-0.08467
351.646,-0.14883
352.014,0.28283
352.382,0.15367
352.750,0.14117
353.118,-0.00633
353.485,0.19367
353.853,0.10283
354.221,0.05200
354.589,0.14033
354.957,0.24533
355.324,0.37450
355.692,0.19533
356.059,0.00950
356.427,0.37700
356.794,0.02367
357.162,0.24033
357.529,0.15783
357.897,0.29700
358.264,0.50033
358.631,0.62533
358.998,0.50867
359.366,0.31950
359.733,0.26033
360.100,0.47367
360.467,0.32700
360.834,0.56950
361.201,0.96200
361.568,1.29533
361.935,1.39367
362.302,1.09950
362.669,1.12283
363.035,1.19450
363.402,1.50367
363.769,1.60950
364.135,1.46617
364.502,1.52283
364.869,1.39033
365.235,1.60200
365.602,1.38533
365.968,1.13700
366.335,1.29533
366.701,1.57283
367.067,1.66283
367.434,1.79033
367.800,1.31617
368.166,1.35867
368.532,1.76200
368.898,1.89950
369.264,1.57367
369.630,1.48200
369.996,1.54117
370.362,1.35283
370.728,1.59283
371.094,1.23283
371.460,1.19533
371.826,1.09867
372.192,1.21200
372.557,1.00617
372.923,1.15783
373.288,0.94283
373.654,1.62867
374.020,1.69617
374.385,1.46783
374.751,1.66700
375.116,1.62450
375.481,1.52200
375.847,1.54533
376.212,1.69867
376.577,1.67283
376.942,1.82700
377.308,1.89283
377.673,1.67783
378.038,1.82617
378.403,2.27700
378.768,2.35367
379.133,2.31200
379.498,2.56200
379.863,2.52617
380.227,2.54117
380.592,2.34867
380.957,2.49950
381.322,2.60867
381.686,2.76533
382.051,2.94033
382.415,2.54450
382.780,2.28700
383.144,2.01950
383.509,1.78617
383.873,1.82283
384.238,1.81117
384.602,1.71533
384.966,1.00783
385.330,1.21200
385.695,1.50367
386.059,1.58700
386.423,1.59700
386.787,1.66783
387.151,1.04200
387.515,1.51200
387.879,1.25617
388.243,1.30700
388.607,1.51617
388.971,1.47783
389.334,1.54867
389.698,1.48533
390.062,1.46450
390.425,1.24867
390.789,1.05450
391.153,1.65033
391.516,1.63617
391.880,1.86367
392.243,1.95783
392.606,2.03283
392.970,2.12283
393.333,2.69450
393.697,2.63283
394.060,2.22867
394.423,1.96117
394.786,1.81950
395.149,1.85783
395.512,1.58117
395.875,1.87033
396.238,1.73617
396.601,1.95533
396.964,2.18450
397.327,2.50783
397.690,2.22867
398.053,1.75283
398.415,1.74867
398.778,2.05617
399.140,2.32617
399.503,2.13117
399.866,1.88367
400.228,2.33117
400.591,2.07783
400.953,1.99783
401.315,1.75783
401.678,2.29867
402.040,1.91033
402.402,1.78283
402.765,2.26033
403.127,1.98867
403.489,2.28117
403.851,2.63033
404.213,2.86200
404.575,2.80783
404.937,2.27783
405.299,2.59867
405.661,2.67700
406.023,2.30450
406.385,2.12200
406.746,0.97733
407.108,0.60450
407.470,1.19117
407.831,1.20033
408.193,1.24783
408.554,1.77950
408.916,1.64867
409.277,1.68867
409.639,1.34533
410.000,1.59783
410.361,1.77033
410.723,1.30283
411.084,1.26033
411.445,1.54533
411.806,1.90367
412.168,1.81033
412.529,1.53700
412.890,2.16533
413.251,1.81867
413.612,1.62367
413.973,1.33017
414.333,1.65367
414.694,1.68700
415.055,2.11033
415.416,1.84950
415.776,2.08700
416.137,2.18283
416.498,2.19533
416.858,2.07450
417.219,2.04033
417.579,2.00450
417.940,2.05200
418.300,1.76533
418.660,1.99950
419.021,1.58700
419.381,1.58617
419.741,1.40700
420.101,1.83533
420.462,2.28200
420.822,2.11533
421.182,1.80700
421.542,1.89033
421.902,2.17283
422.262,2.30200
422.622,1.81867
422.981,0.68533
423.341,0.56450
423.701,1.21617
424.061,1.32700
424.420,1.60283
424.780,1.77033
425.140,1.59533
425.499,1.04950
425.859,1.25783
426.218,1.52700
426.577,1.68033
426.937,1.77117
427.296,1.50950
427.656,0.45950
428.015,0.82200
428.374,1.25117
428.733,1.58617
429.092,1.19450
429.451,1.48283
429.810,1.43533
430.169,1.16950
430.528,1.05783
430.887,1.34950
431.246,1.63617
431.605,1.53033
431.964,1.52033
432.322,1.66867
432.681,1.07700
433.040,0.99533
433.398,1.08700
433.757,1.37783
434.115,0.89783
434.474,0.93033
434.832,0.93617
435.191,1.15783
435.549,0.50283
435.908,1.22033
436.266,0.96033
436.624,1.48367
436.982,1.29033
437.340,1.51617
437.698,1.13033
438.056,1.60533
438.414,1.62783
438.772,1.96950
439.130,2.07283
439.488,1.70367
439.846,1.87033
440.204,1.45700
440.562,1.72117
440.919,1.52033
441.277,1.86200
441.635,1.69283
441.992,1.55033
442.350,2.02283
442.707,2.64533
443.065,2.24533
443.422,2.06117
443.779,1.49533
444.137,1.68700
444.494,1.42950
444.851,0.99950
445.209,1.28617
445.566,1.91783
445.923,1.76617
446.280,1.32450
446.637,1.35533
446.994,1.73617
447.351,1.57867
447.708,1.54450
448.065,1.41200
448.421,0.98200
448.778,1.39783
449.135,1.76783
449.492,1.44033
449.848,1.20617
450.205,1.01033
450.561,1.12117
450.918,1.16950
451.274,0.91700
451.631,1.09700
451.987,1.34033
452.344,1.28450
452.700,0.70700
453.056,1.02783
453.412,1.13283
453.768,1.18283
454.125,1.09283
454.481,1.15367
454.837,1.20117
455.193,0.69283
455.549,0.55617
455.904,0.40783
456.260,0.73117
456.616,1.07283
456.972,0.76617
457.328,0.45700
457.683,0.68700
458.039,0.62450
458.395,1.10367
458.750,3.49117
459.106,9.54617
459.461,20.70783
459.817,35.47617
460.172,36.42450
460.527,36.42450
460.883,35.71200
461.238,26.67617
461.593,18.61783
461.948,12.97783
462.303,8.36117
462.659,4.83200
463.014,2.72867
463.369,2.19700
463.724,1.81283
464.079,1.39533
464.433,0.94867
464.788,1.00200
465.143,0.49033
465.498,0.40200
465.852,0.77700
466.207,0.77700
466.562,1.04117
466.916,0.95950
467.271,1.11200
467.625,1.20950
467.980,1.05283
468.334,1.09200
468.688,1.28950
469.043,1.02033
469.397,0.88950
469.751,0.46450
470.106,0.86867
470.460,1.06367
470.814,1.29367
471.168,1.27450
471.522,1.12867
471.876,0.80783
472.230,1.26117
472.584,1.39950
472.937,1.19783
473.291,0.84700
473.645,0.86450
473.999,1.12283
474.352,1.21617
474.706,1.11617
475.060,0.77367
475.413,1.35117
475.767,0.72450
476.120,0.62450
476.473,0.64867
476.827,0.96700
477.180,0.99783
477.533,0.62367
477.887,0.88533
478.240,1.12700
478.593,1.19533
478.946,1.21283
479.299,0.99450
479.652,0.95283
480.005,1.04950
480.358,1.03033
480.711,0.72533
481.064,0.71700
481.416,0.84617
481.769,1.13450
482.122,1.12367
482.474,1.01450
482.827,1.24283
483.180,1.15033
483.532,1.12700
483.885,1.19783
484.237,0.84200
484.589,0.81117
484.942,0.90700
485.294,0.93700
485.647,1.12867
485.999,1.12283
486.351,1.18700
486.703,1.30617
487.055,0.77867
487.407,0.23450
487.759,0.56533
488.111,0.92283
488.463,0.43700
488.815,0.18117
489.167,0.11117
489.519,0.57450
489.870,0.91617
490.222,0.53200
490.574,0.72367
490.925,0.66950
491.277,0.58700
491.628,-0.03967
491.980,0.55033
492.331,0.56450
492.683,0.46033
493.034,0.55367
493.385,0.46450
493.737,0.63617
494.088,0.53700
494.439,0.55200
494.790,0.51200
495.141,0.57033
495.492,0.84950
495.843,0.61533
496.194,0.45783
496.545,0.67867
496.896,0.35283
497.247,0.47367
497.598,0.65783
497.948,0.74367
498.299,0.65367
498.650,0.87033
499.000,0.61450
499.351,1.26533
499.702,1.17450
500.052,1.21617
500.402,0.95367
500.753,0.74700
501.103,0.89450
501.454,1.32867
501.804,1.39283
502.154,0.65283
502.504,1.08450
502.854,1.40283
503.204,0.18117
503.554,0.22783
503.904,0.80700
504.254,0.99450
504.604,0.65283
504.954,0.47867
505.304,0.78533
505.654,0.85950
506.003,0.88867
506.353,1.33867
506.703,1.68450
507.052,1.27450
507.402,1.29033
507.751,0.76867
508.101,0.93950
508.450,0.98200
508.800,1.40283
509.149,0.85367
509.498,1.42617
509.848,1.41033
510.197,1.13117
510.546,1.13200
510.895,1.13033
511.244,1.52033
511.593,1.46983
511.942,0.06900
512.291,-0.15900
512.640,0.46450
512.989,0.68950
513.338,1.21867
513.687,1.02367
514.035,0.36950
514.384,0.40700
514.732,1.07200
515.081,1.28783
515.430,1.05617
515.778,0.83617
516.127,1.06700
516.475,0.98617
516.823,0.60117
517.172,0.93783
517.520,1.13117
517.868,1.42783
518.216,1.18283
518.565,0.82117
518.913,0.67450
519.261,0.61117
519.609,1.09617
519.957,1.14033
520.305,1.10367
520.653,1.37033
521.000,1.42867
521.348,0.78700
521.696,1.69033
522.044,1.22033
522.391,1.06200
522.739,0.97617
523.087,1.15700
523.434,1.28700
523.782,1.88700
524.129,1.24117
524.476,1.16117
524.824,1.18283
525.171,1.14367
525.518,1.05283
525.865,0.86950
526.213,0.71950
526.560,-0.35467
526.907,-0.24717
527.254,0.67450
527.601,0.56617
527.948,0.51950
528.295,0.71200
528.642,0.91950
528.989,0.83533
529.335,1.26950
529.682,0.90367
530.029,0.57867
530.375,0.81200
530.722,1.02867
531.069,0.91117
531.415,0.89117
531.761,1.21950
532.108,1.09450
532.454,0.97783
532.801,0.76700
533.147,1.26617
533.493,1.02867
533.839,1.42867
534.186,1.26617
534.532,1.24533
534.878,1.06617
535.224,0.82450
535.570,0.65283
535.916,1.33867
536.262,1.16533
536.607,1.33200
536.953,1.36867
537.299,0.91450
537.645,0.95700
537.990,0.94533
538.336,1.23700
538.682,1.33617
539.027,0.99283
539.373,0.81700
539.718,0.64367
540.063,0.90283
540.409,0.82033
540.754,0.69950
541.100,1.39117
541.445,1.72950
541.790,1.47033
542.135,0.78367
542.480,0.82367
542.825,1.06033
543.170,0.94867
543.515,0.88200
543.860,0.80367
544.205,0.92783
544.550,0.51367
544.894,0.57117
545.239,0.80367
545.584,0.51950
545.929,0.36867
546.273,0.55950
546.618,0.70700
546.962,0.95117
547.307,1.02950
547.651,0.77450
547.995,1.22033
548.340,1.42867
548.684,1.31617
549.028,1.54950
549.373,0.23783
549.717,0.59267
550.061,1.06117
550.405,1.39950
550.749,1.62033
551.093,1.53700
551.437,1.67033
551.781,1.70033
552.125,1.53283
552.468,1.22367
552.812,1.20950
553.156,1.74450
553.500,1.94200
553.843,1.81117
554.187,1.50617
554.530,1.35367
554.874,1.59450
555.217,1.77533
555.561,1.11700
555.904,1.21783
556.247,1.11450
556.591,1.09950
556.934,1.46117
557.277,1.53450
557.620,1.60117
557.963,1.41033
558.306,1.26200
558.649,1.33700
558.992,1.72200
559.335,0.73533
559.678,1.34867
560.021,1.47950
560.364,1.29283
560.706,1.22867
561.049,1.20283
561.391,1.09617
561.734,0.83867
562.077,1.25283
562.419,0.98700
562.762,1.08700
563.104,0.86117
563.446,1.08950
563.789,0.72617
564.131,1.08533
564.473,1.66950
564.816,1.15283
565.158,1.67450
565.500,1.29783
565.842,1.29867
566.184,0.99117
566.526,1.19533
566.868,1.56450
567.210,1.43617
567.551,1.43283
567.893,1.63783
568.235,1.33283
568.577,0.99617
568.918,1.09867
569.260,1.11533
569.601,1.21950
569.943,1.44200
570.284,1.58950
570.626,1.15200
570.967,0.42950
571.308,0.61700
571.650,0.61200
571.991,1.09117
572.332,1.08700
572.673,0.26633
573.014,0.46900
573.356,1.16450
573.697,1.37283
574.038,1.27533
574.379,1.46033
574.719,1.48533
575.060,1.34867
575.401,1.34700
575.742,1.57033
576.082,1.61617
576.423,1.47867
576.764,1.70283
577.104,1.49367
577.445,1.86533
577.785,2.01867
578.126,1.95617
578.466,2.26783
578.807,2.13033
579.147,2.04117
579.487,2.04867
579.827,2.39283
580.167,2.62617
580.508,2.77450
580.848,3.29283
581.188,3.14950
581.528,3.07367
581.868,2.17267
582.207,2.48617
582.547,2.48867
582.887,2.31200
583.227,2.86533
583.567,3.03950
583.906,3.41533
584.246,4.08607
584.585,4.11962
584.925,4.41705
585.264,5.07653
585.604,5.30661
585.943,5.93290
586.283,6.57071
586.622,6.87366
586.961,6.84314
587.300,7.09320
587.640,7.65351
587.979,8.21949
588.318,8.00433
588.657,8.94173
588.996,9.07160
589.335,9.59856
589.674,10.04137
590.013,10.49458
590.351,11.07653
590.690,11.63348
591.029,11.72591
591.367,12.50543
591.706,12.37595
592.045,13.03209
592.383,13.56834
592.722,13.75373
593.060,12.07372
593.399,11.60195
593.737,11.16320
594.075,10.70783
594.413,10.81700
594.752,10.42867
595.090,10.26700
595.428,10.47867
595.766,10.87450
596.104,11.07783
596.442,11.60033
596.780,11.48533
597.118,12.20117
597.456,12.43700
597.794,12.46617
598.131,12.59867
598.469,13.55283
598.807,14.68950
599.144,15.27450
599.482,16.05200
599.819,18.94033
600.157,23.98700
600.494,32.71617
600.832,48.58617
601.169,75.86450
601.506,112.47367
601.844,159.96200
602.181,216.98867
602.518,282.90367
602.855,339.94450
603.192,391.89033
603.529,439.18867
603.866,490.89033
604.203,545.46950
604.540,598.53367
604.877,660.47617
605.214,670.14700
605.551,670.14700
605.887,670.21367
606.224,630.43283
606.561,586.17783
606.897,545.13533
607.234,489.76200
607.570,452.88283
607.907,398.92367
608.243,354.87033
608.580,312.61950
608.916,189.29950
609.252,74.48250
609.588,189.29950
609.924,128.06783
610.260,128.06783
610.597,101.31200
610.933,76.60117
611.269,58.44867
611.605,45.17033
611.941,35.34950
612.276,29.14533
612.612,24.48117
612.948,22.79033
613.284,17.71533
613.619,15.82867
613.955,16.34867
614.290,13.42283
614.626,10.90700
614.962,3.15533
615.297,3.47567
615.632,3.94567
615.968,10.42867
616.303,11.43950
616.638,11.76117
616.973,11.79783
617.309,12.52367
617.644,12.80033
617.979,13.28117
618.314,13.82533
618.649,14.79783
618.984,15.79117
619.319,16.24117
619.653,16.62033
619.988,16.01117
620.323,16.32283
620.658,15.60700
620.992,15.47783
621.327,15.06867
621.662,14.61950
621.996,14.44533
622.331,12.94683
622.665,13.35700
622.999,13.77617
623.334,14.02367
623.668,15.40450
624.002,15.94450
624.336,15.43283
624.671,16.32783
625.005,17.18367
625.339,17.48283
625.673,17.86700
626.007,18.15283
626.341,17.93283
626.675,17.99783
627.008,17.35367
627.342,17.82033
627.676,17.17450
628.010,16.80950
628.343,16.51033
628.677,14.58533
629.010,13.81617
629.344,14.19533
629.677,13.83533
630.011,12.39950
630.344,12.55117
630.678,12.17700
631.011,11.84783
631.344,11.63533
631.677,11.60200
632.010,11.52867
632.343,11.44367
632.677,11.23117
633.010,10.91450
633.342,11.27700
633.675,11.43200
634.008,11.56283
634.341,11.68367
634.674,11.20367
635.007,11.93617
635.339,12.31533
635.672,12.59283
636.005,12.62283
636.337,13.51117
636.670,13.60783
637.002,14.95033
637.334,15.50617
637.667,16.16617
637.999,17.08450
638.331,18.42867
638.664,19.30367
638.996,20.96867
639.328,21.52283
639.660,22.67617
639.992,23.49533
640.324,25.56617
640.656,25.89867
640.988,28.21283
641.320,30.01450
641.652,33.43700
641.983,35.53033
642.315,38.30700
642.647,42.04867
642.978,45.30867
643.310,50.03617
643.641,55.06533
643.973,58.59533
644.304,64.49617
644.636,69.81617
644.967,74.44117
645.298,80.61200
645.630,86.12033
645.961,89.77367
646.292,95.14867
646.623,100.66533
646.954,100.54200
647.285,101.80783
647.616,86.38900
647.947,39.41517
648.278,102.41200
648.609,96.22783
648.940,96.14950
649.270,88.35867
649.601,82.19617
649.932,76.91117
650.262,69.03617
650.593,62.24867
650.923,57.69117
651.254,52.74783
651.584,48.61367
651.915,47.62617
652.245,47.25450
652.575,35.57217
652.905,46.87783
653.236,47.17783
653.566,51.93700
653.896,55.24367
654.226,59.83283
654.556,62.79450
654.886,69.11117
655.216,76.25617
655.546,83.02700
655.875,90.29450
656.205,100.48700
656.535,108.33283
656.865,121.98283
657.194,134.35283
657.524,146.95367
657.853,161.10700
658.183,176.34117
658.512,189.85950
658.842,203.89867
659.171,218.22283
659.500,225.67950
659.830,229.58783
660.159,235.30283
660.488,235.74117
660.817,235.83283
661.146,234.53950
661.475,233.57617
661.804,85.12000
662.133,85.79333
662.462,85.89750
662.791,252.04867
663.120,258.63950
663.448,272.49283
663.777,285.79117
664.106,305.28617
664.434,319.51450
664.763,335.36117
665.091,351.68283
665.420,370.86200
665.748,392.99117
666.077,412.20033
666.405,435.35200
666.733,450.39867
667.062,470.50533
667.390,491.97533
667.718,508.28033
668.046,526.33533
668.374,540.94117
668.702,552.03283
669.030,574.15200
669.358,585.71783
669.686,590.84783
670.014,594.46450
670.341,594.67200
670.669,594.17700
670.997,586.55950
671.324,576.29700
671.652,559.96617
671.980,541.43700
672.307,513.94783
672.634,484.38533
672.962,454.61200
673.289,416.50950
673.616,377.19117
673.944,336.77867
674.271,303.94033
674.598,271.21117
674.925,245.61533
675.252,222.28283
675.579,207.48283
675.906,202.04783
676.233,196.46950
676.560,201.59783
676.887,73.48083
677.214,201.59783
677.540,242.84033
677.867,267.93200
678.194,292.99867
678.520,323.78283
678.847,362.49533
679.173,390.68700
679.500,426.59533
679.826,464.82533
680.153,497.62283
680.479,541.43700
680.805,583.33283
681.131,614.31033
681.458,650.56367
681.784,677.81200
682.110,677.81200
682.436,708.42617
682.762,269.47250
683.088,258.97833
683.414,701.42283
683.740,632.55617
684.065,632.55617
684.391,585.77867
684.717,542.10367
685.042,488.86200
685.368,425.39033
685.694,368.06617
686.019,313.85617
686.345,265.88283
686.670,213.11367
686.995,171.05867
687.321,138.40783
687.646,112.93283
687.971,93.07867
688.296,82.27867
688.622,69.28617
688.947,57.42783
689.272,51.90200
689.597,50.52450
689.922,49.75867
690.247,49.39283
690.572,44.41033
690.896,43.91450
691.221,43.94283
691.546,43.01117
691.870,42.05950
692.195,38.65350
692.520,40.71283
692.844,40.75283
693.169,41.22783
693.493,41.11950
693.817,40.35117
694.142,40.18533
694.466,38.87117
694.790,38.88283
695.115,37.89283
695.439,38.36283
695.763,36.02367
696.087,35.56367
696.411,34.09283
696.735,33.36950
697.059,32.85367
697.383,32.24867
697.707,31.01283
698.030,30.11200
698.354,30.03367
698.678,20.92367
699.001,17.96700
699.325,10.06333
699.648,11.75533
699.972,10.72700
700.295,13.49250
700.619,29.28783
700.942,30.11783
701.265,33.53200
701.589,33.94950
701.912,34.13033
702.235,36.11783
702.558,37.17783
702.881,38.33117
703.204,39.86200
703.527,40.76450
703.850,41.35700
704.173,41.53617
704.496,26.12500
704.819,32.15383
705.141,42.58283
705.464,42.49033
705.787,42.23450
706.109,42.30950
706.432,41.79200
706.754,40.66867
707.077,39.06533
707.399,32.62783
707.722,16.97233
708.044,31.27700
708.366,30.43533
708.688,30.30367
709.011,28.41117
709.333,25.37283
709.655,23.67283
709.977,22.05117
710.299,20.76450
710.621,17.32117
710.943,16.24950
711.264,14.68700
711.586,12.83867
711.908,12.21867
712.230,9.93283
712.551,8.94617
712.873,8.41533
713.194,7.78283
713.516,7.40283
713.837,6.88283
714.159,6.24117
714.480,5.51617
714.802,5.46200
715.123,5.21283
715.444,5.40950
715.765,5.12200
716.086,5.33617
716.407,5.13700
716.728,5.61783
717.049,5.42867
717.370,5.02867
717.691,4.74867
718.012,4.81200
718.333,4.97117
718.654,5.66617
718.974,5.08950
719.295,5.00533
719.615,4.67367
719.936,4.65783
720.257,4.56950
720.577,4.68533
720.898,4.40700
721.218,4.74617
721.538,4.18617
721.858,4.17867
722.179,4.18200
722.499,4.13033
722.819,4.11950
723.139,4.89700
723.459,4.94117
723.779,4.40700
724.099,4.56950
724.419,4.73533
724.739,4.58950
725.058,4.24783
725.378,4.21950
725.698,4.43617
726.018,4.96450
726.337,4.27700
726.657,4.30700
726.976,4.51200
727.296,4.50367
727.615,4.27617
727.934,4.53200
728.254,4.52450
728.573,4.43117
728.892,4.14033
729.212,4.30700
729.531,4.35617
729.850,4.06617
730.169,4.06117
730.488,3.55117
730.807,3.64783
731.125,3.95033
731.444,3.41117
731.763,3.19200
732.082,3.09700
732.401,3.48033
732.719,3.82033
733.038,3.63283
733.356,3.50783
733.675,3.00283
733.993,2.83200
734.312,3.19533
734.630,3.05617
734.948,1.96417
735.267,2.44283
735.585,2.13617
735.903,2.08533
736.221,2.13200
736.539,2.49700
736.857,1.61200
737.175,1.83533
737.493,1.96450
737.811,1.88950
738.129,2.30783
738.447,2.17367
738.764,2.03700
739.082,1.98283
739.400,1.94450
739.717,2.26200
740.035,1.86950
740.352,1.69700
740.670,1.60033
740.987,2.01283
741.305,1.85700
741.622,1.70783
741.939,2.16950
742.256,1.83200
742.574,1.91200
742.891,1.94450
743.208,1.78367
743.525,1.69117
743.842,1.86117
744.159,2.03450
744.476,2.23283
744.792,1.87617
745.109,1.71533
745.426,2.29533
745.743,2.09200
746.059,1.77533
746.376,2.23950
746.692,2.35533
747.009,2.69450
747.325,2.70283
747.642,2.94867
747.958,2.50867
748.274,1.96450
748.591,2.30867
748.907,2.68950
749.223,1.72100
749.539,2.22667
749.855,2.65700
750.171,2.68033
750.487,2.63950
750.803,2.69950
751.119,2.61533
751.435,2.52783
751.750,3.40283
752.066,3.58700
752.382,4.09533
752.697,4.27200
753.013,3.72867
753.328,4.12783
753.644,4.12450
753.959,4.14117
754.275,4.21283
754.590,4.31533
754.905,4.25200
755.221,4.48950
755.536,5.00700
755.851,5.63117
756.166,5.71200
756.481,6.16867
756.796,6.39783
757.111,6.58867
757.426,5.92783
757.741,6.35867
758.056,7.05617
758.370,7.05700
758.685,7.11117
759.000,8.24533
759.314,8.67783
759.629,9.13033
759.943,9.81950
760.258,10.59450
760.572,11.48283
760.887,11.34950
761.201,12.23024
761.515,12.50379
761.830,14.51622
762.144,16.54237
762.458,19.30978
762.772,22.59102
763.086,22.71007
763.400,22.49424
763.714,21.94496
764.028,21.67640
764.342,21.71814
764.655,21.76567
764.969,21.03209
765.283,21.45119
765.596,21.06276
765.910,21.07146
766.224,20.99628
766.537,20.93139
766.851,20.99535
767.164,21.03435
767.477,20.60898
767.791,20.87071
768.104,20.22355
768.417,20.36206
768.730,20.38083
769.043,20.04870
769.356,19.70941
769.669,19.54004
769.982,19.53618
770.295,19.58749
770.608,19.14714
770.921,19.23007
771.234,19.11958
771.547,19.17668
771.859,18.96929
772.172,18.88227
772.484,18.49889
772.797,18.51075
773.109,18.62296
773.422,18.68259
773.734,17.85001
774.047,14.40967
774.359,12.22053
774.671,10.30503
774.983,9.38849
775.295,8.32867
775.607,8.19117
775.919,7.40033
776.231,6.93867
776.543,6.13617
776.855,5.95367
777.167,5.62783
777.479,4.59117
777.791,4.29033
778.102,3.69450
778.414,3.78033
778.726,3.92450
779.037,3.83033
779.349,3.26367
779.660,3.40450
779.972,1.96550
780.283,1.82483
780.594,2.00117
780.906,2.32117
781.217,2.30117
781.528,2.43617
781.839,2.29533
782.150,1.92117
782.461,1.91033
782.772,1.68200
783.083,1.31117
783.394,1.09533
783.705,1.61867
784.016,1.60367
784.326,1.59033
784.637,1.46200
784.948,1.43617
785.258,1.07033
785.569,1.06117
785.879,1.28200
786.190,1.19367
786.500,0.67950
786.810,0.44867
787.121,0.54533
787.431,1.00533
787.741,0.52867
788.051,0.95283
788.361,1.30367
788.671,0.77367
788.981,0.95783
789.291,1.21367
789.601,1.13033
789.911,0.99867
790.221,1.23950
790.531,1.03867
790.840,0.46950
791.150,0.86867
791.460,1.14617
791.769,0.65617
792.079,0.69533
792.388,0.47950
792.698,0.34117
793.007,0.42033
793.316,0.39200
793.625,0.40117
793.935,0.12783
794.244,0.37617
794.553,0.31867
794.862,0.48950
795.171,0.84283
795.480,0.23617
795.789,0.18617
796.098,0.20200
796.407,0.21950
796.716,-0.33967
797.024,-0.23050
797.333,0.11117
797.641,-0.10550
797.950,0.06200
798.259,-0.00217
798.567,0.20033
798.875,0.02783
799.184,-0.08550
799.492,-0.24050
799.801,0.15117
800.109,0.12950
800.417,0.33033
800.725,-0.02800
801.033,-0.16300
801.341,-0.04050
801.649,-0.19967
801.957,-0.16550
802.265,-0.20217
802.573,-0.40133
802.881,-0.35967
803.188,0.24700
803.496,-0.13967
803.804,-0.39800
804.111,-0.30550
804.419,-0.23467
804.726,-0.23800
805.034,-0.55067
805.341,-0.63567
805.649,-0.70550
805.956,-0.15967
806.263,-0.15550
806.570,-0.34383
806.878,-0.70967
807.185,-0.39717
807.492,-0.72633
807.799,-0.68550
808.106,-0.38383
808.413,-0.21883
808.719,-0.43967
809.026,-0.67967
809.333,-0.80050
809.640,-0.60467
809.946,-0.98967
810.253,-0.97133
810.559,-1.02300
810.866,-0.80050
811.173,-0.61300
811.479,-0.90217
811.785,-0.34717
812.092,-0.67217
812.398,-0.66217
812.704,-0.89217
813.010,-0.72133
813.316,-0.52550
813.622,-0.25050
813.928,-0.80717
814.235,-0.72050
814.540,-0.16383
814.846,-0.05217
815.152,-0.21383
815.458,-0.17133
815.764,-0.25633
816.069,-0.44050
816.375,-0.44383
816.681,-0.66383
816.986,-0.65883
817.292,-0.26300
817.597,-0.29217
817.902,-0.51133
818.208,-0.62383
818.513,-0.60467
818.818,-0.35883
819.123,-0.39383
819.428,-0.46383
819.734,-0.50133
820.039,-0.48800
820.343,-1.13967
820.649,-1.07133
820.953,-0.92133
821.258,-0.99300
821.563,-1.08133
821.868,-1.12383
822.172,-1.16550
822.477,-0.96467
822.782,-0.88383
823.086,-0.70300
823.391,-0.86967
823.695,-1.12633
824.000,-1.18467
824.304,-0.68383
824.608,-0.81300
824.912,-0.31967
825.217,-0.62717
825.521,-0.70050
825.825,-0.42133
826.129,-0.38133
826.433,0.00950
826.737,-0.22883
827.041,-0.26717
827.345,-0.05467
827.648,0.09617
827.952,-0.46750
828.256,-0.07133
828.559,-0.22967
828.863,-0.18133
829.167,0.40200
829.470,-0.10883
829.774,-0.13133
830.077,0.11617
830.380,-0.76483
830.684,-0.55600
830.987,-0.55883
831.290,-0.43717
831.593,0.19533
831.896,-0.17217
832.199,-0.28883
832.502,-0.69050
832.805,-0.86717
833.108,-0.65883
833.411,-0.86883
833.714,-0.37633
834.017,-0.35383
834.319,-0.62467
834.622,-1.09883
834.925,-0.79717
835.227,-0.39800
835.530,-0.65133
835.832,-0.68550
836.135,-0.31717
836.437,-0.36383
836.739,-0.14383
837.042,0.06950
837.344,-0.25133
837.646,-0.83633
837.948,-1.01550
838.250,-1.25467
838.552,-0.86800
838.854,-0.56383
839.156,-0.81633
839.458,-0.80550
839.760,-0.61300
840.061,-0.64717
840.363,-1.00217
840.665,-0.85467
840.966,-0.81467
841.268,-1.15717
841.569,-1.04633
841.871,-1.04467
842.172,-0.97217
842.474,-0.81967
842.775,-0.99717
843.076,-1.14717
843.377,-1.41300
843.679,-1.12633
843.980,-0.52550
844.281,-0.89050
844.582,-1.20050
844.883,-1.28133
845.184,-1.09050
845.485,-0.68383
845.785,-0.54467
846.086,-0.71717
846.387,-0.76800
846.687,-1.32550
846.988,-0.82550
847.289,-0.55133
847.589,-0.82800
847.890,-0.28100
848.190,-0.68050
848.490,-0.51967
848.791,-0.76883
849.091,-0.78383
849.391,-0.74383
849.691,-0.63467
849.991,-0.67050
850.292,-0.63217
850.591,-0.73383
850.891,-0.63800
851.191,-1.35550
851.491,-1.47717
851.791,-1.51717
852.091,-1.33383
852.390,-1.13050
852.690,-1.02133
852.990,-0.59583
853.289,-0.99550
853.589,-1.16467
853.888,-1.34550
854.188,-1.25883
854.487,-1.04300
854.786,-0.93883
855.086,-0.51717
855.385,-0.76550
855.684,-0.85883
855.983,-1.16883
856.282,-1.36800
856.581,-1.10467
856.880,-0.78050
857.179,-0.53050
857.478,-0.48050
857.777,-0.63383
858.076,-1.46133
858.374,-1.26050
858.673,-1.42133
858.972,-1.22550
859.270,-0.99717
859.569,-1.18467
859.867,-0.77717
860.165,-0.79550
860.464,-0.88633
860.762,-0.89217
861.060,-0.92467
861.359,-0.99633
861.657,-1.44383
861.955,-1.37300
862.253,-0.78300
862.551,-0.53300
862.849,-1.01800
863.147,-1.11050
863.445,-1.13717
863.742,-1.00467
864.040,-1.09217
864.338,-1.34050
864.636,-1.00300
864.933,-1.03217
865.231,-1.18550
865.528,-1.50883
865.826,-1.65800
866.123,-1.58633
866.420,-1.24050
866.718,-0.88883
867.015,-1.16050
867.312,-1.09717
867.609,-0.86383
867.907,-1.15467
868.204,-0.90467
868.501,-0.87133
868.798,-0.51383
869.095,-1.17967
869.391,-1.21550
869.688,-1.28217
869.985,-1.09383
870.282,-1.18217
870.578,-1.46467
870.875,-1.11217
871.171,-0.82967
871.468,-1.05467
871.764,-0.72550
872.061,-0.56383
872.357,-0.41167
872.653,-1.08967
872.950,-0.82550
873.246,-0.78883
873.542,-0.99217
873.838,-0.67217
874.134,-1.07967
874.430,-1.08050
874.726,-1.38800
875.022,-1.02633
875.318,-1.15467
875.614,-1.08383
875.909,-0.83050
876.205,-1.06717
876.501,-1.31300
876.796,-1.52217
877.092,-1.23800
